"forecast_date","target","target_end_date","location","type","quantile","value"
2023-05-15,"1 wk ahead inc flu hosp",2023-05-20,"01","quantile",0.01,3.09030443807927
2023-05-15,"1 wk ahead inc flu hosp",2023-05-20,"01","quantile",0.025,3.90091654156381
2023-05-15,"1 wk ahead inc flu hosp",2023-05-20,"01","quantile",0.05,5.05543880782609
2023-05-15,"1 wk ahead inc flu hosp",2023-05-20,"01","quantile",0.1,6.2902752019454
2023-05-15,"1 wk ahead inc flu hosp",2023-05-20,"01","quantile",0.15,7.5131256480132
2023-05-15,"1 wk ahead inc flu hosp",2023-05-20,"01","quantile",0.2,8.97573332510531
2023-05-15,"1 wk ahead inc flu hosp",2023-05-20,"01","quantile",0.25,10.002712257122
2023-05-15,"1 wk ahead inc flu hosp",2023-05-20,"01","quantile",0.3,11.1092298667155
2023-05-15,"1 wk ahead inc flu hosp",2023-05-20,"01","quantile",0.35,12.0403317226323
2023-05-15,"1 wk ahead inc flu hosp",2023-05-20,"01","quantile",0.4,13.2096193834841
2023-05-15,"1 wk ahead inc flu hosp",2023-05-20,"01","quantile",0.45,14.2913487959194
2023-05-15,"1 wk ahead inc flu hosp",2023-05-20,"01","quantile",0.5,15.4994324524011
2023-05-15,"1 wk ahead inc flu hosp",2023-05-20,"01","quantile",0.55,16.804156966125
2023-05-15,"1 wk ahead inc flu hosp",2023-05-20,"01","quantile",0.6,17.9747301174833
2023-05-15,"1 wk ahead inc flu hosp",2023-05-20,"01","quantile",0.65,19.1600660505299
2023-05-15,"1 wk ahead inc flu hosp",2023-05-20,"01","quantile",0.7,21.0326820390236
2023-05-15,"1 wk ahead inc flu hosp",2023-05-20,"01","quantile",0.75,22.5528440275191
2023-05-15,"1 wk ahead inc flu hosp",2023-05-20,"01","quantile",0.8,24.1197301274195
2023-05-15,"1 wk ahead inc flu hosp",2023-05-20,"01","quantile",0.85,26.449248332021
2023-05-15,"1 wk ahead inc flu hosp",2023-05-20,"01","quantile",0.9,30.1843112983267
2023-05-15,"1 wk ahead inc flu hosp",2023-05-20,"01","quantile",0.95,34.4921745187762
2023-05-15,"1 wk ahead inc flu hosp",2023-05-20,"01","quantile",0.975,38.6923884346798
2023-05-15,"1 wk ahead inc flu hosp",2023-05-20,"01","quantile",0.99,44.9987537729071
2023-05-15,"2 wk ahead inc flu hosp",2023-05-27,"01","quantile",0.01,2.26115858049368
2023-05-15,"2 wk ahead inc flu hosp",2023-05-27,"01","quantile",0.025,2.81607643954732
2023-05-15,"2 wk ahead inc flu hosp",2023-05-27,"01","quantile",0.05,3.51685342616184
2023-05-15,"2 wk ahead inc flu hosp",2023-05-27,"01","quantile",0.1,4.5632846207991
2023-05-15,"2 wk ahead inc flu hosp",2023-05-27,"01","quantile",0.15,5.5463398637619
2023-05-15,"2 wk ahead inc flu hosp",2023-05-27,"01","quantile",0.2,6.78934510795271
2023-05-15,"2 wk ahead inc flu hosp",2023-05-27,"01","quantile",0.25,8.09840020104108
2023-05-15,"2 wk ahead inc flu hosp",2023-05-27,"01","quantile",0.3,9.39689494860091
2023-05-15,"2 wk ahead inc flu hosp",2023-05-27,"01","quantile",0.35,10.863470163783
2023-05-15,"2 wk ahead inc flu hosp",2023-05-27,"01","quantile",0.4,12.6866495990253
2023-05-15,"2 wk ahead inc flu hosp",2023-05-27,"01","quantile",0.45,14.2564440087355
2023-05-15,"2 wk ahead inc flu hosp",2023-05-27,"01","quantile",0.5,15.915611092929
2023-05-15,"2 wk ahead inc flu hosp",2023-05-27,"01","quantile",0.55,17.6674200006032
2023-05-15,"2 wk ahead inc flu hosp",2023-05-27,"01","quantile",0.6,19.0575796347596
2023-05-15,"2 wk ahead inc flu hosp",2023-05-27,"01","quantile",0.65,20.9200755909151
2023-05-15,"2 wk ahead inc flu hosp",2023-05-27,"01","quantile",0.7,23.0838662336453
2023-05-15,"2 wk ahead inc flu hosp",2023-05-27,"01","quantile",0.75,25.8001406678652
2023-05-15,"2 wk ahead inc flu hosp",2023-05-27,"01","quantile",0.8,28.2859737027114
2023-05-15,"2 wk ahead inc flu hosp",2023-05-27,"01","quantile",0.85,31.349265156853
2023-05-15,"2 wk ahead inc flu hosp",2023-05-27,"01","quantile",0.9,36.1056124960831
2023-05-15,"2 wk ahead inc flu hosp",2023-05-27,"01","quantile",0.95,42.7645094772273
2023-05-15,"2 wk ahead inc flu hosp",2023-05-27,"01","quantile",0.975,49.4300263461429
2023-05-15,"2 wk ahead inc flu hosp",2023-05-27,"01","quantile",0.99,59.016553339937
2023-05-15,"3 wk ahead inc flu hosp",2023-06-03,"01","quantile",0.01,2.40503488365232
2023-05-15,"3 wk ahead inc flu hosp",2023-06-03,"01","quantile",0.025,2.81338128883953
2023-05-15,"3 wk ahead inc flu hosp",2023-06-03,"01","quantile",0.05,3.50918162287469
2023-05-15,"3 wk ahead inc flu hosp",2023-06-03,"01","quantile",0.1,4.36416193657359
2023-05-15,"3 wk ahead inc flu hosp",2023-06-03,"01","quantile",0.15,5.32124402335245
2023-05-15,"3 wk ahead inc flu hosp",2023-06-03,"01","quantile",0.2,6.76325173816431
2023-05-15,"3 wk ahead inc flu hosp",2023-06-03,"01","quantile",0.25,7.64776233286237
2023-05-15,"3 wk ahead inc flu hosp",2023-06-03,"01","quantile",0.3,9.42387411812487
2023-05-15,"3 wk ahead inc flu hosp",2023-06-03,"01","quantile",0.35,10.7969293945758
2023-05-15,"3 wk ahead inc flu hosp",2023-06-03,"01","quantile",0.4,12.4884587584958
2023-05-15,"3 wk ahead inc flu hosp",2023-06-03,"01","quantile",0.45,14.3342390961005
2023-05-15,"3 wk ahead inc flu hosp",2023-06-03,"01","quantile",0.5,15.798213546398
2023-05-15,"3 wk ahead inc flu hosp",2023-06-03,"01","quantile",0.55,17.8135765759406
2023-05-15,"3 wk ahead inc flu hosp",2023-06-03,"01","quantile",0.6,20.1269879836839
2023-05-15,"3 wk ahead inc flu hosp",2023-06-03,"01","quantile",0.65,22.0814221452783
2023-05-15,"3 wk ahead inc flu hosp",2023-06-03,"01","quantile",0.7,24.582636871681
2023-05-15,"3 wk ahead inc flu hosp",2023-06-03,"01","quantile",0.75,26.7946726860878
2023-05-15,"3 wk ahead inc flu hosp",2023-06-03,"01","quantile",0.8,29.8271390831452
2023-05-15,"3 wk ahead inc flu hosp",2023-06-03,"01","quantile",0.85,33.8740602297767
2023-05-15,"3 wk ahead inc flu hosp",2023-06-03,"01","quantile",0.9,38.6763157269959
2023-05-15,"3 wk ahead inc flu hosp",2023-06-03,"01","quantile",0.95,49.9358800942104
2023-05-15,"3 wk ahead inc flu hosp",2023-06-03,"01","quantile",0.975,56.9638936280821
2023-05-15,"3 wk ahead inc flu hosp",2023-06-03,"01","quantile",0.99,69.9294367146055
2023-05-15,"4 wk ahead inc flu hosp",2023-06-10,"01","quantile",0.01,2.105286022166
2023-05-15,"4 wk ahead inc flu hosp",2023-06-10,"01","quantile",0.025,2.77630288254279
2023-05-15,"4 wk ahead inc flu hosp",2023-06-10,"01","quantile",0.05,3.42143162750163
2023-05-15,"4 wk ahead inc flu hosp",2023-06-10,"01","quantile",0.1,4.33419827310531
2023-05-15,"4 wk ahead inc flu hosp",2023-06-10,"01","quantile",0.15,5.07964083285008
2023-05-15,"4 wk ahead inc flu hosp",2023-06-10,"01","quantile",0.2,6.2579042339755
2023-05-15,"4 wk ahead inc flu hosp",2023-06-10,"01","quantile",0.25,7.17404845641537
2023-05-15,"4 wk ahead inc flu hosp",2023-06-10,"01","quantile",0.3,8.3684892730959
2023-05-15,"4 wk ahead inc flu hosp",2023-06-10,"01","quantile",0.35,9.40989614364849
2023-05-15,"4 wk ahead inc flu hosp",2023-06-10,"01","quantile",0.4,11.3051231126447
2023-05-15,"4 wk ahead inc flu hosp",2023-06-10,"01","quantile",0.45,13.4337656051764
2023-05-15,"4 wk ahead inc flu hosp",2023-06-10,"01","quantile",0.5,16.620271847672
2023-05-15,"4 wk ahead inc flu hosp",2023-06-10,"01","quantile",0.55,18.5694912972679
2023-05-15,"4 wk ahead inc flu hosp",2023-06-10,"01","quantile",0.6,21.4027449260321
2023-05-15,"4 wk ahead inc flu hosp",2023-06-10,"01","quantile",0.65,24.2304064876005
2023-05-15,"4 wk ahead inc flu hosp",2023-06-10,"01","quantile",0.7,27.2226124670459
2023-05-15,"4 wk ahead inc flu hosp",2023-06-10,"01","quantile",0.75,30.7038580545198
2023-05-15,"4 wk ahead inc flu hosp",2023-06-10,"01","quantile",0.8,33.8562099090184
2023-05-15,"4 wk ahead inc flu hosp",2023-06-10,"01","quantile",0.85,38.1950658723097
2023-05-15,"4 wk ahead inc flu hosp",2023-06-10,"01","quantile",0.9,44.2672548657367
2023-05-15,"4 wk ahead inc flu hosp",2023-06-10,"01","quantile",0.95,61.3380296425183
2023-05-15,"4 wk ahead inc flu hosp",2023-06-10,"01","quantile",0.975,72.5033921666275
2023-05-15,"4 wk ahead inc flu hosp",2023-06-10,"01","quantile",0.99,91.7119418866009
2023-05-15,"1 wk ahead inc flu hosp",2023-05-20,"02","quantile",0.01,0.0607728717692731
2023-05-15,"1 wk ahead inc flu hosp",2023-05-20,"02","quantile",0.025,0.0660773964580938
2023-05-15,"1 wk ahead inc flu hosp",2023-05-20,"02","quantile",0.05,0.0736450577394084
2023-05-15,"1 wk ahead inc flu hosp",2023-05-20,"02","quantile",0.1,0.117497031263677
2023-05-15,"1 wk ahead inc flu hosp",2023-05-20,"02","quantile",0.15,0.17960635438361
2023-05-15,"1 wk ahead inc flu hosp",2023-05-20,"02","quantile",0.2,0.274904549874961
2023-05-15,"1 wk ahead inc flu hosp",2023-05-20,"02","quantile",0.25,0.307035426403583
2023-05-15,"1 wk ahead inc flu hosp",2023-05-20,"02","quantile",0.3,0.35306069410747
2023-05-15,"1 wk ahead inc flu hosp",2023-05-20,"02","quantile",0.35,0.639014318122366
2023-05-15,"1 wk ahead inc flu hosp",2023-05-20,"02","quantile",0.4,0.771460942448787
2023-05-15,"1 wk ahead inc flu hosp",2023-05-20,"02","quantile",0.45,0.961000392996245
2023-05-15,"1 wk ahead inc flu hosp",2023-05-20,"02","quantile",0.5,1.260858491593
2023-05-15,"1 wk ahead inc flu hosp",2023-05-20,"02","quantile",0.55,1.57474040871256
2023-05-15,"1 wk ahead inc flu hosp",2023-05-20,"02","quantile",0.6,1.87833689591348
2023-05-15,"1 wk ahead inc flu hosp",2023-05-20,"02","quantile",0.65,2.42384412144994
2023-05-15,"1 wk ahead inc flu hosp",2023-05-20,"02","quantile",0.7,3.19321970901023
2023-05-15,"1 wk ahead inc flu hosp",2023-05-20,"02","quantile",0.75,3.83458020318005
2023-05-15,"1 wk ahead inc flu hosp",2023-05-20,"02","quantile",0.8,4.50864031005531
2023-05-15,"1 wk ahead inc flu hosp",2023-05-20,"02","quantile",0.85,5.71957701767944
2023-05-15,"1 wk ahead inc flu hosp",2023-05-20,"02","quantile",0.9,6.9892782705733
2023-05-15,"1 wk ahead inc flu hosp",2023-05-20,"02","quantile",0.95,9.08526645370502
2023-05-15,"1 wk ahead inc flu hosp",2023-05-20,"02","quantile",0.975,11.1606215889888
2023-05-15,"1 wk ahead inc flu hosp",2023-05-20,"02","quantile",0.99,12.7413945813636
2023-05-15,"2 wk ahead inc flu hosp",2023-05-27,"02","quantile",0.01,0.0933459156395306
2023-05-15,"2 wk ahead inc flu hosp",2023-05-27,"02","quantile",0.025,0.117820398509509
2023-05-15,"2 wk ahead inc flu hosp",2023-05-27,"02","quantile",0.05,0.14283613508343
2023-05-15,"2 wk ahead inc flu hosp",2023-05-27,"02","quantile",0.1,0.184147854834539
2023-05-15,"2 wk ahead inc flu hosp",2023-05-27,"02","quantile",0.15,0.238778140595252
2023-05-15,"2 wk ahead inc flu hosp",2023-05-27,"02","quantile",0.2,0.339398662194103
2023-05-15,"2 wk ahead inc flu hosp",2023-05-27,"02","quantile",0.25,0.39945223725339
2023-05-15,"2 wk ahead inc flu hosp",2023-05-27,"02","quantile",0.3,0.553563627758389
2023-05-15,"2 wk ahead inc flu hosp",2023-05-27,"02","quantile",0.35,0.751883950107271
2023-05-15,"2 wk ahead inc flu hosp",2023-05-27,"02","quantile",0.4,0.974856781345148
2023-05-15,"2 wk ahead inc flu hosp",2023-05-27,"02","quantile",0.45,1.16634582019371
2023-05-15,"2 wk ahead inc flu hosp",2023-05-27,"02","quantile",0.5,1.61242673098155
2023-05-15,"2 wk ahead inc flu hosp",2023-05-27,"02","quantile",0.55,1.93957752902138
2023-05-15,"2 wk ahead inc flu hosp",2023-05-27,"02","quantile",0.6,2.76493931355274
2023-05-15,"2 wk ahead inc flu hosp",2023-05-27,"02","quantile",0.65,3.93785818097059
2023-05-15,"2 wk ahead inc flu hosp",2023-05-27,"02","quantile",0.7,4.52032737068022
2023-05-15,"2 wk ahead inc flu hosp",2023-05-27,"02","quantile",0.75,5.13312733328743
2023-05-15,"2 wk ahead inc flu hosp",2023-05-27,"02","quantile",0.8,6.04746362279158
2023-05-15,"2 wk ahead inc flu hosp",2023-05-27,"02","quantile",0.85,7.24394988022311
2023-05-15,"2 wk ahead inc flu hosp",2023-05-27,"02","quantile",0.9,8.69472622714636
2023-05-15,"2 wk ahead inc flu hosp",2023-05-27,"02","quantile",0.95,11.0679994348046
2023-05-15,"2 wk ahead inc flu hosp",2023-05-27,"02","quantile",0.975,13.2753334278692
2023-05-15,"2 wk ahead inc flu hosp",2023-05-27,"02","quantile",0.99,15.6128962393559
2023-05-15,"3 wk ahead inc flu hosp",2023-06-03,"02","quantile",0.01,0.109980151147109
2023-05-15,"3 wk ahead inc flu hosp",2023-06-03,"02","quantile",0.025,0.114265583417441
2023-05-15,"3 wk ahead inc flu hosp",2023-06-03,"02","quantile",0.05,0.126319936607496
2023-05-15,"3 wk ahead inc flu hosp",2023-06-03,"02","quantile",0.1,0.16359616331127
2023-05-15,"3 wk ahead inc flu hosp",2023-06-03,"02","quantile",0.15,0.21287781889744
2023-05-15,"3 wk ahead inc flu hosp",2023-06-03,"02","quantile",0.2,0.302425723767482
2023-05-15,"3 wk ahead inc flu hosp",2023-06-03,"02","quantile",0.25,0.32866366892311
2023-05-15,"3 wk ahead inc flu hosp",2023-06-03,"02","quantile",0.3,0.365398921559131
2023-05-15,"3 wk ahead inc flu hosp",2023-06-03,"02","quantile",0.35,0.50024501826854
2023-05-15,"3 wk ahead inc flu hosp",2023-06-03,"02","quantile",0.4,0.662498924932411
2023-05-15,"3 wk ahead inc flu hosp",2023-06-03,"02","quantile",0.45,0.941671620884714
2023-05-15,"3 wk ahead inc flu hosp",2023-06-03,"02","quantile",0.5,1.30349758068415
2023-05-15,"3 wk ahead inc flu hosp",2023-06-03,"02","quantile",0.55,1.69442112169946
2023-05-15,"3 wk ahead inc flu hosp",2023-06-03,"02","quantile",0.6,2.15010341519966
2023-05-15,"3 wk ahead inc flu hosp",2023-06-03,"02","quantile",0.65,3.05940421813387
2023-05-15,"3 wk ahead inc flu hosp",2023-06-03,"02","quantile",0.7,4.40069850422846
2023-05-15,"3 wk ahead inc flu hosp",2023-06-03,"02","quantile",0.75,5.40370113778292
2023-05-15,"3 wk ahead inc flu hosp",2023-06-03,"02","quantile",0.8,6.54543623867455
2023-05-15,"3 wk ahead inc flu hosp",2023-06-03,"02","quantile",0.85,7.85547967404503
2023-05-15,"3 wk ahead inc flu hosp",2023-06-03,"02","quantile",0.9,9.33316351945151
2023-05-15,"3 wk ahead inc flu hosp",2023-06-03,"02","quantile",0.95,12.0447599835136
2023-05-15,"3 wk ahead inc flu hosp",2023-06-03,"02","quantile",0.975,14.3884299168373
2023-05-15,"3 wk ahead inc flu hosp",2023-06-03,"02","quantile",0.99,17.2392643019874
2023-05-15,"4 wk ahead inc flu hosp",2023-06-10,"02","quantile",0.01,0.102834641422544
2023-05-15,"4 wk ahead inc flu hosp",2023-06-10,"02","quantile",0.025,0.112054414238249
2023-05-15,"4 wk ahead inc flu hosp",2023-06-10,"02","quantile",0.05,0.124468580143792
2023-05-15,"4 wk ahead inc flu hosp",2023-06-10,"02","quantile",0.1,0.137563500915255
2023-05-15,"4 wk ahead inc flu hosp",2023-06-10,"02","quantile",0.15,0.213301092009111
2023-05-15,"4 wk ahead inc flu hosp",2023-06-10,"02","quantile",0.2,0.342675150231524
2023-05-15,"4 wk ahead inc flu hosp",2023-06-10,"02","quantile",0.25,0.419625659383306
2023-05-15,"4 wk ahead inc flu hosp",2023-06-10,"02","quantile",0.3,0.510020827595581
2023-05-15,"4 wk ahead inc flu hosp",2023-06-10,"02","quantile",0.35,0.679275849111975
2023-05-15,"4 wk ahead inc flu hosp",2023-06-10,"02","quantile",0.4,0.784579155536115
2023-05-15,"4 wk ahead inc flu hosp",2023-06-10,"02","quantile",0.45,1.00168613121841
2023-05-15,"4 wk ahead inc flu hosp",2023-06-10,"02","quantile",0.5,1.36467105598693
2023-05-15,"4 wk ahead inc flu hosp",2023-06-10,"02","quantile",0.55,1.8795281295273
2023-05-15,"4 wk ahead inc flu hosp",2023-06-10,"02","quantile",0.6,2.89582086462166
2023-05-15,"4 wk ahead inc flu hosp",2023-06-10,"02","quantile",0.65,4.50800491208353
2023-05-15,"4 wk ahead inc flu hosp",2023-06-10,"02","quantile",0.7,5.1826799597823
2023-05-15,"4 wk ahead inc flu hosp",2023-06-10,"02","quantile",0.75,5.97092112881723
2023-05-15,"4 wk ahead inc flu hosp",2023-06-10,"02","quantile",0.8,7.08301249963028
2023-05-15,"4 wk ahead inc flu hosp",2023-06-10,"02","quantile",0.85,9.06715764254047
2023-05-15,"4 wk ahead inc flu hosp",2023-06-10,"02","quantile",0.9,10.5798492828463
2023-05-15,"4 wk ahead inc flu hosp",2023-06-10,"02","quantile",0.95,13.4236384017333
2023-05-15,"4 wk ahead inc flu hosp",2023-06-10,"02","quantile",0.975,16.327456120175
2023-05-15,"4 wk ahead inc flu hosp",2023-06-10,"02","quantile",0.99,20.1284429016416
2023-05-15,"1 wk ahead inc flu hosp",2023-05-20,"04","quantile",0.01,22.5956360635113
2023-05-15,"1 wk ahead inc flu hosp",2023-05-20,"04","quantile",0.025,26.8449695847099
2023-05-15,"1 wk ahead inc flu hosp",2023-05-20,"04","quantile",0.05,31.7186882626804
2023-05-15,"1 wk ahead inc flu hosp",2023-05-20,"04","quantile",0.1,39.1202664829699
2023-05-15,"1 wk ahead inc flu hosp",2023-05-20,"04","quantile",0.15,44.3310524048875
2023-05-15,"1 wk ahead inc flu hosp",2023-05-20,"04","quantile",0.2,49.6579035225642
2023-05-15,"1 wk ahead inc flu hosp",2023-05-20,"04","quantile",0.25,53.8303392647009
2023-05-15,"1 wk ahead inc flu hosp",2023-05-20,"04","quantile",0.3,57.8829708829529
2023-05-15,"1 wk ahead inc flu hosp",2023-05-20,"04","quantile",0.35,61.4841076377249
2023-05-15,"1 wk ahead inc flu hosp",2023-05-20,"04","quantile",0.4,64.8896372525687
2023-05-15,"1 wk ahead inc flu hosp",2023-05-20,"04","quantile",0.45,69.0528879643662
2023-05-15,"1 wk ahead inc flu hosp",2023-05-20,"04","quantile",0.5,72.7611456941724
2023-05-15,"1 wk ahead inc flu hosp",2023-05-20,"04","quantile",0.55,76.389811028629
2023-05-15,"1 wk ahead inc flu hosp",2023-05-20,"04","quantile",0.6,80.1655475899476
2023-05-15,"1 wk ahead inc flu hosp",2023-05-20,"04","quantile",0.65,84.1580069625565
2023-05-15,"1 wk ahead inc flu hosp",2023-05-20,"04","quantile",0.7,90.8187252315982
2023-05-15,"1 wk ahead inc flu hosp",2023-05-20,"04","quantile",0.75,96.8565379201882
2023-05-15,"1 wk ahead inc flu hosp",2023-05-20,"04","quantile",0.8,102.279958911307
2023-05-15,"1 wk ahead inc flu hosp",2023-05-20,"04","quantile",0.85,110.476697584433
2023-05-15,"1 wk ahead inc flu hosp",2023-05-20,"04","quantile",0.9,120.109890403285
2023-05-15,"1 wk ahead inc flu hosp",2023-05-20,"04","quantile",0.95,136.138221519024
2023-05-15,"1 wk ahead inc flu hosp",2023-05-20,"04","quantile",0.975,153.998524405146
2023-05-15,"1 wk ahead inc flu hosp",2023-05-20,"04","quantile",0.99,171.23001669649
2023-05-15,"2 wk ahead inc flu hosp",2023-05-27,"04","quantile",0.01,17.6255880457123
2023-05-15,"2 wk ahead inc flu hosp",2023-05-27,"04","quantile",0.025,21.6912159593003
2023-05-15,"2 wk ahead inc flu hosp",2023-05-27,"04","quantile",0.05,25.7121245722039
2023-05-15,"2 wk ahead inc flu hosp",2023-05-27,"04","quantile",0.1,31.8490782030097
2023-05-15,"2 wk ahead inc flu hosp",2023-05-27,"04","quantile",0.15,36.2844744231407
2023-05-15,"2 wk ahead inc flu hosp",2023-05-27,"04","quantile",0.2,41.3294463920799
2023-05-15,"2 wk ahead inc flu hosp",2023-05-27,"04","quantile",0.25,46.0975326186585
2023-05-15,"2 wk ahead inc flu hosp",2023-05-27,"04","quantile",0.3,51.3470588255341
2023-05-15,"2 wk ahead inc flu hosp",2023-05-27,"04","quantile",0.35,56.0177849262874
2023-05-15,"2 wk ahead inc flu hosp",2023-05-27,"04","quantile",0.4,60.4772568267394
2023-05-15,"2 wk ahead inc flu hosp",2023-05-27,"04","quantile",0.45,64.9656397955576
2023-05-15,"2 wk ahead inc flu hosp",2023-05-27,"04","quantile",0.5,69.3803526242285
2023-05-15,"2 wk ahead inc flu hosp",2023-05-27,"04","quantile",0.55,74.9050049689689
2023-05-15,"2 wk ahead inc flu hosp",2023-05-27,"04","quantile",0.6,80.2282256340249
2023-05-15,"2 wk ahead inc flu hosp",2023-05-27,"04","quantile",0.65,86.8232392070412
2023-05-15,"2 wk ahead inc flu hosp",2023-05-27,"04","quantile",0.7,95.0790705144513
2023-05-15,"2 wk ahead inc flu hosp",2023-05-27,"04","quantile",0.75,103.534257835979
2023-05-15,"2 wk ahead inc flu hosp",2023-05-27,"04","quantile",0.8,112.797483437385
2023-05-15,"2 wk ahead inc flu hosp",2023-05-27,"04","quantile",0.85,127.149378647097
2023-05-15,"2 wk ahead inc flu hosp",2023-05-27,"04","quantile",0.9,140.472531651709
2023-05-15,"2 wk ahead inc flu hosp",2023-05-27,"04","quantile",0.95,160.418579965045
2023-05-15,"2 wk ahead inc flu hosp",2023-05-27,"04","quantile",0.975,183.610725111962
2023-05-15,"2 wk ahead inc flu hosp",2023-05-27,"04","quantile",0.99,208.286759391731
2023-05-15,"3 wk ahead inc flu hosp",2023-06-03,"04","quantile",0.01,15.5394149252643
2023-05-15,"3 wk ahead inc flu hosp",2023-06-03,"04","quantile",0.025,19.4176236037068
2023-05-15,"3 wk ahead inc flu hosp",2023-06-03,"04","quantile",0.05,22.9594208002964
2023-05-15,"3 wk ahead inc flu hosp",2023-06-03,"04","quantile",0.1,28.1474430008551
2023-05-15,"3 wk ahead inc flu hosp",2023-06-03,"04","quantile",0.15,32.5620221970192
2023-05-15,"3 wk ahead inc flu hosp",2023-06-03,"04","quantile",0.2,37.0532264737889
2023-05-15,"3 wk ahead inc flu hosp",2023-06-03,"04","quantile",0.25,40.4995959557239
2023-05-15,"3 wk ahead inc flu hosp",2023-06-03,"04","quantile",0.3,45.4838807637267
2023-05-15,"3 wk ahead inc flu hosp",2023-06-03,"04","quantile",0.35,49.7991094172236
2023-05-15,"3 wk ahead inc flu hosp",2023-06-03,"04","quantile",0.4,54.6446450174722
2023-05-15,"3 wk ahead inc flu hosp",2023-06-03,"04","quantile",0.45,61.1339284252301
2023-05-15,"3 wk ahead inc flu hosp",2023-06-03,"04","quantile",0.5,67.5831824820446
2023-05-15,"3 wk ahead inc flu hosp",2023-06-03,"04","quantile",0.55,73.2654746240133
2023-05-15,"3 wk ahead inc flu hosp",2023-06-03,"04","quantile",0.6,80.5853332881578
2023-05-15,"3 wk ahead inc flu hosp",2023-06-03,"04","quantile",0.65,87.4723882976123
2023-05-15,"3 wk ahead inc flu hosp",2023-06-03,"04","quantile",0.7,97.3290719408265
2023-05-15,"3 wk ahead inc flu hosp",2023-06-03,"04","quantile",0.75,108.810774577812
2023-05-15,"3 wk ahead inc flu hosp",2023-06-03,"04","quantile",0.8,121.83111746678
2023-05-15,"3 wk ahead inc flu hosp",2023-06-03,"04","quantile",0.85,134.562909536344
2023-05-15,"3 wk ahead inc flu hosp",2023-06-03,"04","quantile",0.9,151.47872620624
2023-05-15,"3 wk ahead inc flu hosp",2023-06-03,"04","quantile",0.95,180.781977748631
2023-05-15,"3 wk ahead inc flu hosp",2023-06-03,"04","quantile",0.975,207.324980751848
2023-05-15,"3 wk ahead inc flu hosp",2023-06-03,"04","quantile",0.99,238.891030955559
2023-05-15,"4 wk ahead inc flu hosp",2023-06-10,"04","quantile",0.01,14.7521565466533
2023-05-15,"4 wk ahead inc flu hosp",2023-06-10,"04","quantile",0.025,17.7794893825492
2023-05-15,"4 wk ahead inc flu hosp",2023-06-10,"04","quantile",0.05,21.4522485126625
2023-05-15,"4 wk ahead inc flu hosp",2023-06-10,"04","quantile",0.1,26.1240426128216
2023-05-15,"4 wk ahead inc flu hosp",2023-06-10,"04","quantile",0.15,30.5350237620731
2023-05-15,"4 wk ahead inc flu hosp",2023-06-10,"04","quantile",0.2,34.6223633506066
2023-05-15,"4 wk ahead inc flu hosp",2023-06-10,"04","quantile",0.25,38.8869618652943
2023-05-15,"4 wk ahead inc flu hosp",2023-06-10,"04","quantile",0.3,42.6226406205641
2023-05-15,"4 wk ahead inc flu hosp",2023-06-10,"04","quantile",0.35,46.5454963453365
2023-05-15,"4 wk ahead inc flu hosp",2023-06-10,"04","quantile",0.4,51.9634820136686
2023-05-15,"4 wk ahead inc flu hosp",2023-06-10,"04","quantile",0.45,57.6562166804196
2023-05-15,"4 wk ahead inc flu hosp",2023-06-10,"04","quantile",0.5,64.424080961368
2023-05-15,"4 wk ahead inc flu hosp",2023-06-10,"04","quantile",0.55,70.7409768921876
2023-05-15,"4 wk ahead inc flu hosp",2023-06-10,"04","quantile",0.6,78.6957413355352
2023-05-15,"4 wk ahead inc flu hosp",2023-06-10,"04","quantile",0.65,86.3673812884447
2023-05-15,"4 wk ahead inc flu hosp",2023-06-10,"04","quantile",0.7,97.0991675668291
2023-05-15,"4 wk ahead inc flu hosp",2023-06-10,"04","quantile",0.75,110.281476658269
2023-05-15,"4 wk ahead inc flu hosp",2023-06-10,"04","quantile",0.8,121.340551290016
2023-05-15,"4 wk ahead inc flu hosp",2023-06-10,"04","quantile",0.85,138.426459769547
2023-05-15,"4 wk ahead inc flu hosp",2023-06-10,"04","quantile",0.9,159.840337142862
2023-05-15,"4 wk ahead inc flu hosp",2023-06-10,"04","quantile",0.95,192.292506624367
2023-05-15,"4 wk ahead inc flu hosp",2023-06-10,"04","quantile",0.975,229.874860301146
2023-05-15,"4 wk ahead inc flu hosp",2023-06-10,"04","quantile",0.99,273.12001548557
2023-05-15,"1 wk ahead inc flu hosp",2023-05-20,"05","quantile",0.01,2.38660479150944
2023-05-15,"1 wk ahead inc flu hosp",2023-05-20,"05","quantile",0.025,2.8971218419223
2023-05-15,"1 wk ahead inc flu hosp",2023-05-20,"05","quantile",0.05,3.60035488346441
2023-05-15,"1 wk ahead inc flu hosp",2023-05-20,"05","quantile",0.1,4.45597381609595
2023-05-15,"1 wk ahead inc flu hosp",2023-05-20,"05","quantile",0.15,5.3425757228394
2023-05-15,"1 wk ahead inc flu hosp",2023-05-20,"05","quantile",0.2,6.11287546122676
2023-05-15,"1 wk ahead inc flu hosp",2023-05-20,"05","quantile",0.25,7.07591936267379
2023-05-15,"1 wk ahead inc flu hosp",2023-05-20,"05","quantile",0.3,7.97756377960506
2023-05-15,"1 wk ahead inc flu hosp",2023-05-20,"05","quantile",0.35,8.80313924683863
2023-05-15,"1 wk ahead inc flu hosp",2023-05-20,"05","quantile",0.4,10.117182897227
2023-05-15,"1 wk ahead inc flu hosp",2023-05-20,"05","quantile",0.45,11.0344780321698
2023-05-15,"1 wk ahead inc flu hosp",2023-05-20,"05","quantile",0.5,12.2861936754492
2023-05-15,"1 wk ahead inc flu hosp",2023-05-20,"05","quantile",0.55,13.2765017223997
2023-05-15,"1 wk ahead inc flu hosp",2023-05-20,"05","quantile",0.6,14.3270411528339
2023-05-15,"1 wk ahead inc flu hosp",2023-05-20,"05","quantile",0.65,15.9681193113153
2023-05-15,"1 wk ahead inc flu hosp",2023-05-20,"05","quantile",0.7,17.345000421163
2023-05-15,"1 wk ahead inc flu hosp",2023-05-20,"05","quantile",0.75,19.3284898878406
2023-05-15,"1 wk ahead inc flu hosp",2023-05-20,"05","quantile",0.8,21.489022861076
2023-05-15,"1 wk ahead inc flu hosp",2023-05-20,"05","quantile",0.85,23.2110401993324
2023-05-15,"1 wk ahead inc flu hosp",2023-05-20,"05","quantile",0.9,26.2042462983772
2023-05-15,"1 wk ahead inc flu hosp",2023-05-20,"05","quantile",0.95,30.5764466245898
2023-05-15,"1 wk ahead inc flu hosp",2023-05-20,"05","quantile",0.975,34.5796591665428
2023-05-15,"1 wk ahead inc flu hosp",2023-05-20,"05","quantile",0.99,39.7664924833215
2023-05-15,"2 wk ahead inc flu hosp",2023-05-27,"05","quantile",0.01,1.94590301695997
2023-05-15,"2 wk ahead inc flu hosp",2023-05-27,"05","quantile",0.025,2.34813622742594
2023-05-15,"2 wk ahead inc flu hosp",2023-05-27,"05","quantile",0.05,2.82769365230483
2023-05-15,"2 wk ahead inc flu hosp",2023-05-27,"05","quantile",0.1,3.68991993328081
2023-05-15,"2 wk ahead inc flu hosp",2023-05-27,"05","quantile",0.15,4.59059996233237
2023-05-15,"2 wk ahead inc flu hosp",2023-05-27,"05","quantile",0.2,5.3931874806851
2023-05-15,"2 wk ahead inc flu hosp",2023-05-27,"05","quantile",0.25,6.28011327143888
2023-05-15,"2 wk ahead inc flu hosp",2023-05-27,"05","quantile",0.3,7.23289660836093
2023-05-15,"2 wk ahead inc flu hosp",2023-05-27,"05","quantile",0.35,8.00526846694411
2023-05-15,"2 wk ahead inc flu hosp",2023-05-27,"05","quantile",0.4,9.37479270901438
2023-05-15,"2 wk ahead inc flu hosp",2023-05-27,"05","quantile",0.45,10.3059709560808
2023-05-15,"2 wk ahead inc flu hosp",2023-05-27,"05","quantile",0.5,11.656592910744
2023-05-15,"2 wk ahead inc flu hosp",2023-05-27,"05","quantile",0.55,12.9768528555569
2023-05-15,"2 wk ahead inc flu hosp",2023-05-27,"05","quantile",0.6,14.5766192737916
2023-05-15,"2 wk ahead inc flu hosp",2023-05-27,"05","quantile",0.65,16.2111102836008
2023-05-15,"2 wk ahead inc flu hosp",2023-05-27,"05","quantile",0.7,17.7185650112997
2023-05-15,"2 wk ahead inc flu hosp",2023-05-27,"05","quantile",0.75,20.2665475502974
2023-05-15,"2 wk ahead inc flu hosp",2023-05-27,"05","quantile",0.8,23.3322597601231
2023-05-15,"2 wk ahead inc flu hosp",2023-05-27,"05","quantile",0.85,27.1932535980799
2023-05-15,"2 wk ahead inc flu hosp",2023-05-27,"05","quantile",0.9,31.0995561836649
2023-05-15,"2 wk ahead inc flu hosp",2023-05-27,"05","quantile",0.95,36.746357700848
2023-05-15,"2 wk ahead inc flu hosp",2023-05-27,"05","quantile",0.975,42.4827779045829
2023-05-15,"2 wk ahead inc flu hosp",2023-05-27,"05","quantile",0.99,51.2631778071804
2023-05-15,"3 wk ahead inc flu hosp",2023-06-03,"05","quantile",0.01,1.87888373362649
2023-05-15,"3 wk ahead inc flu hosp",2023-06-03,"05","quantile",0.025,2.1624524716985
2023-05-15,"3 wk ahead inc flu hosp",2023-06-03,"05","quantile",0.05,2.61822510163021
2023-05-15,"3 wk ahead inc flu hosp",2023-06-03,"05","quantile",0.1,3.4112256462654
2023-05-15,"3 wk ahead inc flu hosp",2023-06-03,"05","quantile",0.15,4.22912875533456
2023-05-15,"3 wk ahead inc flu hosp",2023-06-03,"05","quantile",0.2,4.98205165869232
2023-05-15,"3 wk ahead inc flu hosp",2023-06-03,"05","quantile",0.25,5.79471498845922
2023-05-15,"3 wk ahead inc flu hosp",2023-06-03,"05","quantile",0.3,6.78673800325031
2023-05-15,"3 wk ahead inc flu hosp",2023-06-03,"05","quantile",0.35,7.40534791649593
2023-05-15,"3 wk ahead inc flu hosp",2023-06-03,"05","quantile",0.4,8.59954330440341
2023-05-15,"3 wk ahead inc flu hosp",2023-06-03,"05","quantile",0.45,9.64035385236858
2023-05-15,"3 wk ahead inc flu hosp",2023-06-03,"05","quantile",0.5,11.2589785772167
2023-05-15,"3 wk ahead inc flu hosp",2023-06-03,"05","quantile",0.55,12.9655104731186
2023-05-15,"3 wk ahead inc flu hosp",2023-06-03,"05","quantile",0.6,15.0137439859403
2023-05-15,"3 wk ahead inc flu hosp",2023-06-03,"05","quantile",0.65,17.8115945658932
2023-05-15,"3 wk ahead inc flu hosp",2023-06-03,"05","quantile",0.7,20.2603209345123
2023-05-15,"3 wk ahead inc flu hosp",2023-06-03,"05","quantile",0.75,23.2648305978375
2023-05-15,"3 wk ahead inc flu hosp",2023-06-03,"05","quantile",0.8,26.4194473575927
2023-05-15,"3 wk ahead inc flu hosp",2023-06-03,"05","quantile",0.85,30.7694743564691
2023-05-15,"3 wk ahead inc flu hosp",2023-06-03,"05","quantile",0.9,36.489761294265
2023-05-15,"3 wk ahead inc flu hosp",2023-06-03,"05","quantile",0.95,45.4611482668082
2023-05-15,"3 wk ahead inc flu hosp",2023-06-03,"05","quantile",0.975,53.7178577633431
2023-05-15,"3 wk ahead inc flu hosp",2023-06-03,"05","quantile",0.99,65.6124102658188
2023-05-15,"4 wk ahead inc flu hosp",2023-06-10,"05","quantile",0.01,1.89285900416673
2023-05-15,"4 wk ahead inc flu hosp",2023-06-10,"05","quantile",0.025,2.20683845433708
2023-05-15,"4 wk ahead inc flu hosp",2023-06-10,"05","quantile",0.05,2.71155491945246
2023-05-15,"4 wk ahead inc flu hosp",2023-06-10,"05","quantile",0.1,3.35611060313656
2023-05-15,"4 wk ahead inc flu hosp",2023-06-10,"05","quantile",0.15,4.23553320922353
2023-05-15,"4 wk ahead inc flu hosp",2023-06-10,"05","quantile",0.2,5.01358126645132
2023-05-15,"4 wk ahead inc flu hosp",2023-06-10,"05","quantile",0.25,5.81940599155462
2023-05-15,"4 wk ahead inc flu hosp",2023-06-10,"05","quantile",0.3,6.49486284988097
2023-05-15,"4 wk ahead inc flu hosp",2023-06-10,"05","quantile",0.35,7.3386214267831
2023-05-15,"4 wk ahead inc flu hosp",2023-06-10,"05","quantile",0.4,8.19973562578956
2023-05-15,"4 wk ahead inc flu hosp",2023-06-10,"05","quantile",0.45,9.76865486644286
2023-05-15,"4 wk ahead inc flu hosp",2023-06-10,"05","quantile",0.5,11.7969548225049
2023-05-15,"4 wk ahead inc flu hosp",2023-06-10,"05","quantile",0.55,14.8183965456565
2023-05-15,"4 wk ahead inc flu hosp",2023-06-10,"05","quantile",0.6,16.7316977808659
2023-05-15,"4 wk ahead inc flu hosp",2023-06-10,"05","quantile",0.65,18.9284181271521
2023-05-15,"4 wk ahead inc flu hosp",2023-06-10,"05","quantile",0.7,23.6514427324669
2023-05-15,"4 wk ahead inc flu hosp",2023-06-10,"05","quantile",0.75,28.6973954278483
2023-05-15,"4 wk ahead inc flu hosp",2023-06-10,"05","quantile",0.8,33.3467733531832
2023-05-15,"4 wk ahead inc flu hosp",2023-06-10,"05","quantile",0.85,38.7105273828316
2023-05-15,"4 wk ahead inc flu hosp",2023-06-10,"05","quantile",0.9,44.9269851641063
2023-05-15,"4 wk ahead inc flu hosp",2023-06-10,"05","quantile",0.95,56.4220453497382
2023-05-15,"4 wk ahead inc flu hosp",2023-06-10,"05","quantile",0.975,67.4565834113495
2023-05-15,"4 wk ahead inc flu hosp",2023-06-10,"05","quantile",0.99,87.1955755254023
2023-05-15,"1 wk ahead inc flu hosp",2023-05-20,"06","quantile",0.01,5.84748243045869
2023-05-15,"1 wk ahead inc flu hosp",2023-05-20,"06","quantile",0.025,7.59378474619795
2023-05-15,"1 wk ahead inc flu hosp",2023-05-20,"06","quantile",0.05,9.60535612885281
2023-05-15,"1 wk ahead inc flu hosp",2023-05-20,"06","quantile",0.1,12.7479454044133
2023-05-15,"1 wk ahead inc flu hosp",2023-05-20,"06","quantile",0.15,15.6066630090222
2023-05-15,"1 wk ahead inc flu hosp",2023-05-20,"06","quantile",0.2,18.1475844220869
2023-05-15,"1 wk ahead inc flu hosp",2023-05-20,"06","quantile",0.25,20.777695016054
2023-05-15,"1 wk ahead inc flu hosp",2023-05-20,"06","quantile",0.3,25.366927309944
2023-05-15,"1 wk ahead inc flu hosp",2023-05-20,"06","quantile",0.35,29.4315343062999
2023-05-15,"1 wk ahead inc flu hosp",2023-05-20,"06","quantile",0.4,33.099651775524
2023-05-15,"1 wk ahead inc flu hosp",2023-05-20,"06","quantile",0.45,38.9843500627598
2023-05-15,"1 wk ahead inc flu hosp",2023-05-20,"06","quantile",0.5,42.592720254424
2023-05-15,"1 wk ahead inc flu hosp",2023-05-20,"06","quantile",0.55,47.5069108485891
2023-05-15,"1 wk ahead inc flu hosp",2023-05-20,"06","quantile",0.6,51.6069568906963
2023-05-15,"1 wk ahead inc flu hosp",2023-05-20,"06","quantile",0.65,56.9988552650226
2023-05-15,"1 wk ahead inc flu hosp",2023-05-20,"06","quantile",0.7,62.0969296709928
2023-05-15,"1 wk ahead inc flu hosp",2023-05-20,"06","quantile",0.75,68.2374633540317
2023-05-15,"1 wk ahead inc flu hosp",2023-05-20,"06","quantile",0.8,76.9376421078515
2023-05-15,"1 wk ahead inc flu hosp",2023-05-20,"06","quantile",0.85,84.4419827257575
2023-05-15,"1 wk ahead inc flu hosp",2023-05-20,"06","quantile",0.9,94.9379193762365
2023-05-15,"1 wk ahead inc flu hosp",2023-05-20,"06","quantile",0.95,115.525859528856
2023-05-15,"1 wk ahead inc flu hosp",2023-05-20,"06","quantile",0.975,137.549204280953
2023-05-15,"1 wk ahead inc flu hosp",2023-05-20,"06","quantile",0.99,258.869114322336
2023-05-15,"2 wk ahead inc flu hosp",2023-05-27,"06","quantile",0.01,4.3259290409724
2023-05-15,"2 wk ahead inc flu hosp",2023-05-27,"06","quantile",0.025,5.73171773692595
2023-05-15,"2 wk ahead inc flu hosp",2023-05-27,"06","quantile",0.05,7.66076936196517
2023-05-15,"2 wk ahead inc flu hosp",2023-05-27,"06","quantile",0.1,10.5273030181736
2023-05-15,"2 wk ahead inc flu hosp",2023-05-27,"06","quantile",0.15,12.9214714480238
2023-05-15,"2 wk ahead inc flu hosp",2023-05-27,"06","quantile",0.2,15.2101668744473
2023-05-15,"2 wk ahead inc flu hosp",2023-05-27,"06","quantile",0.25,17.7399820652328
2023-05-15,"2 wk ahead inc flu hosp",2023-05-27,"06","quantile",0.3,21.1803127499149
2023-05-15,"2 wk ahead inc flu hosp",2023-05-27,"06","quantile",0.35,25.6026825726776
2023-05-15,"2 wk ahead inc flu hosp",2023-05-27,"06","quantile",0.4,30.9341883122354
2023-05-15,"2 wk ahead inc flu hosp",2023-05-27,"06","quantile",0.45,38.0984337245305
2023-05-15,"2 wk ahead inc flu hosp",2023-05-27,"06","quantile",0.5,45.6967838936935
2023-05-15,"2 wk ahead inc flu hosp",2023-05-27,"06","quantile",0.55,52.1925482942102
2023-05-15,"2 wk ahead inc flu hosp",2023-05-27,"06","quantile",0.6,59.3377307307286
2023-05-15,"2 wk ahead inc flu hosp",2023-05-27,"06","quantile",0.65,68.3546806236318
2023-05-15,"2 wk ahead inc flu hosp",2023-05-27,"06","quantile",0.7,75.7658766430087
2023-05-15,"2 wk ahead inc flu hosp",2023-05-27,"06","quantile",0.75,83.6014880131103
2023-05-15,"2 wk ahead inc flu hosp",2023-05-27,"06","quantile",0.8,93.5955340288844
2023-05-15,"2 wk ahead inc flu hosp",2023-05-27,"06","quantile",0.85,109.541330413275
2023-05-15,"2 wk ahead inc flu hosp",2023-05-27,"06","quantile",0.9,130.21542648154
2023-05-15,"2 wk ahead inc flu hosp",2023-05-27,"06","quantile",0.95,154.861793422623
2023-05-15,"2 wk ahead inc flu hosp",2023-05-27,"06","quantile",0.975,220.775412458117
2023-05-15,"2 wk ahead inc flu hosp",2023-05-27,"06","quantile",0.99,308.593376947956
2023-05-15,"3 wk ahead inc flu hosp",2023-06-03,"06","quantile",0.01,4.2206496352058
2023-05-15,"3 wk ahead inc flu hosp",2023-06-03,"06","quantile",0.025,5.33974558845324
2023-05-15,"3 wk ahead inc flu hosp",2023-06-03,"06","quantile",0.05,7.28041091685344
2023-05-15,"3 wk ahead inc flu hosp",2023-06-03,"06","quantile",0.1,10.4410256778654
2023-05-15,"3 wk ahead inc flu hosp",2023-06-03,"06","quantile",0.15,12.8603515614593
2023-05-15,"3 wk ahead inc flu hosp",2023-06-03,"06","quantile",0.2,15.1152373009566
2023-05-15,"3 wk ahead inc flu hosp",2023-06-03,"06","quantile",0.25,17.4196667497792
2023-05-15,"3 wk ahead inc flu hosp",2023-06-03,"06","quantile",0.3,21.1924824019894
2023-05-15,"3 wk ahead inc flu hosp",2023-06-03,"06","quantile",0.35,26.7674976701584
2023-05-15,"3 wk ahead inc flu hosp",2023-06-03,"06","quantile",0.4,32.6642181676188
2023-05-15,"3 wk ahead inc flu hosp",2023-06-03,"06","quantile",0.45,41.9961496383709
2023-05-15,"3 wk ahead inc flu hosp",2023-06-03,"06","quantile",0.5,49.8597542583315
2023-05-15,"3 wk ahead inc flu hosp",2023-06-03,"06","quantile",0.55,57.8077210625643
2023-05-15,"3 wk ahead inc flu hosp",2023-06-03,"06","quantile",0.6,66.9203148983182
2023-05-15,"3 wk ahead inc flu hosp",2023-06-03,"06","quantile",0.65,76.8398216581731
2023-05-15,"3 wk ahead inc flu hosp",2023-06-03,"06","quantile",0.7,85.9798154825593
2023-05-15,"3 wk ahead inc flu hosp",2023-06-03,"06","quantile",0.75,99.8306293393928
2023-05-15,"3 wk ahead inc flu hosp",2023-06-03,"06","quantile",0.8,113.630028312859
2023-05-15,"3 wk ahead inc flu hosp",2023-06-03,"06","quantile",0.85,131.331378319372
2023-05-15,"3 wk ahead inc flu hosp",2023-06-03,"06","quantile",0.9,149.267151520831
2023-05-15,"3 wk ahead inc flu hosp",2023-06-03,"06","quantile",0.95,190.560428504747
2023-05-15,"3 wk ahead inc flu hosp",2023-06-03,"06","quantile",0.975,282.911932464167
2023-05-15,"3 wk ahead inc flu hosp",2023-06-03,"06","quantile",0.99,394.120855252219
2023-05-15,"4 wk ahead inc flu hosp",2023-06-10,"06","quantile",0.01,3.79986904758925
2023-05-15,"4 wk ahead inc flu hosp",2023-06-10,"06","quantile",0.025,4.7827331875278
2023-05-15,"4 wk ahead inc flu hosp",2023-06-10,"06","quantile",0.05,6.51045254369462
2023-05-15,"4 wk ahead inc flu hosp",2023-06-10,"06","quantile",0.1,8.93325009509125
2023-05-15,"4 wk ahead inc flu hosp",2023-06-10,"06","quantile",0.15,11.3767921453053
2023-05-15,"4 wk ahead inc flu hosp",2023-06-10,"06","quantile",0.2,13.6634760562975
2023-05-15,"4 wk ahead inc flu hosp",2023-06-10,"06","quantile",0.25,16.141298298
2023-05-15,"4 wk ahead inc flu hosp",2023-06-10,"06","quantile",0.3,20.4538674004892
2023-05-15,"4 wk ahead inc flu hosp",2023-06-10,"06","quantile",0.35,26.1486198939729
2023-05-15,"4 wk ahead inc flu hosp",2023-06-10,"06","quantile",0.4,33.8441652732727
2023-05-15,"4 wk ahead inc flu hosp",2023-06-10,"06","quantile",0.45,44.7664373106049
2023-05-15,"4 wk ahead inc flu hosp",2023-06-10,"06","quantile",0.5,54.3015073329996
2023-05-15,"4 wk ahead inc flu hosp",2023-06-10,"06","quantile",0.55,65.4361361263827
2023-05-15,"4 wk ahead inc flu hosp",2023-06-10,"06","quantile",0.6,75.671444657959
2023-05-15,"4 wk ahead inc flu hosp",2023-06-10,"06","quantile",0.65,86.3699654286965
2023-05-15,"4 wk ahead inc flu hosp",2023-06-10,"06","quantile",0.7,99.5733015346929
2023-05-15,"4 wk ahead inc flu hosp",2023-06-10,"06","quantile",0.75,113.402115454335
2023-05-15,"4 wk ahead inc flu hosp",2023-06-10,"06","quantile",0.8,128.302386514899
2023-05-15,"4 wk ahead inc flu hosp",2023-06-10,"06","quantile",0.85,147.205389456233
2023-05-15,"4 wk ahead inc flu hosp",2023-06-10,"06","quantile",0.9,171.270527870393
2023-05-15,"4 wk ahead inc flu hosp",2023-06-10,"06","quantile",0.95,242.57538000711
2023-05-15,"4 wk ahead inc flu hosp",2023-06-10,"06","quantile",0.975,349.120155402993
2023-05-15,"4 wk ahead inc flu hosp",2023-06-10,"06","quantile",0.99,554.042512339654
2023-05-15,"1 wk ahead inc flu hosp",2023-05-20,"08","quantile",0.01,1.0645764285085
2023-05-15,"1 wk ahead inc flu hosp",2023-05-20,"08","quantile",0.025,1.60997688870693
2023-05-15,"1 wk ahead inc flu hosp",2023-05-20,"08","quantile",0.05,2.19808054651566
2023-05-15,"1 wk ahead inc flu hosp",2023-05-20,"08","quantile",0.1,3.01974232221325
2023-05-15,"1 wk ahead inc flu hosp",2023-05-20,"08","quantile",0.15,3.62577284309355
2023-05-15,"1 wk ahead inc flu hosp",2023-05-20,"08","quantile",0.2,4.22298774001449
2023-05-15,"1 wk ahead inc flu hosp",2023-05-20,"08","quantile",0.25,4.91450291180452
2023-05-15,"1 wk ahead inc flu hosp",2023-05-20,"08","quantile",0.3,5.60786662101481
2023-05-15,"1 wk ahead inc flu hosp",2023-05-20,"08","quantile",0.35,6.43645131631287
2023-05-15,"1 wk ahead inc flu hosp",2023-05-20,"08","quantile",0.4,7.42503896806738
2023-05-15,"1 wk ahead inc flu hosp",2023-05-20,"08","quantile",0.45,8.08158363243957
2023-05-15,"1 wk ahead inc flu hosp",2023-05-20,"08","quantile",0.5,9.0625757271606
2023-05-15,"1 wk ahead inc flu hosp",2023-05-20,"08","quantile",0.55,10.6621932468479
2023-05-15,"1 wk ahead inc flu hosp",2023-05-20,"08","quantile",0.6,12.0457246467477
2023-05-15,"1 wk ahead inc flu hosp",2023-05-20,"08","quantile",0.65,13.3019745770399
2023-05-15,"1 wk ahead inc flu hosp",2023-05-20,"08","quantile",0.7,14.4102144967097
2023-05-15,"1 wk ahead inc flu hosp",2023-05-20,"08","quantile",0.75,15.9229585884125
2023-05-15,"1 wk ahead inc flu hosp",2023-05-20,"08","quantile",0.8,17.6107452389991
2023-05-15,"1 wk ahead inc flu hosp",2023-05-20,"08","quantile",0.85,20.5176672865361
2023-05-15,"1 wk ahead inc flu hosp",2023-05-20,"08","quantile",0.9,23.4893255767741
2023-05-15,"1 wk ahead inc flu hosp",2023-05-20,"08","quantile",0.95,27.8058262548874
2023-05-15,"1 wk ahead inc flu hosp",2023-05-20,"08","quantile",0.975,33.4260709649204
2023-05-15,"1 wk ahead inc flu hosp",2023-05-20,"08","quantile",0.99,40.6453695635552
2023-05-15,"2 wk ahead inc flu hosp",2023-05-27,"08","quantile",0.01,0.876586000628816
2023-05-15,"2 wk ahead inc flu hosp",2023-05-27,"08","quantile",0.025,1.29653045540995
2023-05-15,"2 wk ahead inc flu hosp",2023-05-27,"08","quantile",0.05,1.72093332015327
2023-05-15,"2 wk ahead inc flu hosp",2023-05-27,"08","quantile",0.1,2.3533887741247
2023-05-15,"2 wk ahead inc flu hosp",2023-05-27,"08","quantile",0.15,3.09621010160537
2023-05-15,"2 wk ahead inc flu hosp",2023-05-27,"08","quantile",0.2,3.75954227730551
2023-05-15,"2 wk ahead inc flu hosp",2023-05-27,"08","quantile",0.25,4.43657910681611
2023-05-15,"2 wk ahead inc flu hosp",2023-05-27,"08","quantile",0.3,5.00927772874716
2023-05-15,"2 wk ahead inc flu hosp",2023-05-27,"08","quantile",0.35,5.74724597235617
2023-05-15,"2 wk ahead inc flu hosp",2023-05-27,"08","quantile",0.4,6.75287962524004
2023-05-15,"2 wk ahead inc flu hosp",2023-05-27,"08","quantile",0.45,7.73158867315519
2023-05-15,"2 wk ahead inc flu hosp",2023-05-27,"08","quantile",0.5,9.46397006700082
2023-05-15,"2 wk ahead inc flu hosp",2023-05-27,"08","quantile",0.55,10.7661074958027
2023-05-15,"2 wk ahead inc flu hosp",2023-05-27,"08","quantile",0.6,12.2093206080299
2023-05-15,"2 wk ahead inc flu hosp",2023-05-27,"08","quantile",0.65,14.4046536349522
2023-05-15,"2 wk ahead inc flu hosp",2023-05-27,"08","quantile",0.7,16.4943716182798
2023-05-15,"2 wk ahead inc flu hosp",2023-05-27,"08","quantile",0.75,18.8797471337077
2023-05-15,"2 wk ahead inc flu hosp",2023-05-27,"08","quantile",0.8,21.5651275215958
2023-05-15,"2 wk ahead inc flu hosp",2023-05-27,"08","quantile",0.85,26.2505382008471
2023-05-15,"2 wk ahead inc flu hosp",2023-05-27,"08","quantile",0.9,31.3906413100671
2023-05-15,"2 wk ahead inc flu hosp",2023-05-27,"08","quantile",0.95,39.8866071259382
2023-05-15,"2 wk ahead inc flu hosp",2023-05-27,"08","quantile",0.975,48.4498429326895
2023-05-15,"2 wk ahead inc flu hosp",2023-05-27,"08","quantile",0.99,59.6136054105554
2023-05-15,"3 wk ahead inc flu hosp",2023-06-03,"08","quantile",0.01,0.894547588719897
2023-05-15,"3 wk ahead inc flu hosp",2023-06-03,"08","quantile",0.025,1.32662354284417
2023-05-15,"3 wk ahead inc flu hosp",2023-06-03,"08","quantile",0.05,1.80791952542903
2023-05-15,"3 wk ahead inc flu hosp",2023-06-03,"08","quantile",0.1,2.45124965921731
2023-05-15,"3 wk ahead inc flu hosp",2023-06-03,"08","quantile",0.15,3.1860515376817
2023-05-15,"3 wk ahead inc flu hosp",2023-06-03,"08","quantile",0.2,3.70199768150196
2023-05-15,"3 wk ahead inc flu hosp",2023-06-03,"08","quantile",0.25,4.32667587740508
2023-05-15,"3 wk ahead inc flu hosp",2023-06-03,"08","quantile",0.3,4.7304423109302
2023-05-15,"3 wk ahead inc flu hosp",2023-06-03,"08","quantile",0.35,5.28033596220296
2023-05-15,"3 wk ahead inc flu hosp",2023-06-03,"08","quantile",0.4,6.18034544614762
2023-05-15,"3 wk ahead inc flu hosp",2023-06-03,"08","quantile",0.45,7.52027664257135
2023-05-15,"3 wk ahead inc flu hosp",2023-06-03,"08","quantile",0.5,9.72912447046964
2023-05-15,"3 wk ahead inc flu hosp",2023-06-03,"08","quantile",0.55,11.8313803073798
2023-05-15,"3 wk ahead inc flu hosp",2023-06-03,"08","quantile",0.6,13.496783510301
2023-05-15,"3 wk ahead inc flu hosp",2023-06-03,"08","quantile",0.65,15.1154642076152
2023-05-15,"3 wk ahead inc flu hosp",2023-06-03,"08","quantile",0.7,18.3135515705427
2023-05-15,"3 wk ahead inc flu hosp",2023-06-03,"08","quantile",0.75,21.0646507085705
2023-05-15,"3 wk ahead inc flu hosp",2023-06-03,"08","quantile",0.8,24.1710251210315
2023-05-15,"3 wk ahead inc flu hosp",2023-06-03,"08","quantile",0.85,29.4273119602996
2023-05-15,"3 wk ahead inc flu hosp",2023-06-03,"08","quantile",0.9,34.0254798636721
2023-05-15,"3 wk ahead inc flu hosp",2023-06-03,"08","quantile",0.95,42.527286094918
2023-05-15,"3 wk ahead inc flu hosp",2023-06-03,"08","quantile",0.975,49.8263743431697
2023-05-15,"3 wk ahead inc flu hosp",2023-06-03,"08","quantile",0.99,63.2622911176841
2023-05-15,"4 wk ahead inc flu hosp",2023-06-10,"08","quantile",0.01,0.915830187598967
2023-05-15,"4 wk ahead inc flu hosp",2023-06-10,"08","quantile",0.025,1.3649629561156
2023-05-15,"4 wk ahead inc flu hosp",2023-06-10,"08","quantile",0.05,1.83453009040272
2023-05-15,"4 wk ahead inc flu hosp",2023-06-10,"08","quantile",0.1,2.4567666305534
2023-05-15,"4 wk ahead inc flu hosp",2023-06-10,"08","quantile",0.15,3.16263201597466
2023-05-15,"4 wk ahead inc flu hosp",2023-06-10,"08","quantile",0.2,3.72794545348689
2023-05-15,"4 wk ahead inc flu hosp",2023-06-10,"08","quantile",0.25,4.2115244999954
2023-05-15,"4 wk ahead inc flu hosp",2023-06-10,"08","quantile",0.3,4.80427839640389
2023-05-15,"4 wk ahead inc flu hosp",2023-06-10,"08","quantile",0.35,5.51959819265355
2023-05-15,"4 wk ahead inc flu hosp",2023-06-10,"08","quantile",0.4,6.22874937536978
2023-05-15,"4 wk ahead inc flu hosp",2023-06-10,"08","quantile",0.45,8.28337819903751
2023-05-15,"4 wk ahead inc flu hosp",2023-06-10,"08","quantile",0.5,10.1962331023183
2023-05-15,"4 wk ahead inc flu hosp",2023-06-10,"08","quantile",0.55,11.8606102675993
2023-05-15,"4 wk ahead inc flu hosp",2023-06-10,"08","quantile",0.6,13.9113317888436
2023-05-15,"4 wk ahead inc flu hosp",2023-06-10,"08","quantile",0.65,16.1010181714463
2023-05-15,"4 wk ahead inc flu hosp",2023-06-10,"08","quantile",0.7,18.9571689166121
2023-05-15,"4 wk ahead inc flu hosp",2023-06-10,"08","quantile",0.75,23.5051130524606
2023-05-15,"4 wk ahead inc flu hosp",2023-06-10,"08","quantile",0.8,27.384121895988
2023-05-15,"4 wk ahead inc flu hosp",2023-06-10,"08","quantile",0.85,31.2214068688008
2023-05-15,"4 wk ahead inc flu hosp",2023-06-10,"08","quantile",0.9,38.217137744256
2023-05-15,"4 wk ahead inc flu hosp",2023-06-10,"08","quantile",0.95,51.2927523806507
2023-05-15,"4 wk ahead inc flu hosp",2023-06-10,"08","quantile",0.975,63.5961837142599
2023-05-15,"4 wk ahead inc flu hosp",2023-06-10,"08","quantile",0.99,85.9871045459502
2023-05-15,"1 wk ahead inc flu hosp",2023-05-20,"09","quantile",0.01,0.825572696377794
2023-05-15,"1 wk ahead inc flu hosp",2023-05-20,"09","quantile",0.025,1.07536514902184
2023-05-15,"1 wk ahead inc flu hosp",2023-05-20,"09","quantile",0.05,1.54610660965316
2023-05-15,"1 wk ahead inc flu hosp",2023-05-20,"09","quantile",0.1,2.21777141723528
2023-05-15,"1 wk ahead inc flu hosp",2023-05-20,"09","quantile",0.15,2.89451349182346
2023-05-15,"1 wk ahead inc flu hosp",2023-05-20,"09","quantile",0.2,3.48587695636912
2023-05-15,"1 wk ahead inc flu hosp",2023-05-20,"09","quantile",0.25,3.87077308796791
2023-05-15,"1 wk ahead inc flu hosp",2023-05-20,"09","quantile",0.3,4.30453250929709
2023-05-15,"1 wk ahead inc flu hosp",2023-05-20,"09","quantile",0.35,5.32168075069919
2023-05-15,"1 wk ahead inc flu hosp",2023-05-20,"09","quantile",0.4,5.70740007253876
2023-05-15,"1 wk ahead inc flu hosp",2023-05-20,"09","quantile",0.45,6.48543290519056
2023-05-15,"1 wk ahead inc flu hosp",2023-05-20,"09","quantile",0.5,7.07137225706315
2023-05-15,"1 wk ahead inc flu hosp",2023-05-20,"09","quantile",0.55,7.76855955792953
2023-05-15,"1 wk ahead inc flu hosp",2023-05-20,"09","quantile",0.6,8.56606109741649
2023-05-15,"1 wk ahead inc flu hosp",2023-05-20,"09","quantile",0.65,9.36784796256246
2023-05-15,"1 wk ahead inc flu hosp",2023-05-20,"09","quantile",0.7,10.6050544898376
2023-05-15,"1 wk ahead inc flu hosp",2023-05-20,"09","quantile",0.75,11.4889965092627
2023-05-15,"1 wk ahead inc flu hosp",2023-05-20,"09","quantile",0.8,12.6937997414778
2023-05-15,"1 wk ahead inc flu hosp",2023-05-20,"09","quantile",0.85,14.2707890426306
2023-05-15,"1 wk ahead inc flu hosp",2023-05-20,"09","quantile",0.9,17.1156351512282
2023-05-15,"1 wk ahead inc flu hosp",2023-05-20,"09","quantile",0.95,21.9274962168962
2023-05-15,"1 wk ahead inc flu hosp",2023-05-20,"09","quantile",0.975,24.9861500083762
2023-05-15,"1 wk ahead inc flu hosp",2023-05-20,"09","quantile",0.99,29.9132004649994
2023-05-15,"2 wk ahead inc flu hosp",2023-05-27,"09","quantile",0.01,0.540349076426498
2023-05-15,"2 wk ahead inc flu hosp",2023-05-27,"09","quantile",0.025,0.788511824178546
2023-05-15,"2 wk ahead inc flu hosp",2023-05-27,"09","quantile",0.05,1.02287405745954
2023-05-15,"2 wk ahead inc flu hosp",2023-05-27,"09","quantile",0.1,1.55325238082749
2023-05-15,"2 wk ahead inc flu hosp",2023-05-27,"09","quantile",0.15,2.03472717792886
2023-05-15,"2 wk ahead inc flu hosp",2023-05-27,"09","quantile",0.2,2.7022469531251
2023-05-15,"2 wk ahead inc flu hosp",2023-05-27,"09","quantile",0.25,3.43410232371183
2023-05-15,"2 wk ahead inc flu hosp",2023-05-27,"09","quantile",0.3,4.16703930464011
2023-05-15,"2 wk ahead inc flu hosp",2023-05-27,"09","quantile",0.35,4.74984331861942
2023-05-15,"2 wk ahead inc flu hosp",2023-05-27,"09","quantile",0.4,5.452977073026
2023-05-15,"2 wk ahead inc flu hosp",2023-05-27,"09","quantile",0.45,6.1581554835906
2023-05-15,"2 wk ahead inc flu hosp",2023-05-27,"09","quantile",0.5,7.36700365943297
2023-05-15,"2 wk ahead inc flu hosp",2023-05-27,"09","quantile",0.55,8.64245821183741
2023-05-15,"2 wk ahead inc flu hosp",2023-05-27,"09","quantile",0.6,9.82096777562888
2023-05-15,"2 wk ahead inc flu hosp",2023-05-27,"09","quantile",0.65,11.0206164367357
2023-05-15,"2 wk ahead inc flu hosp",2023-05-27,"09","quantile",0.7,13.5289536881874
2023-05-15,"2 wk ahead inc flu hosp",2023-05-27,"09","quantile",0.75,15.3383619877309
2023-05-15,"2 wk ahead inc flu hosp",2023-05-27,"09","quantile",0.8,17.1986516498101
2023-05-15,"2 wk ahead inc flu hosp",2023-05-27,"09","quantile",0.85,19.9494593084863
2023-05-15,"2 wk ahead inc flu hosp",2023-05-27,"09","quantile",0.9,22.9913627774346
2023-05-15,"2 wk ahead inc flu hosp",2023-05-27,"09","quantile",0.95,29.3509647359868
2023-05-15,"2 wk ahead inc flu hosp",2023-05-27,"09","quantile",0.975,35.5232704051844
2023-05-15,"2 wk ahead inc flu hosp",2023-05-27,"09","quantile",0.99,43.9673075683471
2023-05-15,"3 wk ahead inc flu hosp",2023-06-03,"09","quantile",0.01,0.464624335117407
2023-05-15,"3 wk ahead inc flu hosp",2023-06-03,"09","quantile",0.025,0.633579000631232
2023-05-15,"3 wk ahead inc flu hosp",2023-06-03,"09","quantile",0.05,0.812686943736836
2023-05-15,"3 wk ahead inc flu hosp",2023-06-03,"09","quantile",0.1,1.31962054040399
2023-05-15,"3 wk ahead inc flu hosp",2023-06-03,"09","quantile",0.15,1.71991277985059
2023-05-15,"3 wk ahead inc flu hosp",2023-06-03,"09","quantile",0.2,2.28645443257501
2023-05-15,"3 wk ahead inc flu hosp",2023-06-03,"09","quantile",0.25,2.70802212327141
2023-05-15,"3 wk ahead inc flu hosp",2023-06-03,"09","quantile",0.3,3.19048643806522
2023-05-15,"3 wk ahead inc flu hosp",2023-06-03,"09","quantile",0.35,3.85690560886245
2023-05-15,"3 wk ahead inc flu hosp",2023-06-03,"09","quantile",0.4,4.47920800895649
2023-05-15,"3 wk ahead inc flu hosp",2023-06-03,"09","quantile",0.45,5.56232253576723
2023-05-15,"3 wk ahead inc flu hosp",2023-06-03,"09","quantile",0.5,7.38888433125715
2023-05-15,"3 wk ahead inc flu hosp",2023-06-03,"09","quantile",0.55,9.32948080083941
2023-05-15,"3 wk ahead inc flu hosp",2023-06-03,"09","quantile",0.6,12.2417848739912
2023-05-15,"3 wk ahead inc flu hosp",2023-06-03,"09","quantile",0.65,13.8987616793726
2023-05-15,"3 wk ahead inc flu hosp",2023-06-03,"09","quantile",0.7,16.8409517536626
2023-05-15,"3 wk ahead inc flu hosp",2023-06-03,"09","quantile",0.75,20.1705122255405
2023-05-15,"3 wk ahead inc flu hosp",2023-06-03,"09","quantile",0.8,22.5186190898624
2023-05-15,"3 wk ahead inc flu hosp",2023-06-03,"09","quantile",0.85,26.003970432686
2023-05-15,"3 wk ahead inc flu hosp",2023-06-03,"09","quantile",0.9,30.2411227638574
2023-05-15,"3 wk ahead inc flu hosp",2023-06-03,"09","quantile",0.95,38.1212460167254
2023-05-15,"3 wk ahead inc flu hosp",2023-06-03,"09","quantile",0.975,45.5865741289433
2023-05-15,"3 wk ahead inc flu hosp",2023-06-03,"09","quantile",0.99,57.9019599736643
2023-05-15,"4 wk ahead inc flu hosp",2023-06-10,"09","quantile",0.01,0.442188068921331
2023-05-15,"4 wk ahead inc flu hosp",2023-06-10,"09","quantile",0.025,0.576610855394492
2023-05-15,"4 wk ahead inc flu hosp",2023-06-10,"09","quantile",0.05,0.718950512798615
2023-05-15,"4 wk ahead inc flu hosp",2023-06-10,"09","quantile",0.1,1.22446569245717
2023-05-15,"4 wk ahead inc flu hosp",2023-06-10,"09","quantile",0.15,1.64668949165334
2023-05-15,"4 wk ahead inc flu hosp",2023-06-10,"09","quantile",0.2,2.1308964048423
2023-05-15,"4 wk ahead inc flu hosp",2023-06-10,"09","quantile",0.25,2.57884532973676
2023-05-15,"4 wk ahead inc flu hosp",2023-06-10,"09","quantile",0.3,3.06213783674627
2023-05-15,"4 wk ahead inc flu hosp",2023-06-10,"09","quantile",0.35,3.5163290004112
2023-05-15,"4 wk ahead inc flu hosp",2023-06-10,"09","quantile",0.4,4.46335428935155
2023-05-15,"4 wk ahead inc flu hosp",2023-06-10,"09","quantile",0.45,5.077578937601
2023-05-15,"4 wk ahead inc flu hosp",2023-06-10,"09","quantile",0.5,8.15694498813353
2023-05-15,"4 wk ahead inc flu hosp",2023-06-10,"09","quantile",0.55,12.0504334515896
2023-05-15,"4 wk ahead inc flu hosp",2023-06-10,"09","quantile",0.6,14.3503905931561
2023-05-15,"4 wk ahead inc flu hosp",2023-06-10,"09","quantile",0.65,16.5600822549303
2023-05-15,"4 wk ahead inc flu hosp",2023-06-10,"09","quantile",0.7,20.121751329124
2023-05-15,"4 wk ahead inc flu hosp",2023-06-10,"09","quantile",0.75,24.0601167478979
2023-05-15,"4 wk ahead inc flu hosp",2023-06-10,"09","quantile",0.8,28.5350946982357
2023-05-15,"4 wk ahead inc flu hosp",2023-06-10,"09","quantile",0.85,33.3674305564808
2023-05-15,"4 wk ahead inc flu hosp",2023-06-10,"09","quantile",0.9,40.6581388488767
2023-05-15,"4 wk ahead inc flu hosp",2023-06-10,"09","quantile",0.95,49.8258310203577
2023-05-15,"4 wk ahead inc flu hosp",2023-06-10,"09","quantile",0.975,59.1313253146244
2023-05-15,"4 wk ahead inc flu hosp",2023-06-10,"09","quantile",0.99,75.3732832968438
2023-05-15,"1 wk ahead inc flu hosp",2023-05-20,"10","quantile",0.01,0.0581123181209426
2023-05-15,"1 wk ahead inc flu hosp",2023-05-20,"10","quantile",0.025,0.0693678927888533
2023-05-15,"1 wk ahead inc flu hosp",2023-05-20,"10","quantile",0.05,0.0834985814285717
2023-05-15,"1 wk ahead inc flu hosp",2023-05-20,"10","quantile",0.1,0.115703995276213
2023-05-15,"1 wk ahead inc flu hosp",2023-05-20,"10","quantile",0.15,0.164806625915524
2023-05-15,"1 wk ahead inc flu hosp",2023-05-20,"10","quantile",0.2,0.206711747122722
2023-05-15,"1 wk ahead inc flu hosp",2023-05-20,"10","quantile",0.25,0.256108674650276
2023-05-15,"1 wk ahead inc flu hosp",2023-05-20,"10","quantile",0.3,0.314060054809802
2023-05-15,"1 wk ahead inc flu hosp",2023-05-20,"10","quantile",0.35,0.371183066312551
2023-05-15,"1 wk ahead inc flu hosp",2023-05-20,"10","quantile",0.4,0.495279887953931
2023-05-15,"1 wk ahead inc flu hosp",2023-05-20,"10","quantile",0.45,0.744745718460886
2023-05-15,"1 wk ahead inc flu hosp",2023-05-20,"10","quantile",0.5,0.992267507706849
2023-05-15,"1 wk ahead inc flu hosp",2023-05-20,"10","quantile",0.55,1.2547002670271
2023-05-15,"1 wk ahead inc flu hosp",2023-05-20,"10","quantile",0.6,1.87581877807209
2023-05-15,"1 wk ahead inc flu hosp",2023-05-20,"10","quantile",0.65,2.09124403221994
2023-05-15,"1 wk ahead inc flu hosp",2023-05-20,"10","quantile",0.7,2.49261530478661
2023-05-15,"1 wk ahead inc flu hosp",2023-05-20,"10","quantile",0.75,2.84839167572258
2023-05-15,"1 wk ahead inc flu hosp",2023-05-20,"10","quantile",0.8,3.64775729828748
2023-05-15,"1 wk ahead inc flu hosp",2023-05-20,"10","quantile",0.85,4.15149118473937
2023-05-15,"1 wk ahead inc flu hosp",2023-05-20,"10","quantile",0.9,5.28339023487616
2023-05-15,"1 wk ahead inc flu hosp",2023-05-20,"10","quantile",0.95,6.62910887092246
2023-05-15,"1 wk ahead inc flu hosp",2023-05-20,"10","quantile",0.975,7.81904824855711
2023-05-15,"1 wk ahead inc flu hosp",2023-05-20,"10","quantile",0.99,9.68182814210949
2023-05-15,"2 wk ahead inc flu hosp",2023-05-27,"10","quantile",0.01,0.0606619473698504
2023-05-15,"2 wk ahead inc flu hosp",2023-05-27,"10","quantile",0.025,0.0718879705900975
2023-05-15,"2 wk ahead inc flu hosp",2023-05-27,"10","quantile",0.05,0.0823483513092001
2023-05-15,"2 wk ahead inc flu hosp",2023-05-27,"10","quantile",0.1,0.108916637487063
2023-05-15,"2 wk ahead inc flu hosp",2023-05-27,"10","quantile",0.15,0.143873678224644
2023-05-15,"2 wk ahead inc flu hosp",2023-05-27,"10","quantile",0.2,0.183651706080834
2023-05-15,"2 wk ahead inc flu hosp",2023-05-27,"10","quantile",0.25,0.233964232061473
2023-05-15,"2 wk ahead inc flu hosp",2023-05-27,"10","quantile",0.3,0.292662870519968
2023-05-15,"2 wk ahead inc flu hosp",2023-05-27,"10","quantile",0.35,0.348937435509729
2023-05-15,"2 wk ahead inc flu hosp",2023-05-27,"10","quantile",0.4,0.454109421224341
2023-05-15,"2 wk ahead inc flu hosp",2023-05-27,"10","quantile",0.45,0.750688157544777
2023-05-15,"2 wk ahead inc flu hosp",2023-05-27,"10","quantile",0.5,1.08469663825454
2023-05-15,"2 wk ahead inc flu hosp",2023-05-27,"10","quantile",0.55,1.43487919744969
2023-05-15,"2 wk ahead inc flu hosp",2023-05-27,"10","quantile",0.6,1.98752509564022
2023-05-15,"2 wk ahead inc flu hosp",2023-05-27,"10","quantile",0.65,2.4474076993631
2023-05-15,"2 wk ahead inc flu hosp",2023-05-27,"10","quantile",0.7,2.84612111641701
2023-05-15,"2 wk ahead inc flu hosp",2023-05-27,"10","quantile",0.75,3.78250987348234
2023-05-15,"2 wk ahead inc flu hosp",2023-05-27,"10","quantile",0.8,4.53844501243165
2023-05-15,"2 wk ahead inc flu hosp",2023-05-27,"10","quantile",0.85,5.64188403768579
2023-05-15,"2 wk ahead inc flu hosp",2023-05-27,"10","quantile",0.9,7.27395917263573
2023-05-15,"2 wk ahead inc flu hosp",2023-05-27,"10","quantile",0.95,9.30753605095795
2023-05-15,"2 wk ahead inc flu hosp",2023-05-27,"10","quantile",0.975,11.3020800749355
2023-05-15,"2 wk ahead inc flu hosp",2023-05-27,"10","quantile",0.99,14.4266038963551
2023-05-15,"3 wk ahead inc flu hosp",2023-06-03,"10","quantile",0.01,0.0796854693687246
2023-05-15,"3 wk ahead inc flu hosp",2023-06-03,"10","quantile",0.025,0.0874901748896705
2023-05-15,"3 wk ahead inc flu hosp",2023-06-03,"10","quantile",0.05,0.0989453559395886
2023-05-15,"3 wk ahead inc flu hosp",2023-06-03,"10","quantile",0.1,0.13324421318005
2023-05-15,"3 wk ahead inc flu hosp",2023-06-03,"10","quantile",0.15,0.173252809928687
2023-05-15,"3 wk ahead inc flu hosp",2023-06-03,"10","quantile",0.2,0.211821601690535
2023-05-15,"3 wk ahead inc flu hosp",2023-06-03,"10","quantile",0.25,0.256859098636611
2023-05-15,"3 wk ahead inc flu hosp",2023-06-03,"10","quantile",0.3,0.295818160741077
2023-05-15,"3 wk ahead inc flu hosp",2023-06-03,"10","quantile",0.35,0.34441663602395
2023-05-15,"3 wk ahead inc flu hosp",2023-06-03,"10","quantile",0.4,0.486115616056375
2023-05-15,"3 wk ahead inc flu hosp",2023-06-03,"10","quantile",0.45,0.765411813872991
2023-05-15,"3 wk ahead inc flu hosp",2023-06-03,"10","quantile",0.5,1.21608073644126
2023-05-15,"3 wk ahead inc flu hosp",2023-06-03,"10","quantile",0.55,1.70997932216045
2023-05-15,"3 wk ahead inc flu hosp",2023-06-03,"10","quantile",0.6,2.53064405303879
2023-05-15,"3 wk ahead inc flu hosp",2023-06-03,"10","quantile",0.65,3.05438534696088
2023-05-15,"3 wk ahead inc flu hosp",2023-06-03,"10","quantile",0.7,3.65782455641938
2023-05-15,"3 wk ahead inc flu hosp",2023-06-03,"10","quantile",0.75,4.39385688759315
2023-05-15,"3 wk ahead inc flu hosp",2023-06-03,"10","quantile",0.8,5.23099338094895
2023-05-15,"3 wk ahead inc flu hosp",2023-06-03,"10","quantile",0.85,6.67042007190298
2023-05-15,"3 wk ahead inc flu hosp",2023-06-03,"10","quantile",0.9,8.6487829536766
2023-05-15,"3 wk ahead inc flu hosp",2023-06-03,"10","quantile",0.95,11.6131417917165
2023-05-15,"3 wk ahead inc flu hosp",2023-06-03,"10","quantile",0.975,14.3260001590121
2023-05-15,"3 wk ahead inc flu hosp",2023-06-03,"10","quantile",0.99,17.8283101647569
2023-05-15,"4 wk ahead inc flu hosp",2023-06-10,"10","quantile",0.01,0.0973730408974734
2023-05-15,"4 wk ahead inc flu hosp",2023-06-10,"10","quantile",0.025,0.104394798887267
2023-05-15,"4 wk ahead inc flu hosp",2023-06-10,"10","quantile",0.05,0.120553822438688
2023-05-15,"4 wk ahead inc flu hosp",2023-06-10,"10","quantile",0.1,0.160974744186667
2023-05-15,"4 wk ahead inc flu hosp",2023-06-10,"10","quantile",0.15,0.206306227893252
2023-05-15,"4 wk ahead inc flu hosp",2023-06-10,"10","quantile",0.2,0.251873931602599
2023-05-15,"4 wk ahead inc flu hosp",2023-06-10,"10","quantile",0.25,0.298221867820038
2023-05-15,"4 wk ahead inc flu hosp",2023-06-10,"10","quantile",0.3,0.341149965728842
2023-05-15,"4 wk ahead inc flu hosp",2023-06-10,"10","quantile",0.35,0.451420582514589
2023-05-15,"4 wk ahead inc flu hosp",2023-06-10,"10","quantile",0.4,0.524155154968357
2023-05-15,"4 wk ahead inc flu hosp",2023-06-10,"10","quantile",0.45,0.860514717970813
2023-05-15,"4 wk ahead inc flu hosp",2023-06-10,"10","quantile",0.5,1.39006785015977
2023-05-15,"4 wk ahead inc flu hosp",2023-06-10,"10","quantile",0.55,2.01473029431991
2023-05-15,"4 wk ahead inc flu hosp",2023-06-10,"10","quantile",0.6,2.90965686908907
2023-05-15,"4 wk ahead inc flu hosp",2023-06-10,"10","quantile",0.65,3.49317957232648
2023-05-15,"4 wk ahead inc flu hosp",2023-06-10,"10","quantile",0.7,4.34895240346527
2023-05-15,"4 wk ahead inc flu hosp",2023-06-10,"10","quantile",0.75,5.40998073059321
2023-05-15,"4 wk ahead inc flu hosp",2023-06-10,"10","quantile",0.8,6.24615118700572
2023-05-15,"4 wk ahead inc flu hosp",2023-06-10,"10","quantile",0.85,7.73614094195448
2023-05-15,"4 wk ahead inc flu hosp",2023-06-10,"10","quantile",0.9,10.498726494304
2023-05-15,"4 wk ahead inc flu hosp",2023-06-10,"10","quantile",0.95,13.8593063321122
2023-05-15,"4 wk ahead inc flu hosp",2023-06-10,"10","quantile",0.975,17.9085003058286
2023-05-15,"4 wk ahead inc flu hosp",2023-06-10,"10","quantile",0.99,23.863827718201
2023-05-15,"1 wk ahead inc flu hosp",2023-05-20,"11","quantile",0.01,0.124813913819968
2023-05-15,"1 wk ahead inc flu hosp",2023-05-20,"11","quantile",0.025,0.144173236399971
2023-05-15,"1 wk ahead inc flu hosp",2023-05-20,"11","quantile",0.05,0.174379383243636
2023-05-15,"1 wk ahead inc flu hosp",2023-05-20,"11","quantile",0.1,0.228647610667374
2023-05-15,"1 wk ahead inc flu hosp",2023-05-20,"11","quantile",0.15,0.26113974814359
2023-05-15,"1 wk ahead inc flu hosp",2023-05-20,"11","quantile",0.2,0.297205623024507
2023-05-15,"1 wk ahead inc flu hosp",2023-05-20,"11","quantile",0.25,0.41162803425955
2023-05-15,"1 wk ahead inc flu hosp",2023-05-20,"11","quantile",0.3,0.503465289563037
2023-05-15,"1 wk ahead inc flu hosp",2023-05-20,"11","quantile",0.35,0.574201714292842
2023-05-15,"1 wk ahead inc flu hosp",2023-05-20,"11","quantile",0.4,0.821957146346684
2023-05-15,"1 wk ahead inc flu hosp",2023-05-20,"11","quantile",0.45,0.866211424868186
2023-05-15,"1 wk ahead inc flu hosp",2023-05-20,"11","quantile",0.5,1.07595119433507
2023-05-15,"1 wk ahead inc flu hosp",2023-05-20,"11","quantile",0.55,1.29694351941167
2023-05-15,"1 wk ahead inc flu hosp",2023-05-20,"11","quantile",0.6,1.4184632889704
2023-05-15,"1 wk ahead inc flu hosp",2023-05-20,"11","quantile",0.65,1.62943430900832
2023-05-15,"1 wk ahead inc flu hosp",2023-05-20,"11","quantile",0.7,1.90171515441194
2023-05-15,"1 wk ahead inc flu hosp",2023-05-20,"11","quantile",0.75,2.05912022373388
2023-05-15,"1 wk ahead inc flu hosp",2023-05-20,"11","quantile",0.8,2.54732145704306
2023-05-15,"1 wk ahead inc flu hosp",2023-05-20,"11","quantile",0.85,2.9392477030265
2023-05-15,"1 wk ahead inc flu hosp",2023-05-20,"11","quantile",0.9,3.53242224359799
2023-05-15,"1 wk ahead inc flu hosp",2023-05-20,"11","quantile",0.95,4.35465959212326
2023-05-15,"1 wk ahead inc flu hosp",2023-05-20,"11","quantile",0.975,5.19647411808529
2023-05-15,"1 wk ahead inc flu hosp",2023-05-20,"11","quantile",0.99,6.24831844758094
2023-05-15,"2 wk ahead inc flu hosp",2023-05-27,"11","quantile",0.01,0.125623791842161
2023-05-15,"2 wk ahead inc flu hosp",2023-05-27,"11","quantile",0.025,0.144559211630748
2023-05-15,"2 wk ahead inc flu hosp",2023-05-27,"11","quantile",0.05,0.168981963645769
2023-05-15,"2 wk ahead inc flu hosp",2023-05-27,"11","quantile",0.1,0.216179602986832
2023-05-15,"2 wk ahead inc flu hosp",2023-05-27,"11","quantile",0.15,0.258105244084629
2023-05-15,"2 wk ahead inc flu hosp",2023-05-27,"11","quantile",0.2,0.298486438362938
2023-05-15,"2 wk ahead inc flu hosp",2023-05-27,"11","quantile",0.25,0.412226677942376
2023-05-15,"2 wk ahead inc flu hosp",2023-05-27,"11","quantile",0.3,0.457475570911847
2023-05-15,"2 wk ahead inc flu hosp",2023-05-27,"11","quantile",0.35,0.501297501248717
2023-05-15,"2 wk ahead inc flu hosp",2023-05-27,"11","quantile",0.4,0.612924608058216
2023-05-15,"2 wk ahead inc flu hosp",2023-05-27,"11","quantile",0.45,0.664679279283074
2023-05-15,"2 wk ahead inc flu hosp",2023-05-27,"11","quantile",0.5,0.88037788657162
2023-05-15,"2 wk ahead inc flu hosp",2023-05-27,"11","quantile",0.55,1.03552265663928
2023-05-15,"2 wk ahead inc flu hosp",2023-05-27,"11","quantile",0.6,1.18022297251017
2023-05-15,"2 wk ahead inc flu hosp",2023-05-27,"11","quantile",0.65,1.55722731187408
2023-05-15,"2 wk ahead inc flu hosp",2023-05-27,"11","quantile",0.7,1.85745368724165
2023-05-15,"2 wk ahead inc flu hosp",2023-05-27,"11","quantile",0.75,2.09498038553202
2023-05-15,"2 wk ahead inc flu hosp",2023-05-27,"11","quantile",0.8,2.5299666917269
2023-05-15,"2 wk ahead inc flu hosp",2023-05-27,"11","quantile",0.85,3.24055235420309
2023-05-15,"2 wk ahead inc flu hosp",2023-05-27,"11","quantile",0.9,4.03210569987296
2023-05-15,"2 wk ahead inc flu hosp",2023-05-27,"11","quantile",0.95,5.57733982857108
2023-05-15,"2 wk ahead inc flu hosp",2023-05-27,"11","quantile",0.975,6.87870636608585
2023-05-15,"2 wk ahead inc flu hosp",2023-05-27,"11","quantile",0.99,8.87091313039431
2023-05-15,"3 wk ahead inc flu hosp",2023-06-03,"11","quantile",0.01,0.0810068390963495
2023-05-15,"3 wk ahead inc flu hosp",2023-06-03,"11","quantile",0.025,0.0995311771039505
2023-05-15,"3 wk ahead inc flu hosp",2023-06-03,"11","quantile",0.05,0.125861867458278
2023-05-15,"3 wk ahead inc flu hosp",2023-06-03,"11","quantile",0.1,0.171023299731787
2023-05-15,"3 wk ahead inc flu hosp",2023-06-03,"11","quantile",0.15,0.195806490971748
2023-05-15,"3 wk ahead inc flu hosp",2023-06-03,"11","quantile",0.2,0.232974578351022
2023-05-15,"3 wk ahead inc flu hosp",2023-06-03,"11","quantile",0.25,0.293981430385618
2023-05-15,"3 wk ahead inc flu hosp",2023-06-03,"11","quantile",0.3,0.399888249338467
2023-05-15,"3 wk ahead inc flu hosp",2023-06-03,"11","quantile",0.35,0.459008256686647
2023-05-15,"3 wk ahead inc flu hosp",2023-06-03,"11","quantile",0.4,0.528746044731122
2023-05-15,"3 wk ahead inc flu hosp",2023-06-03,"11","quantile",0.45,0.67614561745314
2023-05-15,"3 wk ahead inc flu hosp",2023-06-03,"11","quantile",0.5,0.899032272398124
2023-05-15,"3 wk ahead inc flu hosp",2023-06-03,"11","quantile",0.55,1.19839312367738
2023-05-15,"3 wk ahead inc flu hosp",2023-06-03,"11","quantile",0.6,1.48027421220811
2023-05-15,"3 wk ahead inc flu hosp",2023-06-03,"11","quantile",0.65,1.89543425866603
2023-05-15,"3 wk ahead inc flu hosp",2023-06-03,"11","quantile",0.7,2.13685241581196
2023-05-15,"3 wk ahead inc flu hosp",2023-06-03,"11","quantile",0.75,2.64413992266507
2023-05-15,"3 wk ahead inc flu hosp",2023-06-03,"11","quantile",0.8,3.35854143003138
2023-05-15,"3 wk ahead inc flu hosp",2023-06-03,"11","quantile",0.85,4.24355507006784
2023-05-15,"3 wk ahead inc flu hosp",2023-06-03,"11","quantile",0.9,5.9802753223298
2023-05-15,"3 wk ahead inc flu hosp",2023-06-03,"11","quantile",0.95,8.26785308532825
2023-05-15,"3 wk ahead inc flu hosp",2023-06-03,"11","quantile",0.975,9.99984414313522
2023-05-15,"3 wk ahead inc flu hosp",2023-06-03,"11","quantile",0.99,12.6632962080455
2023-05-15,"4 wk ahead inc flu hosp",2023-06-10,"11","quantile",0.01,0.0925216077279092
2023-05-15,"4 wk ahead inc flu hosp",2023-06-10,"11","quantile",0.025,0.112551539808916
2023-05-15,"4 wk ahead inc flu hosp",2023-06-10,"11","quantile",0.05,0.136480890947365
2023-05-15,"4 wk ahead inc flu hosp",2023-06-10,"11","quantile",0.1,0.179567271012639
2023-05-15,"4 wk ahead inc flu hosp",2023-06-10,"11","quantile",0.15,0.212361176037817
2023-05-15,"4 wk ahead inc flu hosp",2023-06-10,"11","quantile",0.2,0.245262720720628
2023-05-15,"4 wk ahead inc flu hosp",2023-06-10,"11","quantile",0.25,0.303575066078308
2023-05-15,"4 wk ahead inc flu hosp",2023-06-10,"11","quantile",0.3,0.411967401692224
2023-05-15,"4 wk ahead inc flu hosp",2023-06-10,"11","quantile",0.35,0.477133321021039
2023-05-15,"4 wk ahead inc flu hosp",2023-06-10,"11","quantile",0.4,0.547625244529198
2023-05-15,"4 wk ahead inc flu hosp",2023-06-10,"11","quantile",0.45,0.720656156947789
2023-05-15,"4 wk ahead inc flu hosp",2023-06-10,"11","quantile",0.5,0.905114461724037
2023-05-15,"4 wk ahead inc flu hosp",2023-06-10,"11","quantile",0.55,1.41378140684373
2023-05-15,"4 wk ahead inc flu hosp",2023-06-10,"11","quantile",0.6,1.67650592746986
2023-05-15,"4 wk ahead inc flu hosp",2023-06-10,"11","quantile",0.65,2.13594234114949
2023-05-15,"4 wk ahead inc flu hosp",2023-06-10,"11","quantile",0.7,2.61820555394694
2023-05-15,"4 wk ahead inc flu hosp",2023-06-10,"11","quantile",0.75,3.19453706495251
2023-05-15,"4 wk ahead inc flu hosp",2023-06-10,"11","quantile",0.8,3.76020673087074
2023-05-15,"4 wk ahead inc flu hosp",2023-06-10,"11","quantile",0.85,5.36347722964395
2023-05-15,"4 wk ahead inc flu hosp",2023-06-10,"11","quantile",0.9,6.77960841483623
2023-05-15,"4 wk ahead inc flu hosp",2023-06-10,"11","quantile",0.95,10.3455405192189
2023-05-15,"4 wk ahead inc flu hosp",2023-06-10,"11","quantile",0.975,12.3030318726575
2023-05-15,"4 wk ahead inc flu hosp",2023-06-10,"11","quantile",0.99,16.626698488678
2023-05-15,"1 wk ahead inc flu hosp",2023-05-20,"12","quantile",0.01,43.2263141232832
2023-05-15,"1 wk ahead inc flu hosp",2023-05-20,"12","quantile",0.025,51.8781297376323
2023-05-15,"1 wk ahead inc flu hosp",2023-05-20,"12","quantile",0.05,60.9998963589445
2023-05-15,"1 wk ahead inc flu hosp",2023-05-20,"12","quantile",0.1,71.6250160359569
2023-05-15,"1 wk ahead inc flu hosp",2023-05-20,"12","quantile",0.15,80.6628535521741
2023-05-15,"1 wk ahead inc flu hosp",2023-05-20,"12","quantile",0.2,90.380777285887
2023-05-15,"1 wk ahead inc flu hosp",2023-05-20,"12","quantile",0.25,97.8376163887037
2023-05-15,"1 wk ahead inc flu hosp",2023-05-20,"12","quantile",0.3,102.669763069075
2023-05-15,"1 wk ahead inc flu hosp",2023-05-20,"12","quantile",0.35,108.363814604354
2023-05-15,"1 wk ahead inc flu hosp",2023-05-20,"12","quantile",0.4,114.213735529176
2023-05-15,"1 wk ahead inc flu hosp",2023-05-20,"12","quantile",0.45,118.714949371311
2023-05-15,"1 wk ahead inc flu hosp",2023-05-20,"12","quantile",0.5,124.034496725963
2023-05-15,"1 wk ahead inc flu hosp",2023-05-20,"12","quantile",0.55,129.367050232067
2023-05-15,"1 wk ahead inc flu hosp",2023-05-20,"12","quantile",0.6,135.203060404308
2023-05-15,"1 wk ahead inc flu hosp",2023-05-20,"12","quantile",0.65,141.462714450867
2023-05-15,"1 wk ahead inc flu hosp",2023-05-20,"12","quantile",0.7,150.111136566767
2023-05-15,"1 wk ahead inc flu hosp",2023-05-20,"12","quantile",0.75,158.332447854574
2023-05-15,"1 wk ahead inc flu hosp",2023-05-20,"12","quantile",0.8,165.937725577264
2023-05-15,"1 wk ahead inc flu hosp",2023-05-20,"12","quantile",0.85,177.695438889105
2023-05-15,"1 wk ahead inc flu hosp",2023-05-20,"12","quantile",0.9,196.106882579494
2023-05-15,"1 wk ahead inc flu hosp",2023-05-20,"12","quantile",0.95,224.405612353433
2023-05-15,"1 wk ahead inc flu hosp",2023-05-20,"12","quantile",0.975,244.242208069347
2023-05-15,"1 wk ahead inc flu hosp",2023-05-20,"12","quantile",0.99,278.837785128955
2023-05-15,"2 wk ahead inc flu hosp",2023-05-27,"12","quantile",0.01,32.8795108801471
2023-05-15,"2 wk ahead inc flu hosp",2023-05-27,"12","quantile",0.025,39.8310895727934
2023-05-15,"2 wk ahead inc flu hosp",2023-05-27,"12","quantile",0.05,47.787222250126
2023-05-15,"2 wk ahead inc flu hosp",2023-05-27,"12","quantile",0.1,58.8523068400197
2023-05-15,"2 wk ahead inc flu hosp",2023-05-27,"12","quantile",0.15,70.3245793454788
2023-05-15,"2 wk ahead inc flu hosp",2023-05-27,"12","quantile",0.2,79.1232467828991
2023-05-15,"2 wk ahead inc flu hosp",2023-05-27,"12","quantile",0.25,87.1336095387609
2023-05-15,"2 wk ahead inc flu hosp",2023-05-27,"12","quantile",0.3,95.1018836946148
2023-05-15,"2 wk ahead inc flu hosp",2023-05-27,"12","quantile",0.35,101.073138483883
2023-05-15,"2 wk ahead inc flu hosp",2023-05-27,"12","quantile",0.4,106.936790633269
2023-05-15,"2 wk ahead inc flu hosp",2023-05-27,"12","quantile",0.45,112.484113616156
2023-05-15,"2 wk ahead inc flu hosp",2023-05-27,"12","quantile",0.5,118.478117985846
2023-05-15,"2 wk ahead inc flu hosp",2023-05-27,"12","quantile",0.55,125.31710562026
2023-05-15,"2 wk ahead inc flu hosp",2023-05-27,"12","quantile",0.6,132.542483674115
2023-05-15,"2 wk ahead inc flu hosp",2023-05-27,"12","quantile",0.65,139.243922176748
2023-05-15,"2 wk ahead inc flu hosp",2023-05-27,"12","quantile",0.7,148.350074516303
2023-05-15,"2 wk ahead inc flu hosp",2023-05-27,"12","quantile",0.75,158.393853116245
2023-05-15,"2 wk ahead inc flu hosp",2023-05-27,"12","quantile",0.8,170.088910366464
2023-05-15,"2 wk ahead inc flu hosp",2023-05-27,"12","quantile",0.85,186.983533092717
2023-05-15,"2 wk ahead inc flu hosp",2023-05-27,"12","quantile",0.9,208.765431405102
2023-05-15,"2 wk ahead inc flu hosp",2023-05-27,"12","quantile",0.95,245.692222074717
2023-05-15,"2 wk ahead inc flu hosp",2023-05-27,"12","quantile",0.975,278.496530265383
2023-05-15,"2 wk ahead inc flu hosp",2023-05-27,"12","quantile",0.99,325.494471517236
2023-05-15,"3 wk ahead inc flu hosp",2023-06-03,"12","quantile",0.01,28.8528622887379
2023-05-15,"3 wk ahead inc flu hosp",2023-06-03,"12","quantile",0.025,35.4010624797227
2023-05-15,"3 wk ahead inc flu hosp",2023-06-03,"12","quantile",0.05,42.6203968638025
2023-05-15,"3 wk ahead inc flu hosp",2023-06-03,"12","quantile",0.1,52.2621188708837
2023-05-15,"3 wk ahead inc flu hosp",2023-06-03,"12","quantile",0.15,60.5045254350007
2023-05-15,"3 wk ahead inc flu hosp",2023-06-03,"12","quantile",0.2,69.3413957241718
2023-05-15,"3 wk ahead inc flu hosp",2023-06-03,"12","quantile",0.25,78.6453620837734
2023-05-15,"3 wk ahead inc flu hosp",2023-06-03,"12","quantile",0.3,86.4477524760918
2023-05-15,"3 wk ahead inc flu hosp",2023-06-03,"12","quantile",0.35,94.191212936553
2023-05-15,"3 wk ahead inc flu hosp",2023-06-03,"12","quantile",0.4,101.143239340601
2023-05-15,"3 wk ahead inc flu hosp",2023-06-03,"12","quantile",0.45,107.47153868937
2023-05-15,"3 wk ahead inc flu hosp",2023-06-03,"12","quantile",0.5,114.180124016783
2023-05-15,"3 wk ahead inc flu hosp",2023-06-03,"12","quantile",0.55,120.544118573697
2023-05-15,"3 wk ahead inc flu hosp",2023-06-03,"12","quantile",0.6,128.313516967673
2023-05-15,"3 wk ahead inc flu hosp",2023-06-03,"12","quantile",0.65,136.872013299769
2023-05-15,"3 wk ahead inc flu hosp",2023-06-03,"12","quantile",0.7,146.910799391257
2023-05-15,"3 wk ahead inc flu hosp",2023-06-03,"12","quantile",0.75,159.222149109647
2023-05-15,"3 wk ahead inc flu hosp",2023-06-03,"12","quantile",0.8,174.435296203064
2023-05-15,"3 wk ahead inc flu hosp",2023-06-03,"12","quantile",0.85,192.548298208806
2023-05-15,"3 wk ahead inc flu hosp",2023-06-03,"12","quantile",0.9,218.73314704343
2023-05-15,"3 wk ahead inc flu hosp",2023-06-03,"12","quantile",0.95,260.554053618612
2023-05-15,"3 wk ahead inc flu hosp",2023-06-03,"12","quantile",0.975,303.231968875183
2023-05-15,"3 wk ahead inc flu hosp",2023-06-03,"12","quantile",0.99,371.000114633303
2023-05-15,"4 wk ahead inc flu hosp",2023-06-10,"12","quantile",0.01,27.0033497586173
2023-05-15,"4 wk ahead inc flu hosp",2023-06-10,"12","quantile",0.025,33.4774168631738
2023-05-15,"4 wk ahead inc flu hosp",2023-06-10,"12","quantile",0.05,41.4971417205495
2023-05-15,"4 wk ahead inc flu hosp",2023-06-10,"12","quantile",0.1,50.3529801738648
2023-05-15,"4 wk ahead inc flu hosp",2023-06-10,"12","quantile",0.15,57.6413209198557
2023-05-15,"4 wk ahead inc flu hosp",2023-06-10,"12","quantile",0.2,64.8427801298849
2023-05-15,"4 wk ahead inc flu hosp",2023-06-10,"12","quantile",0.25,73.1008525218017
2023-05-15,"4 wk ahead inc flu hosp",2023-06-10,"12","quantile",0.3,82.685008494082
2023-05-15,"4 wk ahead inc flu hosp",2023-06-10,"12","quantile",0.35,90.9953185981488
2023-05-15,"4 wk ahead inc flu hosp",2023-06-10,"12","quantile",0.4,98.3949163658145
2023-05-15,"4 wk ahead inc flu hosp",2023-06-10,"12","quantile",0.45,106.036394889971
2023-05-15,"4 wk ahead inc flu hosp",2023-06-10,"12","quantile",0.5,113.188609218383
2023-05-15,"4 wk ahead inc flu hosp",2023-06-10,"12","quantile",0.55,122.236592861521
2023-05-15,"4 wk ahead inc flu hosp",2023-06-10,"12","quantile",0.6,132.973436951095
2023-05-15,"4 wk ahead inc flu hosp",2023-06-10,"12","quantile",0.65,142.487818484169
2023-05-15,"4 wk ahead inc flu hosp",2023-06-10,"12","quantile",0.7,152.465136375379
2023-05-15,"4 wk ahead inc flu hosp",2023-06-10,"12","quantile",0.75,165.059509675105
2023-05-15,"4 wk ahead inc flu hosp",2023-06-10,"12","quantile",0.8,178.015426382974
2023-05-15,"4 wk ahead inc flu hosp",2023-06-10,"12","quantile",0.85,194.761357012812
2023-05-15,"4 wk ahead inc flu hosp",2023-06-10,"12","quantile",0.9,231.008095476413
2023-05-15,"4 wk ahead inc flu hosp",2023-06-10,"12","quantile",0.95,278.170183009884
2023-05-15,"4 wk ahead inc flu hosp",2023-06-10,"12","quantile",0.975,321.735451191174
2023-05-15,"4 wk ahead inc flu hosp",2023-06-10,"12","quantile",0.99,414.946557937056
2023-05-15,"1 wk ahead inc flu hosp",2023-05-20,"13","quantile",0.01,15.6684182145489
2023-05-15,"1 wk ahead inc flu hosp",2023-05-20,"13","quantile",0.025,19.2176751333602
2023-05-15,"1 wk ahead inc flu hosp",2023-05-20,"13","quantile",0.05,23.4481044124638
2023-05-15,"1 wk ahead inc flu hosp",2023-05-20,"13","quantile",0.1,28.1437091239486
2023-05-15,"1 wk ahead inc flu hosp",2023-05-20,"13","quantile",0.15,31.5912183877834
2023-05-15,"1 wk ahead inc flu hosp",2023-05-20,"13","quantile",0.2,34.1611556574192
2023-05-15,"1 wk ahead inc flu hosp",2023-05-20,"13","quantile",0.25,37.0963720807681
2023-05-15,"1 wk ahead inc flu hosp",2023-05-20,"13","quantile",0.3,39.3728299256173
2023-05-15,"1 wk ahead inc flu hosp",2023-05-20,"13","quantile",0.35,41.6172223307904
2023-05-15,"1 wk ahead inc flu hosp",2023-05-20,"13","quantile",0.4,43.7454232344088
2023-05-15,"1 wk ahead inc flu hosp",2023-05-20,"13","quantile",0.45,46.0167407175623
2023-05-15,"1 wk ahead inc flu hosp",2023-05-20,"13","quantile",0.5,47.881074831848
2023-05-15,"1 wk ahead inc flu hosp",2023-05-20,"13","quantile",0.55,50.1643601252126
2023-05-15,"1 wk ahead inc flu hosp",2023-05-20,"13","quantile",0.6,53.070922332937
2023-05-15,"1 wk ahead inc flu hosp",2023-05-20,"13","quantile",0.65,55.5539196271804
2023-05-15,"1 wk ahead inc flu hosp",2023-05-20,"13","quantile",0.7,58.4091355791415
2023-05-15,"1 wk ahead inc flu hosp",2023-05-20,"13","quantile",0.75,62.1941589062092
2023-05-15,"1 wk ahead inc flu hosp",2023-05-20,"13","quantile",0.8,66.2435398587547
2023-05-15,"1 wk ahead inc flu hosp",2023-05-20,"13","quantile",0.85,71.3907894154063
2023-05-15,"1 wk ahead inc flu hosp",2023-05-20,"13","quantile",0.9,78.0641241822142
2023-05-15,"1 wk ahead inc flu hosp",2023-05-20,"13","quantile",0.95,91.1639976367749
2023-05-15,"1 wk ahead inc flu hosp",2023-05-20,"13","quantile",0.975,102.671704151612
2023-05-15,"1 wk ahead inc flu hosp",2023-05-20,"13","quantile",0.99,125.303224019483
2023-05-15,"2 wk ahead inc flu hosp",2023-05-27,"13","quantile",0.01,11.5863537166446
2023-05-15,"2 wk ahead inc flu hosp",2023-05-27,"13","quantile",0.025,14.7725205874587
2023-05-15,"2 wk ahead inc flu hosp",2023-05-27,"13","quantile",0.05,18.803576499905
2023-05-15,"2 wk ahead inc flu hosp",2023-05-27,"13","quantile",0.1,23.4497654251796
2023-05-15,"2 wk ahead inc flu hosp",2023-05-27,"13","quantile",0.15,26.7264594135587
2023-05-15,"2 wk ahead inc flu hosp",2023-05-27,"13","quantile",0.2,29.6406722332049
2023-05-15,"2 wk ahead inc flu hosp",2023-05-27,"13","quantile",0.25,32.9247124544951
2023-05-15,"2 wk ahead inc flu hosp",2023-05-27,"13","quantile",0.3,36.2226550153758
2023-05-15,"2 wk ahead inc flu hosp",2023-05-27,"13","quantile",0.35,38.6534544357064
2023-05-15,"2 wk ahead inc flu hosp",2023-05-27,"13","quantile",0.4,41.2925006994296
2023-05-15,"2 wk ahead inc flu hosp",2023-05-27,"13","quantile",0.45,43.790780049177
2023-05-15,"2 wk ahead inc flu hosp",2023-05-27,"13","quantile",0.5,49.3087697391505
2023-05-15,"2 wk ahead inc flu hosp",2023-05-27,"13","quantile",0.55,52.1931507988303
2023-05-15,"2 wk ahead inc flu hosp",2023-05-27,"13","quantile",0.6,55.3158646647686
2023-05-15,"2 wk ahead inc flu hosp",2023-05-27,"13","quantile",0.65,58.9098052938949
2023-05-15,"2 wk ahead inc flu hosp",2023-05-27,"13","quantile",0.7,62.1536622198121
2023-05-15,"2 wk ahead inc flu hosp",2023-05-27,"13","quantile",0.75,66.43910133168
2023-05-15,"2 wk ahead inc flu hosp",2023-05-27,"13","quantile",0.8,71.0456792411784
2023-05-15,"2 wk ahead inc flu hosp",2023-05-27,"13","quantile",0.85,78.7673252979495
2023-05-15,"2 wk ahead inc flu hosp",2023-05-27,"13","quantile",0.9,86.947793113683
2023-05-15,"2 wk ahead inc flu hosp",2023-05-27,"13","quantile",0.95,101.649913160501
2023-05-15,"2 wk ahead inc flu hosp",2023-05-27,"13","quantile",0.975,117.733072904526
2023-05-15,"2 wk ahead inc flu hosp",2023-05-27,"13","quantile",0.99,139.699754727375
2023-05-15,"3 wk ahead inc flu hosp",2023-06-03,"13","quantile",0.01,9.98628912084826
2023-05-15,"3 wk ahead inc flu hosp",2023-06-03,"13","quantile",0.025,12.9256229134472
2023-05-15,"3 wk ahead inc flu hosp",2023-06-03,"13","quantile",0.05,16.0637338216903
2023-05-15,"3 wk ahead inc flu hosp",2023-06-03,"13","quantile",0.1,20.7823527914954
2023-05-15,"3 wk ahead inc flu hosp",2023-06-03,"13","quantile",0.15,24.1662740590653
2023-05-15,"3 wk ahead inc flu hosp",2023-06-03,"13","quantile",0.2,27.3215375434981
2023-05-15,"3 wk ahead inc flu hosp",2023-06-03,"13","quantile",0.25,30.0719133995244
2023-05-15,"3 wk ahead inc flu hosp",2023-06-03,"13","quantile",0.3,32.6220066845498
2023-05-15,"3 wk ahead inc flu hosp",2023-06-03,"13","quantile",0.35,35.0577116303256
2023-05-15,"3 wk ahead inc flu hosp",2023-06-03,"13","quantile",0.4,39.0111815159545
2023-05-15,"3 wk ahead inc flu hosp",2023-06-03,"13","quantile",0.45,42.8293243184057
2023-05-15,"3 wk ahead inc flu hosp",2023-06-03,"13","quantile",0.5,46.3453906985546
2023-05-15,"3 wk ahead inc flu hosp",2023-06-03,"13","quantile",0.55,49.5799392187083
2023-05-15,"3 wk ahead inc flu hosp",2023-06-03,"13","quantile",0.6,54.1194150716934
2023-05-15,"3 wk ahead inc flu hosp",2023-06-03,"13","quantile",0.65,58.9237127470143
2023-05-15,"3 wk ahead inc flu hosp",2023-06-03,"13","quantile",0.7,63.0200501965446
2023-05-15,"3 wk ahead inc flu hosp",2023-06-03,"13","quantile",0.75,67.0153176301731
2023-05-15,"3 wk ahead inc flu hosp",2023-06-03,"13","quantile",0.8,72.3654322072995
2023-05-15,"3 wk ahead inc flu hosp",2023-06-03,"13","quantile",0.85,78.3526561572646
2023-05-15,"3 wk ahead inc flu hosp",2023-06-03,"13","quantile",0.9,87.8403686040677
2023-05-15,"3 wk ahead inc flu hosp",2023-06-03,"13","quantile",0.95,107.171641058841
2023-05-15,"3 wk ahead inc flu hosp",2023-06-03,"13","quantile",0.975,125.637275533958
2023-05-15,"3 wk ahead inc flu hosp",2023-06-03,"13","quantile",0.99,158.879099962069
2023-05-15,"4 wk ahead inc flu hosp",2023-06-10,"13","quantile",0.01,9.27984766724506
2023-05-15,"4 wk ahead inc flu hosp",2023-06-10,"13","quantile",0.025,12.0373291924491
2023-05-15,"4 wk ahead inc flu hosp",2023-06-10,"13","quantile",0.05,14.6503258291539
2023-05-15,"4 wk ahead inc flu hosp",2023-06-10,"13","quantile",0.1,19.0811936827959
2023-05-15,"4 wk ahead inc flu hosp",2023-06-10,"13","quantile",0.15,22.4651758113073
2023-05-15,"4 wk ahead inc flu hosp",2023-06-10,"13","quantile",0.2,25.8960718946613
2023-05-15,"4 wk ahead inc flu hosp",2023-06-10,"13","quantile",0.25,29.1203992095998
2023-05-15,"4 wk ahead inc flu hosp",2023-06-10,"13","quantile",0.3,31.9355842279679
2023-05-15,"4 wk ahead inc flu hosp",2023-06-10,"13","quantile",0.35,35.001663572983
2023-05-15,"4 wk ahead inc flu hosp",2023-06-10,"13","quantile",0.4,37.9877270807671
2023-05-15,"4 wk ahead inc flu hosp",2023-06-10,"13","quantile",0.45,42.0585906631248
2023-05-15,"4 wk ahead inc flu hosp",2023-06-10,"13","quantile",0.5,45.6905879416062
2023-05-15,"4 wk ahead inc flu hosp",2023-06-10,"13","quantile",0.55,49.0192971228701
2023-05-15,"4 wk ahead inc flu hosp",2023-06-10,"13","quantile",0.6,55.1029170462803
2023-05-15,"4 wk ahead inc flu hosp",2023-06-10,"13","quantile",0.65,59.5338934047075
2023-05-15,"4 wk ahead inc flu hosp",2023-06-10,"13","quantile",0.7,64.0385247262917
2023-05-15,"4 wk ahead inc flu hosp",2023-06-10,"13","quantile",0.75,69.2156605539932
2023-05-15,"4 wk ahead inc flu hosp",2023-06-10,"13","quantile",0.8,76.6239193407006
2023-05-15,"4 wk ahead inc flu hosp",2023-06-10,"13","quantile",0.85,84.796455213096
2023-05-15,"4 wk ahead inc flu hosp",2023-06-10,"13","quantile",0.9,95.7950552568053
2023-05-15,"4 wk ahead inc flu hosp",2023-06-10,"13","quantile",0.95,115.629211718663
2023-05-15,"4 wk ahead inc flu hosp",2023-06-10,"13","quantile",0.975,138.263521788781
2023-05-15,"4 wk ahead inc flu hosp",2023-06-10,"13","quantile",0.99,190.741504301777
2023-05-15,"1 wk ahead inc flu hosp",2023-05-20,"15","quantile",0.01,0.0693436201733974
2023-05-15,"1 wk ahead inc flu hosp",2023-05-20,"15","quantile",0.025,0.0775234719500785
2023-05-15,"1 wk ahead inc flu hosp",2023-05-20,"15","quantile",0.05,0.091904789176362
2023-05-15,"1 wk ahead inc flu hosp",2023-05-20,"15","quantile",0.1,0.127669317870313
2023-05-15,"1 wk ahead inc flu hosp",2023-05-20,"15","quantile",0.15,0.1561680598114
2023-05-15,"1 wk ahead inc flu hosp",2023-05-20,"15","quantile",0.2,0.253871584187529
2023-05-15,"1 wk ahead inc flu hosp",2023-05-20,"15","quantile",0.25,0.354322273557842
2023-05-15,"1 wk ahead inc flu hosp",2023-05-20,"15","quantile",0.3,0.518870169432572
2023-05-15,"1 wk ahead inc flu hosp",2023-05-20,"15","quantile",0.35,0.553079879523777
2023-05-15,"1 wk ahead inc flu hosp",2023-05-20,"15","quantile",0.4,0.652373696855401
2023-05-15,"1 wk ahead inc flu hosp",2023-05-20,"15","quantile",0.45,0.898665896288315
2023-05-15,"1 wk ahead inc flu hosp",2023-05-20,"15","quantile",0.5,1.07002450344118
2023-05-15,"1 wk ahead inc flu hosp",2023-05-20,"15","quantile",0.55,1.34318339091566
2023-05-15,"1 wk ahead inc flu hosp",2023-05-20,"15","quantile",0.6,1.45270700078779
2023-05-15,"1 wk ahead inc flu hosp",2023-05-20,"15","quantile",0.65,1.74607036171852
2023-05-15,"1 wk ahead inc flu hosp",2023-05-20,"15","quantile",0.7,2.04790885873847
2023-05-15,"1 wk ahead inc flu hosp",2023-05-20,"15","quantile",0.75,2.38148544107469
2023-05-15,"1 wk ahead inc flu hosp",2023-05-20,"15","quantile",0.8,2.7416869125319
2023-05-15,"1 wk ahead inc flu hosp",2023-05-20,"15","quantile",0.85,3.337453112181
2023-05-15,"1 wk ahead inc flu hosp",2023-05-20,"15","quantile",0.9,3.91855659840297
2023-05-15,"1 wk ahead inc flu hosp",2023-05-20,"15","quantile",0.95,5.19791074008277
2023-05-15,"1 wk ahead inc flu hosp",2023-05-20,"15","quantile",0.975,6.34383854251284
2023-05-15,"1 wk ahead inc flu hosp",2023-05-20,"15","quantile",0.99,7.61935670938692
2023-05-15,"2 wk ahead inc flu hosp",2023-05-27,"15","quantile",0.01,0.0445798800381443
2023-05-15,"2 wk ahead inc flu hosp",2023-05-27,"15","quantile",0.025,0.0513398726342924
2023-05-15,"2 wk ahead inc flu hosp",2023-05-27,"15","quantile",0.05,0.0674005738470397
2023-05-15,"2 wk ahead inc flu hosp",2023-05-27,"15","quantile",0.1,0.0933356430649454
2023-05-15,"2 wk ahead inc flu hosp",2023-05-27,"15","quantile",0.15,0.121107400204243
2023-05-15,"2 wk ahead inc flu hosp",2023-05-27,"15","quantile",0.2,0.216580537801956
2023-05-15,"2 wk ahead inc flu hosp",2023-05-27,"15","quantile",0.25,0.313177234194138
2023-05-15,"2 wk ahead inc flu hosp",2023-05-27,"15","quantile",0.3,0.404331096329429
2023-05-15,"2 wk ahead inc flu hosp",2023-05-27,"15","quantile",0.35,0.430239393538186
2023-05-15,"2 wk ahead inc flu hosp",2023-05-27,"15","quantile",0.4,0.594083533502504
2023-05-15,"2 wk ahead inc flu hosp",2023-05-27,"15","quantile",0.45,0.825392637219979
2023-05-15,"2 wk ahead inc flu hosp",2023-05-27,"15","quantile",0.5,0.994216796530214
2023-05-15,"2 wk ahead inc flu hosp",2023-05-27,"15","quantile",0.55,1.14189209141585
2023-05-15,"2 wk ahead inc flu hosp",2023-05-27,"15","quantile",0.6,1.67527198339684
2023-05-15,"2 wk ahead inc flu hosp",2023-05-27,"15","quantile",0.65,1.87516872166908
2023-05-15,"2 wk ahead inc flu hosp",2023-05-27,"15","quantile",0.7,2.26513923415807
2023-05-15,"2 wk ahead inc flu hosp",2023-05-27,"15","quantile",0.75,2.5871462293104
2023-05-15,"2 wk ahead inc flu hosp",2023-05-27,"15","quantile",0.8,3.07274214115723
2023-05-15,"2 wk ahead inc flu hosp",2023-05-27,"15","quantile",0.85,4.13285418802243
2023-05-15,"2 wk ahead inc flu hosp",2023-05-27,"15","quantile",0.9,4.81378952939628
2023-05-15,"2 wk ahead inc flu hosp",2023-05-27,"15","quantile",0.95,6.38618519702842
2023-05-15,"2 wk ahead inc flu hosp",2023-05-27,"15","quantile",0.975,8.06560432808195
2023-05-15,"2 wk ahead inc flu hosp",2023-05-27,"15","quantile",0.99,10.8115365399561
2023-05-15,"3 wk ahead inc flu hosp",2023-06-03,"15","quantile",0.01,0.106361587129053
2023-05-15,"3 wk ahead inc flu hosp",2023-06-03,"15","quantile",0.025,0.112425652477179
2023-05-15,"3 wk ahead inc flu hosp",2023-06-03,"15","quantile",0.05,0.129214430618188
2023-05-15,"3 wk ahead inc flu hosp",2023-06-03,"15","quantile",0.1,0.157946539452303
2023-05-15,"3 wk ahead inc flu hosp",2023-06-03,"15","quantile",0.15,0.182511189489374
2023-05-15,"3 wk ahead inc flu hosp",2023-06-03,"15","quantile",0.2,0.279289058034762
2023-05-15,"3 wk ahead inc flu hosp",2023-06-03,"15","quantile",0.25,0.373835699406279
2023-05-15,"3 wk ahead inc flu hosp",2023-06-03,"15","quantile",0.3,0.412306113320241
2023-05-15,"3 wk ahead inc flu hosp",2023-06-03,"15","quantile",0.35,0.521419795079264
2023-05-15,"3 wk ahead inc flu hosp",2023-06-03,"15","quantile",0.4,0.681405999781787
2023-05-15,"3 wk ahead inc flu hosp",2023-06-03,"15","quantile",0.45,0.920359126692157
2023-05-15,"3 wk ahead inc flu hosp",2023-06-03,"15","quantile",0.5,1.09611379621212
2023-05-15,"3 wk ahead inc flu hosp",2023-06-03,"15","quantile",0.55,1.33763496970458
2023-05-15,"3 wk ahead inc flu hosp",2023-06-03,"15","quantile",0.6,1.87472518363197
2023-05-15,"3 wk ahead inc flu hosp",2023-06-03,"15","quantile",0.65,2.37228538788616
2023-05-15,"3 wk ahead inc flu hosp",2023-06-03,"15","quantile",0.7,2.89835156450297
2023-05-15,"3 wk ahead inc flu hosp",2023-06-03,"15","quantile",0.75,3.35399191711492
2023-05-15,"3 wk ahead inc flu hosp",2023-06-03,"15","quantile",0.8,3.93977213418442
2023-05-15,"3 wk ahead inc flu hosp",2023-06-03,"15","quantile",0.85,4.86351236524787
2023-05-15,"3 wk ahead inc flu hosp",2023-06-03,"15","quantile",0.9,6.1921175985305
2023-05-15,"3 wk ahead inc flu hosp",2023-06-03,"15","quantile",0.95,9.07428852923926
2023-05-15,"3 wk ahead inc flu hosp",2023-06-03,"15","quantile",0.975,11.1304813157622
2023-05-15,"3 wk ahead inc flu hosp",2023-06-03,"15","quantile",0.99,14.9092355995793
2023-05-15,"4 wk ahead inc flu hosp",2023-06-10,"15","quantile",0.01,0.0614449239444018
2023-05-15,"4 wk ahead inc flu hosp",2023-06-10,"15","quantile",0.025,0.0673108754220945
2023-05-15,"4 wk ahead inc flu hosp",2023-06-10,"15","quantile",0.05,0.0944042540473978
2023-05-15,"4 wk ahead inc flu hosp",2023-06-10,"15","quantile",0.1,0.121854732950543
2023-05-15,"4 wk ahead inc flu hosp",2023-06-10,"15","quantile",0.15,0.142617433042187
2023-05-15,"4 wk ahead inc flu hosp",2023-06-10,"15","quantile",0.2,0.237781338796726
2023-05-15,"4 wk ahead inc flu hosp",2023-06-10,"15","quantile",0.25,0.270719201443548
2023-05-15,"4 wk ahead inc flu hosp",2023-06-10,"15","quantile",0.3,0.404248490753888
2023-05-15,"4 wk ahead inc flu hosp",2023-06-10,"15","quantile",0.35,0.504538504327058
2023-05-15,"4 wk ahead inc flu hosp",2023-06-10,"15","quantile",0.4,0.542425498099084
2023-05-15,"4 wk ahead inc flu hosp",2023-06-10,"15","quantile",0.45,0.797092489391793
2023-05-15,"4 wk ahead inc flu hosp",2023-06-10,"15","quantile",0.5,1.11860521512442
2023-05-15,"4 wk ahead inc flu hosp",2023-06-10,"15","quantile",0.55,1.46762022839538
2023-05-15,"4 wk ahead inc flu hosp",2023-06-10,"15","quantile",0.6,2.38593070098349
2023-05-15,"4 wk ahead inc flu hosp",2023-06-10,"15","quantile",0.65,2.65100976902605
2023-05-15,"4 wk ahead inc flu hosp",2023-06-10,"15","quantile",0.7,3.36073845466729
2023-05-15,"4 wk ahead inc flu hosp",2023-06-10,"15","quantile",0.75,3.84524801376192
2023-05-15,"4 wk ahead inc flu hosp",2023-06-10,"15","quantile",0.8,4.80584386949738
2023-05-15,"4 wk ahead inc flu hosp",2023-06-10,"15","quantile",0.85,5.7410300495044
2023-05-15,"4 wk ahead inc flu hosp",2023-06-10,"15","quantile",0.9,7.41663848425162
2023-05-15,"4 wk ahead inc flu hosp",2023-06-10,"15","quantile",0.95,10.6992539835764
2023-05-15,"4 wk ahead inc flu hosp",2023-06-10,"15","quantile",0.975,14.5134460998137
2023-05-15,"4 wk ahead inc flu hosp",2023-06-10,"15","quantile",0.99,20.4203880011505
2023-05-15,"1 wk ahead inc flu hosp",2023-05-20,"16","quantile",0.01,0.994426309023233
2023-05-15,"1 wk ahead inc flu hosp",2023-05-20,"16","quantile",0.025,1.42424063504588
2023-05-15,"1 wk ahead inc flu hosp",2023-05-20,"16","quantile",0.05,1.90982189010004
2023-05-15,"1 wk ahead inc flu hosp",2023-05-20,"16","quantile",0.1,2.54552791378736
2023-05-15,"1 wk ahead inc flu hosp",2023-05-20,"16","quantile",0.15,3.04551418858489
2023-05-15,"1 wk ahead inc flu hosp",2023-05-20,"16","quantile",0.2,3.68977903997158
2023-05-15,"1 wk ahead inc flu hosp",2023-05-20,"16","quantile",0.25,4.46607168023093
2023-05-15,"1 wk ahead inc flu hosp",2023-05-20,"16","quantile",0.3,4.93034206904837
2023-05-15,"1 wk ahead inc flu hosp",2023-05-20,"16","quantile",0.35,5.58209372696013
2023-05-15,"1 wk ahead inc flu hosp",2023-05-20,"16","quantile",0.4,6.23914581681839
2023-05-15,"1 wk ahead inc flu hosp",2023-05-20,"16","quantile",0.45,7.48641406557491
2023-05-15,"1 wk ahead inc flu hosp",2023-05-20,"16","quantile",0.5,8.40135960774387
2023-05-15,"1 wk ahead inc flu hosp",2023-05-20,"16","quantile",0.55,9.13526154707667
2023-05-15,"1 wk ahead inc flu hosp",2023-05-20,"16","quantile",0.6,10.1502380641707
2023-05-15,"1 wk ahead inc flu hosp",2023-05-20,"16","quantile",0.65,11.3951070824157
2023-05-15,"1 wk ahead inc flu hosp",2023-05-20,"16","quantile",0.7,12.3824375226419
2023-05-15,"1 wk ahead inc flu hosp",2023-05-20,"16","quantile",0.75,13.9328184771617
2023-05-15,"1 wk ahead inc flu hosp",2023-05-20,"16","quantile",0.8,15.3709352141119
2023-05-15,"1 wk ahead inc flu hosp",2023-05-20,"16","quantile",0.85,17.3569658138123
2023-05-15,"1 wk ahead inc flu hosp",2023-05-20,"16","quantile",0.9,19.5955911548506
2023-05-15,"1 wk ahead inc flu hosp",2023-05-20,"16","quantile",0.95,23.2660041013457
2023-05-15,"1 wk ahead inc flu hosp",2023-05-20,"16","quantile",0.975,25.9976225393921
2023-05-15,"1 wk ahead inc flu hosp",2023-05-20,"16","quantile",0.99,29.1989590079892
2023-05-15,"2 wk ahead inc flu hosp",2023-05-27,"16","quantile",0.01,0.651617442434211
2023-05-15,"2 wk ahead inc flu hosp",2023-05-27,"16","quantile",0.025,0.950635494047248
2023-05-15,"2 wk ahead inc flu hosp",2023-05-27,"16","quantile",0.05,1.28839336315144
2023-05-15,"2 wk ahead inc flu hosp",2023-05-27,"16","quantile",0.1,1.79342981287755
2023-05-15,"2 wk ahead inc flu hosp",2023-05-27,"16","quantile",0.15,2.14105000919701
2023-05-15,"2 wk ahead inc flu hosp",2023-05-27,"16","quantile",0.2,2.69448007757777
2023-05-15,"2 wk ahead inc flu hosp",2023-05-27,"16","quantile",0.25,3.74757754161881
2023-05-15,"2 wk ahead inc flu hosp",2023-05-27,"16","quantile",0.3,4.32644772018752
2023-05-15,"2 wk ahead inc flu hosp",2023-05-27,"16","quantile",0.35,5.1863388100566
2023-05-15,"2 wk ahead inc flu hosp",2023-05-27,"16","quantile",0.4,6.00017582951407
2023-05-15,"2 wk ahead inc flu hosp",2023-05-27,"16","quantile",0.45,7.5648734910305
2023-05-15,"2 wk ahead inc flu hosp",2023-05-27,"16","quantile",0.5,9.08383094078794
2023-05-15,"2 wk ahead inc flu hosp",2023-05-27,"16","quantile",0.55,10.2468672948668
2023-05-15,"2 wk ahead inc flu hosp",2023-05-27,"16","quantile",0.6,11.608523973582
2023-05-15,"2 wk ahead inc flu hosp",2023-05-27,"16","quantile",0.65,13.1862330723419
2023-05-15,"2 wk ahead inc flu hosp",2023-05-27,"16","quantile",0.7,14.8464824576612
2023-05-15,"2 wk ahead inc flu hosp",2023-05-27,"16","quantile",0.75,16.9045063612061
2023-05-15,"2 wk ahead inc flu hosp",2023-05-27,"16","quantile",0.8,20.4802081992424
2023-05-15,"2 wk ahead inc flu hosp",2023-05-27,"16","quantile",0.85,22.6053103649216
2023-05-15,"2 wk ahead inc flu hosp",2023-05-27,"16","quantile",0.9,25.5042037168069
2023-05-15,"2 wk ahead inc flu hosp",2023-05-27,"16","quantile",0.95,31.5206820127399
2023-05-15,"2 wk ahead inc flu hosp",2023-05-27,"16","quantile",0.975,35.9154451387753
2023-05-15,"2 wk ahead inc flu hosp",2023-05-27,"16","quantile",0.99,41.8667528453704
2023-05-15,"3 wk ahead inc flu hosp",2023-06-03,"16","quantile",0.01,0.520379847063675
2023-05-15,"3 wk ahead inc flu hosp",2023-06-03,"16","quantile",0.025,0.833019519978081
2023-05-15,"3 wk ahead inc flu hosp",2023-06-03,"16","quantile",0.05,1.07640397447919
2023-05-15,"3 wk ahead inc flu hosp",2023-06-03,"16","quantile",0.1,1.56507764813808
2023-05-15,"3 wk ahead inc flu hosp",2023-06-03,"16","quantile",0.15,2.23884113259308
2023-05-15,"3 wk ahead inc flu hosp",2023-06-03,"16","quantile",0.2,2.89783520854391
2023-05-15,"3 wk ahead inc flu hosp",2023-06-03,"16","quantile",0.25,3.75047383459521
2023-05-15,"3 wk ahead inc flu hosp",2023-06-03,"16","quantile",0.3,4.46855373710862
2023-05-15,"3 wk ahead inc flu hosp",2023-06-03,"16","quantile",0.35,5.09358515123637
2023-05-15,"3 wk ahead inc flu hosp",2023-06-03,"16","quantile",0.4,5.91362578202588
2023-05-15,"3 wk ahead inc flu hosp",2023-06-03,"16","quantile",0.45,7.65296845022608
2023-05-15,"3 wk ahead inc flu hosp",2023-06-03,"16","quantile",0.5,8.7702605654671
2023-05-15,"3 wk ahead inc flu hosp",2023-06-03,"16","quantile",0.55,10.5991477608433
2023-05-15,"3 wk ahead inc flu hosp",2023-06-03,"16","quantile",0.6,12.1310459611151
2023-05-15,"3 wk ahead inc flu hosp",2023-06-03,"16","quantile",0.65,13.7689402044215
2023-05-15,"3 wk ahead inc flu hosp",2023-06-03,"16","quantile",0.7,16.4692590425175
2023-05-15,"3 wk ahead inc flu hosp",2023-06-03,"16","quantile",0.75,18.5618275367755
2023-05-15,"3 wk ahead inc flu hosp",2023-06-03,"16","quantile",0.8,22.2228767282805
2023-05-15,"3 wk ahead inc flu hosp",2023-06-03,"16","quantile",0.85,25.4053920924272
2023-05-15,"3 wk ahead inc flu hosp",2023-06-03,"16","quantile",0.9,29.4289569746032
2023-05-15,"3 wk ahead inc flu hosp",2023-06-03,"16","quantile",0.95,34.8493128791829
2023-05-15,"3 wk ahead inc flu hosp",2023-06-03,"16","quantile",0.975,40.1298636436981
2023-05-15,"3 wk ahead inc flu hosp",2023-06-03,"16","quantile",0.99,49.1199434916038
2023-05-15,"4 wk ahead inc flu hosp",2023-06-10,"16","quantile",0.01,0.465649582061937
2023-05-15,"4 wk ahead inc flu hosp",2023-06-10,"16","quantile",0.025,0.671717465025102
2023-05-15,"4 wk ahead inc flu hosp",2023-06-10,"16","quantile",0.05,1.00137352547156
2023-05-15,"4 wk ahead inc flu hosp",2023-06-10,"16","quantile",0.1,1.43805439133504
2023-05-15,"4 wk ahead inc flu hosp",2023-06-10,"16","quantile",0.15,2.02874222229314
2023-05-15,"4 wk ahead inc flu hosp",2023-06-10,"16","quantile",0.2,2.73144424182283
2023-05-15,"4 wk ahead inc flu hosp",2023-06-10,"16","quantile",0.25,3.56073981240746
2023-05-15,"4 wk ahead inc flu hosp",2023-06-10,"16","quantile",0.3,4.15031957600071
2023-05-15,"4 wk ahead inc flu hosp",2023-06-10,"16","quantile",0.35,4.64364204623317
2023-05-15,"4 wk ahead inc flu hosp",2023-06-10,"16","quantile",0.4,5.15691806502305
2023-05-15,"4 wk ahead inc flu hosp",2023-06-10,"16","quantile",0.45,6.91072188260054
2023-05-15,"4 wk ahead inc flu hosp",2023-06-10,"16","quantile",0.5,9.23001396335706
2023-05-15,"4 wk ahead inc flu hosp",2023-06-10,"16","quantile",0.55,11.3295101942755
2023-05-15,"4 wk ahead inc flu hosp",2023-06-10,"16","quantile",0.6,13.1048218197933
2023-05-15,"4 wk ahead inc flu hosp",2023-06-10,"16","quantile",0.65,15.7645683487865
2023-05-15,"4 wk ahead inc flu hosp",2023-06-10,"16","quantile",0.7,18.2176627773336
2023-05-15,"4 wk ahead inc flu hosp",2023-06-10,"16","quantile",0.75,20.5726967865766
2023-05-15,"4 wk ahead inc flu hosp",2023-06-10,"16","quantile",0.8,25.8296737113888
2023-05-15,"4 wk ahead inc flu hosp",2023-06-10,"16","quantile",0.85,29.6554926861223
2023-05-15,"4 wk ahead inc flu hosp",2023-06-10,"16","quantile",0.9,34.058786028252
2023-05-15,"4 wk ahead inc flu hosp",2023-06-10,"16","quantile",0.95,43.1609894393198
2023-05-15,"4 wk ahead inc flu hosp",2023-06-10,"16","quantile",0.975,50.838068509478
2023-05-15,"4 wk ahead inc flu hosp",2023-06-10,"16","quantile",0.99,63.4412000490893
2023-05-15,"1 wk ahead inc flu hosp",2023-05-20,"17","quantile",0.01,3.80789246578894
2023-05-15,"1 wk ahead inc flu hosp",2023-05-20,"17","quantile",0.025,5.03472428068125
2023-05-15,"1 wk ahead inc flu hosp",2023-05-20,"17","quantile",0.05,6.27817421562708
2023-05-15,"1 wk ahead inc flu hosp",2023-05-20,"17","quantile",0.1,7.89606213416925
2023-05-15,"1 wk ahead inc flu hosp",2023-05-20,"17","quantile",0.15,9.52330402390658
2023-05-15,"1 wk ahead inc flu hosp",2023-05-20,"17","quantile",0.2,11.3522087053627
2023-05-15,"1 wk ahead inc flu hosp",2023-05-20,"17","quantile",0.25,12.8357705082891
2023-05-15,"1 wk ahead inc flu hosp",2023-05-20,"17","quantile",0.3,14.5360652680007
2023-05-15,"1 wk ahead inc flu hosp",2023-05-20,"17","quantile",0.35,16.4294993856031
2023-05-15,"1 wk ahead inc flu hosp",2023-05-20,"17","quantile",0.4,18.6369141341129
2023-05-15,"1 wk ahead inc flu hosp",2023-05-20,"17","quantile",0.45,20.6665886642359
2023-05-15,"1 wk ahead inc flu hosp",2023-05-20,"17","quantile",0.5,23.0803735700261
2023-05-15,"1 wk ahead inc flu hosp",2023-05-20,"17","quantile",0.55,25.4071300751799
2023-05-15,"1 wk ahead inc flu hosp",2023-05-20,"17","quantile",0.6,27.6629417782515
2023-05-15,"1 wk ahead inc flu hosp",2023-05-20,"17","quantile",0.65,31.2588572114483
2023-05-15,"1 wk ahead inc flu hosp",2023-05-20,"17","quantile",0.7,33.6974647144506
2023-05-15,"1 wk ahead inc flu hosp",2023-05-20,"17","quantile",0.75,36.4048381515441
2023-05-15,"1 wk ahead inc flu hosp",2023-05-20,"17","quantile",0.8,39.9147398105579
2023-05-15,"1 wk ahead inc flu hosp",2023-05-20,"17","quantile",0.85,44.4714113708563
2023-05-15,"1 wk ahead inc flu hosp",2023-05-20,"17","quantile",0.9,49.8053775409384
2023-05-15,"1 wk ahead inc flu hosp",2023-05-20,"17","quantile",0.95,61.2325381458815
2023-05-15,"1 wk ahead inc flu hosp",2023-05-20,"17","quantile",0.975,71.3535650410068
2023-05-15,"1 wk ahead inc flu hosp",2023-05-20,"17","quantile",0.99,85.0716234960405
2023-05-15,"2 wk ahead inc flu hosp",2023-05-27,"17","quantile",0.01,3.12479234861257
2023-05-15,"2 wk ahead inc flu hosp",2023-05-27,"17","quantile",0.025,3.9927083732657
2023-05-15,"2 wk ahead inc flu hosp",2023-05-27,"17","quantile",0.05,5.13010089188836
2023-05-15,"2 wk ahead inc flu hosp",2023-05-27,"17","quantile",0.1,6.69103943483323
2023-05-15,"2 wk ahead inc flu hosp",2023-05-27,"17","quantile",0.15,8.16319271117326
2023-05-15,"2 wk ahead inc flu hosp",2023-05-27,"17","quantile",0.2,9.63714266045388
2023-05-15,"2 wk ahead inc flu hosp",2023-05-27,"17","quantile",0.25,10.9188892980101
2023-05-15,"2 wk ahead inc flu hosp",2023-05-27,"17","quantile",0.3,12.1799573428949
2023-05-15,"2 wk ahead inc flu hosp",2023-05-27,"17","quantile",0.35,13.9936942652703
2023-05-15,"2 wk ahead inc flu hosp",2023-05-27,"17","quantile",0.4,15.4865339398388
2023-05-15,"2 wk ahead inc flu hosp",2023-05-27,"17","quantile",0.45,17.5147069651019
2023-05-15,"2 wk ahead inc flu hosp",2023-05-27,"17","quantile",0.5,20.5819816122891
2023-05-15,"2 wk ahead inc flu hosp",2023-05-27,"17","quantile",0.55,23.2835328789659
2023-05-15,"2 wk ahead inc flu hosp",2023-05-27,"17","quantile",0.6,26.2107925228228
2023-05-15,"2 wk ahead inc flu hosp",2023-05-27,"17","quantile",0.65,30.4598418890794
2023-05-15,"2 wk ahead inc flu hosp",2023-05-27,"17","quantile",0.7,34.1138907165361
2023-05-15,"2 wk ahead inc flu hosp",2023-05-27,"17","quantile",0.75,40.35016292057
2023-05-15,"2 wk ahead inc flu hosp",2023-05-27,"17","quantile",0.8,45.8933678769273
2023-05-15,"2 wk ahead inc flu hosp",2023-05-27,"17","quantile",0.85,52.5488456140109
2023-05-15,"2 wk ahead inc flu hosp",2023-05-27,"17","quantile",0.9,60.9993845159931
2023-05-15,"2 wk ahead inc flu hosp",2023-05-27,"17","quantile",0.95,79.9700188748426
2023-05-15,"2 wk ahead inc flu hosp",2023-05-27,"17","quantile",0.975,96.0226958743918
2023-05-15,"2 wk ahead inc flu hosp",2023-05-27,"17","quantile",0.99,118.538654884603
2023-05-15,"3 wk ahead inc flu hosp",2023-06-03,"17","quantile",0.01,2.78508855795734
2023-05-15,"3 wk ahead inc flu hosp",2023-06-03,"17","quantile",0.025,3.42076801106602
2023-05-15,"3 wk ahead inc flu hosp",2023-06-03,"17","quantile",0.05,4.20454975503875
2023-05-15,"3 wk ahead inc flu hosp",2023-06-03,"17","quantile",0.1,5.59103389220379
2023-05-15,"3 wk ahead inc flu hosp",2023-06-03,"17","quantile",0.15,7.04094416940449
2023-05-15,"3 wk ahead inc flu hosp",2023-06-03,"17","quantile",0.2,8.47530404973987
2023-05-15,"3 wk ahead inc flu hosp",2023-06-03,"17","quantile",0.25,9.76175385544556
2023-05-15,"3 wk ahead inc flu hosp",2023-06-03,"17","quantile",0.3,11.0744091308293
2023-05-15,"3 wk ahead inc flu hosp",2023-06-03,"17","quantile",0.35,12.7613414224718
2023-05-15,"3 wk ahead inc flu hosp",2023-06-03,"17","quantile",0.4,14.0868700278034
2023-05-15,"3 wk ahead inc flu hosp",2023-06-03,"17","quantile",0.45,15.7944855770258
2023-05-15,"3 wk ahead inc flu hosp",2023-06-03,"17","quantile",0.5,19.1627555398339
2023-05-15,"3 wk ahead inc flu hosp",2023-06-03,"17","quantile",0.55,22.1771397256117
2023-05-15,"3 wk ahead inc flu hosp",2023-06-03,"17","quantile",0.6,25.8541877747621
2023-05-15,"3 wk ahead inc flu hosp",2023-06-03,"17","quantile",0.65,31.1151450794076
2023-05-15,"3 wk ahead inc flu hosp",2023-06-03,"17","quantile",0.7,35.6080217593253
2023-05-15,"3 wk ahead inc flu hosp",2023-06-03,"17","quantile",0.75,42.093361814149
2023-05-15,"3 wk ahead inc flu hosp",2023-06-03,"17","quantile",0.8,48.3686549966366
2023-05-15,"3 wk ahead inc flu hosp",2023-06-03,"17","quantile",0.85,55.1729482774622
2023-05-15,"3 wk ahead inc flu hosp",2023-06-03,"17","quantile",0.9,66.4994742997254
2023-05-15,"3 wk ahead inc flu hosp",2023-06-03,"17","quantile",0.95,88.7820841077742
2023-05-15,"3 wk ahead inc flu hosp",2023-06-03,"17","quantile",0.975,105.457235731025
2023-05-15,"3 wk ahead inc flu hosp",2023-06-03,"17","quantile",0.99,137.380241148571
2023-05-15,"4 wk ahead inc flu hosp",2023-06-10,"17","quantile",0.01,2.70156266574664
2023-05-15,"4 wk ahead inc flu hosp",2023-06-10,"17","quantile",0.025,3.0560683337541
2023-05-15,"4 wk ahead inc flu hosp",2023-06-10,"17","quantile",0.05,4.01655764899821
2023-05-15,"4 wk ahead inc flu hosp",2023-06-10,"17","quantile",0.1,5.48882148872644
2023-05-15,"4 wk ahead inc flu hosp",2023-06-10,"17","quantile",0.15,6.85724565091994
2023-05-15,"4 wk ahead inc flu hosp",2023-06-10,"17","quantile",0.2,8.50289955120182
2023-05-15,"4 wk ahead inc flu hosp",2023-06-10,"17","quantile",0.25,9.74623698036907
2023-05-15,"4 wk ahead inc flu hosp",2023-06-10,"17","quantile",0.3,11.2550586071113
2023-05-15,"4 wk ahead inc flu hosp",2023-06-10,"17","quantile",0.35,12.9705139447311
2023-05-15,"4 wk ahead inc flu hosp",2023-06-10,"17","quantile",0.4,14.181942533614
2023-05-15,"4 wk ahead inc flu hosp",2023-06-10,"17","quantile",0.45,15.7812090062255
2023-05-15,"4 wk ahead inc flu hosp",2023-06-10,"17","quantile",0.5,19.9998062220632
2023-05-15,"4 wk ahead inc flu hosp",2023-06-10,"17","quantile",0.55,24.9104542427834
2023-05-15,"4 wk ahead inc flu hosp",2023-06-10,"17","quantile",0.6,29.6323450041511
2023-05-15,"4 wk ahead inc flu hosp",2023-06-10,"17","quantile",0.65,35.2575707487814
2023-05-15,"4 wk ahead inc flu hosp",2023-06-10,"17","quantile",0.7,43.3731916539524
2023-05-15,"4 wk ahead inc flu hosp",2023-06-10,"17","quantile",0.75,49.6574240822602
2023-05-15,"4 wk ahead inc flu hosp",2023-06-10,"17","quantile",0.8,58.237718584205
2023-05-15,"4 wk ahead inc flu hosp",2023-06-10,"17","quantile",0.85,67.7039278020762
2023-05-15,"4 wk ahead inc flu hosp",2023-06-10,"17","quantile",0.9,83.0149298420017
2023-05-15,"4 wk ahead inc flu hosp",2023-06-10,"17","quantile",0.95,109.900538499087
2023-05-15,"4 wk ahead inc flu hosp",2023-06-10,"17","quantile",0.975,133.682258180023
2023-05-15,"4 wk ahead inc flu hosp",2023-06-10,"17","quantile",0.99,180.659265538753
2023-05-15,"1 wk ahead inc flu hosp",2023-05-20,"18","quantile",0.01,6.10364191301452
2023-05-15,"1 wk ahead inc flu hosp",2023-05-20,"18","quantile",0.025,7.63044588359967
2023-05-15,"1 wk ahead inc flu hosp",2023-05-20,"18","quantile",0.05,9.04533953698207
2023-05-15,"1 wk ahead inc flu hosp",2023-05-20,"18","quantile",0.1,11.2670117784586
2023-05-15,"1 wk ahead inc flu hosp",2023-05-20,"18","quantile",0.15,12.9714945012414
2023-05-15,"1 wk ahead inc flu hosp",2023-05-20,"18","quantile",0.2,14.9689798239484
2023-05-15,"1 wk ahead inc flu hosp",2023-05-20,"18","quantile",0.25,16.8438202625616
2023-05-15,"1 wk ahead inc flu hosp",2023-05-20,"18","quantile",0.3,18.3689823386551
2023-05-15,"1 wk ahead inc flu hosp",2023-05-20,"18","quantile",0.35,19.8418738746978
2023-05-15,"1 wk ahead inc flu hosp",2023-05-20,"18","quantile",0.4,21.3874948697476
2023-05-15,"1 wk ahead inc flu hosp",2023-05-20,"18","quantile",0.45,22.9530524668463
2023-05-15,"1 wk ahead inc flu hosp",2023-05-20,"18","quantile",0.5,24.583810571561
2023-05-15,"1 wk ahead inc flu hosp",2023-05-20,"18","quantile",0.55,26.5290423544216
2023-05-15,"1 wk ahead inc flu hosp",2023-05-20,"18","quantile",0.6,28.656258663711
2023-05-15,"1 wk ahead inc flu hosp",2023-05-20,"18","quantile",0.65,30.767050378701
2023-05-15,"1 wk ahead inc flu hosp",2023-05-20,"18","quantile",0.7,33.2649829330558
2023-05-15,"1 wk ahead inc flu hosp",2023-05-20,"18","quantile",0.75,36.9819975696353
2023-05-15,"1 wk ahead inc flu hosp",2023-05-20,"18","quantile",0.8,39.88658399853
2023-05-15,"1 wk ahead inc flu hosp",2023-05-20,"18","quantile",0.85,43.0868541848822
2023-05-15,"1 wk ahead inc flu hosp",2023-05-20,"18","quantile",0.9,49.0382153933647
2023-05-15,"1 wk ahead inc flu hosp",2023-05-20,"18","quantile",0.95,58.5982273310547
2023-05-15,"1 wk ahead inc flu hosp",2023-05-20,"18","quantile",0.975,66.2515593462005
2023-05-15,"1 wk ahead inc flu hosp",2023-05-20,"18","quantile",0.99,75.2012179898116
2023-05-15,"2 wk ahead inc flu hosp",2023-05-27,"18","quantile",0.01,5.06695414079298
2023-05-15,"2 wk ahead inc flu hosp",2023-05-27,"18","quantile",0.025,6.05224207182378
2023-05-15,"2 wk ahead inc flu hosp",2023-05-27,"18","quantile",0.05,7.45722302874269
2023-05-15,"2 wk ahead inc flu hosp",2023-05-27,"18","quantile",0.1,9.4026441414042
2023-05-15,"2 wk ahead inc flu hosp",2023-05-27,"18","quantile",0.15,11.2707009535537
2023-05-15,"2 wk ahead inc flu hosp",2023-05-27,"18","quantile",0.2,12.9081216128237
2023-05-15,"2 wk ahead inc flu hosp",2023-05-27,"18","quantile",0.25,14.6215800506379
2023-05-15,"2 wk ahead inc flu hosp",2023-05-27,"18","quantile",0.3,16.1907396140623
2023-05-15,"2 wk ahead inc flu hosp",2023-05-27,"18","quantile",0.35,18.1408041216504
2023-05-15,"2 wk ahead inc flu hosp",2023-05-27,"18","quantile",0.4,19.7560016140221
2023-05-15,"2 wk ahead inc flu hosp",2023-05-27,"18","quantile",0.45,21.6064624579318
2023-05-15,"2 wk ahead inc flu hosp",2023-05-27,"18","quantile",0.5,24.0518124337712
2023-05-15,"2 wk ahead inc flu hosp",2023-05-27,"18","quantile",0.55,26.6353873801171
2023-05-15,"2 wk ahead inc flu hosp",2023-05-27,"18","quantile",0.6,28.9990386544996
2023-05-15,"2 wk ahead inc flu hosp",2023-05-27,"18","quantile",0.65,31.4140310398793
2023-05-15,"2 wk ahead inc flu hosp",2023-05-27,"18","quantile",0.7,34.2040440505915
2023-05-15,"2 wk ahead inc flu hosp",2023-05-27,"18","quantile",0.75,39.1797361114527
2023-05-15,"2 wk ahead inc flu hosp",2023-05-27,"18","quantile",0.8,43.9951513194003
2023-05-15,"2 wk ahead inc flu hosp",2023-05-27,"18","quantile",0.85,49.5646772213077
2023-05-15,"2 wk ahead inc flu hosp",2023-05-27,"18","quantile",0.9,56.1284421154428
2023-05-15,"2 wk ahead inc flu hosp",2023-05-27,"18","quantile",0.95,68.9596538871693
2023-05-15,"2 wk ahead inc flu hosp",2023-05-27,"18","quantile",0.975,81.6884487563212
2023-05-15,"2 wk ahead inc flu hosp",2023-05-27,"18","quantile",0.99,97.9322461767114
2023-05-15,"3 wk ahead inc flu hosp",2023-06-03,"18","quantile",0.01,4.6834617815995
2023-05-15,"3 wk ahead inc flu hosp",2023-06-03,"18","quantile",0.025,5.45622785326834
2023-05-15,"3 wk ahead inc flu hosp",2023-06-03,"18","quantile",0.05,6.63422615666232
2023-05-15,"3 wk ahead inc flu hosp",2023-06-03,"18","quantile",0.1,8.74276920452366
2023-05-15,"3 wk ahead inc flu hosp",2023-06-03,"18","quantile",0.15,10.0112285367869
2023-05-15,"3 wk ahead inc flu hosp",2023-06-03,"18","quantile",0.2,11.296027416802
2023-05-15,"3 wk ahead inc flu hosp",2023-06-03,"18","quantile",0.25,12.4477574633
2023-05-15,"3 wk ahead inc flu hosp",2023-06-03,"18","quantile",0.3,14.0475655148606
2023-05-15,"3 wk ahead inc flu hosp",2023-06-03,"18","quantile",0.35,16.1841709119411
2023-05-15,"3 wk ahead inc flu hosp",2023-06-03,"18","quantile",0.4,18.3551953126549
2023-05-15,"3 wk ahead inc flu hosp",2023-06-03,"18","quantile",0.45,20.4351667843261
2023-05-15,"3 wk ahead inc flu hosp",2023-06-03,"18","quantile",0.5,22.7016199605365
2023-05-15,"3 wk ahead inc flu hosp",2023-06-03,"18","quantile",0.55,25.4577932453228
2023-05-15,"3 wk ahead inc flu hosp",2023-06-03,"18","quantile",0.6,28.3482955418612
2023-05-15,"3 wk ahead inc flu hosp",2023-06-03,"18","quantile",0.65,31.6922127923599
2023-05-15,"3 wk ahead inc flu hosp",2023-06-03,"18","quantile",0.7,35.1444405797587
2023-05-15,"3 wk ahead inc flu hosp",2023-06-03,"18","quantile",0.75,39.743872184133
2023-05-15,"3 wk ahead inc flu hosp",2023-06-03,"18","quantile",0.8,47.2297058908751
2023-05-15,"3 wk ahead inc flu hosp",2023-06-03,"18","quantile",0.85,54.2886551929821
2023-05-15,"3 wk ahead inc flu hosp",2023-06-03,"18","quantile",0.9,62.8054914236133
2023-05-15,"3 wk ahead inc flu hosp",2023-06-03,"18","quantile",0.95,78.8568857966309
2023-05-15,"3 wk ahead inc flu hosp",2023-06-03,"18","quantile",0.975,94.2039596452002
2023-05-15,"3 wk ahead inc flu hosp",2023-06-03,"18","quantile",0.99,117.11064699224
2023-05-15,"4 wk ahead inc flu hosp",2023-06-10,"18","quantile",0.01,4.8076094524188
2023-05-15,"4 wk ahead inc flu hosp",2023-06-10,"18","quantile",0.025,5.71921375118851
2023-05-15,"4 wk ahead inc flu hosp",2023-06-10,"18","quantile",0.05,6.80184576832419
2023-05-15,"4 wk ahead inc flu hosp",2023-06-10,"18","quantile",0.1,8.68999033406056
2023-05-15,"4 wk ahead inc flu hosp",2023-06-10,"18","quantile",0.15,10.1816411144494
2023-05-15,"4 wk ahead inc flu hosp",2023-06-10,"18","quantile",0.2,11.569635744597
2023-05-15,"4 wk ahead inc flu hosp",2023-06-10,"18","quantile",0.25,13.5048737748972
2023-05-15,"4 wk ahead inc flu hosp",2023-06-10,"18","quantile",0.3,15.1671828271041
2023-05-15,"4 wk ahead inc flu hosp",2023-06-10,"18","quantile",0.35,17.3443199983424
2023-05-15,"4 wk ahead inc flu hosp",2023-06-10,"18","quantile",0.4,19.5632345770564
2023-05-15,"4 wk ahead inc flu hosp",2023-06-10,"18","quantile",0.45,22.2473502510856
2023-05-15,"4 wk ahead inc flu hosp",2023-06-10,"18","quantile",0.5,25.3327404243006
2023-05-15,"4 wk ahead inc flu hosp",2023-06-10,"18","quantile",0.55,28.8989957699331
2023-05-15,"4 wk ahead inc flu hosp",2023-06-10,"18","quantile",0.6,32.41206238581
2023-05-15,"4 wk ahead inc flu hosp",2023-06-10,"18","quantile",0.65,35.9639246477642
2023-05-15,"4 wk ahead inc flu hosp",2023-06-10,"18","quantile",0.7,40.4549164495425
2023-05-15,"4 wk ahead inc flu hosp",2023-06-10,"18","quantile",0.75,45.6261272312103
2023-05-15,"4 wk ahead inc flu hosp",2023-06-10,"18","quantile",0.8,53.9077029683774
2023-05-15,"4 wk ahead inc flu hosp",2023-06-10,"18","quantile",0.85,66.5996244957024
2023-05-15,"4 wk ahead inc flu hosp",2023-06-10,"18","quantile",0.9,78.7253880714495
2023-05-15,"4 wk ahead inc flu hosp",2023-06-10,"18","quantile",0.95,96.105727447009
2023-05-15,"4 wk ahead inc flu hosp",2023-06-10,"18","quantile",0.975,116.654904973041
2023-05-15,"4 wk ahead inc flu hosp",2023-06-10,"18","quantile",0.99,149.272840584946
2023-05-15,"1 wk ahead inc flu hosp",2023-05-20,"19","quantile",0.01,0.350013858679582
2023-05-15,"1 wk ahead inc flu hosp",2023-05-20,"19","quantile",0.025,0.500184022550361
2023-05-15,"1 wk ahead inc flu hosp",2023-05-20,"19","quantile",0.05,0.603343492328078
2023-05-15,"1 wk ahead inc flu hosp",2023-05-20,"19","quantile",0.1,1.02883272652646
2023-05-15,"1 wk ahead inc flu hosp",2023-05-20,"19","quantile",0.15,1.16663597456774
2023-05-15,"1 wk ahead inc flu hosp",2023-05-20,"19","quantile",0.2,1.49522692015892
2023-05-15,"1 wk ahead inc flu hosp",2023-05-20,"19","quantile",0.25,1.81305211667289
2023-05-15,"1 wk ahead inc flu hosp",2023-05-20,"19","quantile",0.3,2.24135017718463
2023-05-15,"1 wk ahead inc flu hosp",2023-05-20,"19","quantile",0.35,2.94204137182512
2023-05-15,"1 wk ahead inc flu hosp",2023-05-20,"19","quantile",0.4,3.45078738572262
2023-05-15,"1 wk ahead inc flu hosp",2023-05-20,"19","quantile",0.45,4.29024842123818
2023-05-15,"1 wk ahead inc flu hosp",2023-05-20,"19","quantile",0.5,5.60864574988463
2023-05-15,"1 wk ahead inc flu hosp",2023-05-20,"19","quantile",0.55,6.55138554878562
2023-05-15,"1 wk ahead inc flu hosp",2023-05-20,"19","quantile",0.6,7.38007868151392
2023-05-15,"1 wk ahead inc flu hosp",2023-05-20,"19","quantile",0.65,8.21021853904652
2023-05-15,"1 wk ahead inc flu hosp",2023-05-20,"19","quantile",0.7,9.19250812359177
2023-05-15,"1 wk ahead inc flu hosp",2023-05-20,"19","quantile",0.75,10.0637487077815
2023-05-15,"1 wk ahead inc flu hosp",2023-05-20,"19","quantile",0.8,11.7600303432188
2023-05-15,"1 wk ahead inc flu hosp",2023-05-20,"19","quantile",0.85,13.1239789025281
2023-05-15,"1 wk ahead inc flu hosp",2023-05-20,"19","quantile",0.9,15.3901153929255
2023-05-15,"1 wk ahead inc flu hosp",2023-05-20,"19","quantile",0.95,19.6497705471936
2023-05-15,"1 wk ahead inc flu hosp",2023-05-20,"19","quantile",0.975,22.9069832971637
2023-05-15,"1 wk ahead inc flu hosp",2023-05-20,"19","quantile",0.99,27.1040496940153
2023-05-15,"2 wk ahead inc flu hosp",2023-05-27,"19","quantile",0.01,0.232896071300213
2023-05-15,"2 wk ahead inc flu hosp",2023-05-27,"19","quantile",0.025,0.368988840177408
2023-05-15,"2 wk ahead inc flu hosp",2023-05-27,"19","quantile",0.05,0.540330343026365
2023-05-15,"2 wk ahead inc flu hosp",2023-05-27,"19","quantile",0.1,0.879989355027851
2023-05-15,"2 wk ahead inc flu hosp",2023-05-27,"19","quantile",0.15,1.04377855788908
2023-05-15,"2 wk ahead inc flu hosp",2023-05-27,"19","quantile",0.2,1.2431455383082
2023-05-15,"2 wk ahead inc flu hosp",2023-05-27,"19","quantile",0.25,1.45407288071619
2023-05-15,"2 wk ahead inc flu hosp",2023-05-27,"19","quantile",0.3,1.58501463569973
2023-05-15,"2 wk ahead inc flu hosp",2023-05-27,"19","quantile",0.35,2.40266064195114
2023-05-15,"2 wk ahead inc flu hosp",2023-05-27,"19","quantile",0.4,2.90226038901136
2023-05-15,"2 wk ahead inc flu hosp",2023-05-27,"19","quantile",0.45,3.66646510055942
2023-05-15,"2 wk ahead inc flu hosp",2023-05-27,"19","quantile",0.5,4.80949513109041
2023-05-15,"2 wk ahead inc flu hosp",2023-05-27,"19","quantile",0.55,5.86383508477799
2023-05-15,"2 wk ahead inc flu hosp",2023-05-27,"19","quantile",0.6,7.24768103431785
2023-05-15,"2 wk ahead inc flu hosp",2023-05-27,"19","quantile",0.65,8.51137269700116
2023-05-15,"2 wk ahead inc flu hosp",2023-05-27,"19","quantile",0.7,10.4274829574772
2023-05-15,"2 wk ahead inc flu hosp",2023-05-27,"19","quantile",0.75,12.3271686822741
2023-05-15,"2 wk ahead inc flu hosp",2023-05-27,"19","quantile",0.8,14.9787109050649
2023-05-15,"2 wk ahead inc flu hosp",2023-05-27,"19","quantile",0.85,17.1170530664607
2023-05-15,"2 wk ahead inc flu hosp",2023-05-27,"19","quantile",0.9,20.9256330141571
2023-05-15,"2 wk ahead inc flu hosp",2023-05-27,"19","quantile",0.95,25.1310772673451
2023-05-15,"2 wk ahead inc flu hosp",2023-05-27,"19","quantile",0.975,29.663558523986
2023-05-15,"2 wk ahead inc flu hosp",2023-05-27,"19","quantile",0.99,36.404443271193
2023-05-15,"3 wk ahead inc flu hosp",2023-06-03,"19","quantile",0.01,0.289690028905573
2023-05-15,"3 wk ahead inc flu hosp",2023-06-03,"19","quantile",0.025,0.41968333644524
2023-05-15,"3 wk ahead inc flu hosp",2023-06-03,"19","quantile",0.05,0.574218653635165
2023-05-15,"3 wk ahead inc flu hosp",2023-06-03,"19","quantile",0.1,0.950429539503394
2023-05-15,"3 wk ahead inc flu hosp",2023-06-03,"19","quantile",0.15,1.19861077923579
2023-05-15,"3 wk ahead inc flu hosp",2023-06-03,"19","quantile",0.2,1.4018208848927
2023-05-15,"3 wk ahead inc flu hosp",2023-06-03,"19","quantile",0.25,1.60811871106593
2023-05-15,"3 wk ahead inc flu hosp",2023-06-03,"19","quantile",0.3,1.81712261035752
2023-05-15,"3 wk ahead inc flu hosp",2023-06-03,"19","quantile",0.35,2.56136227842371
2023-05-15,"3 wk ahead inc flu hosp",2023-06-03,"19","quantile",0.4,2.99692546313677
2023-05-15,"3 wk ahead inc flu hosp",2023-06-03,"19","quantile",0.45,3.55584566941209
2023-05-15,"3 wk ahead inc flu hosp",2023-06-03,"19","quantile",0.5,4.75191644425751
2023-05-15,"3 wk ahead inc flu hosp",2023-06-03,"19","quantile",0.55,6.584271405675
2023-05-15,"3 wk ahead inc flu hosp",2023-06-03,"19","quantile",0.6,7.80274699071232
2023-05-15,"3 wk ahead inc flu hosp",2023-06-03,"19","quantile",0.65,9.88275679563354
2023-05-15,"3 wk ahead inc flu hosp",2023-06-03,"19","quantile",0.7,12.4560681442825
2023-05-15,"3 wk ahead inc flu hosp",2023-06-03,"19","quantile",0.75,14.078304471523
2023-05-15,"3 wk ahead inc flu hosp",2023-06-03,"19","quantile",0.8,17.2795437908609
2023-05-15,"3 wk ahead inc flu hosp",2023-06-03,"19","quantile",0.85,19.9179763934282
2023-05-15,"3 wk ahead inc flu hosp",2023-06-03,"19","quantile",0.9,23.7314671079912
2023-05-15,"3 wk ahead inc flu hosp",2023-06-03,"19","quantile",0.95,30.1325215871049
2023-05-15,"3 wk ahead inc flu hosp",2023-06-03,"19","quantile",0.975,36.1025429644458
2023-05-15,"3 wk ahead inc flu hosp",2023-06-03,"19","quantile",0.99,45.2377462358508
2023-05-15,"4 wk ahead inc flu hosp",2023-06-10,"19","quantile",0.01,0.355047036816759
2023-05-15,"4 wk ahead inc flu hosp",2023-06-10,"19","quantile",0.025,0.417926169558597
2023-05-15,"4 wk ahead inc flu hosp",2023-06-10,"19","quantile",0.05,0.572856317167681
2023-05-15,"4 wk ahead inc flu hosp",2023-06-10,"19","quantile",0.1,0.963386701840925
2023-05-15,"4 wk ahead inc flu hosp",2023-06-10,"19","quantile",0.15,1.18198498731283
2023-05-15,"4 wk ahead inc flu hosp",2023-06-10,"19","quantile",0.2,1.42162970903644
2023-05-15,"4 wk ahead inc flu hosp",2023-06-10,"19","quantile",0.25,1.65547004042763
2023-05-15,"4 wk ahead inc flu hosp",2023-06-10,"19","quantile",0.3,1.92157737787678
2023-05-15,"4 wk ahead inc flu hosp",2023-06-10,"19","quantile",0.35,2.62204192659149
2023-05-15,"4 wk ahead inc flu hosp",2023-06-10,"19","quantile",0.4,3.18768598121015
2023-05-15,"4 wk ahead inc flu hosp",2023-06-10,"19","quantile",0.45,3.66329491679863
2023-05-15,"4 wk ahead inc flu hosp",2023-06-10,"19","quantile",0.5,5.33515492758139
2023-05-15,"4 wk ahead inc flu hosp",2023-06-10,"19","quantile",0.55,6.74286916101937
2023-05-15,"4 wk ahead inc flu hosp",2023-06-10,"19","quantile",0.6,7.96515170077737
2023-05-15,"4 wk ahead inc flu hosp",2023-06-10,"19","quantile",0.65,10.8240952958501
2023-05-15,"4 wk ahead inc flu hosp",2023-06-10,"19","quantile",0.7,12.9858352991402
2023-05-15,"4 wk ahead inc flu hosp",2023-06-10,"19","quantile",0.75,15.4988513383747
2023-05-15,"4 wk ahead inc flu hosp",2023-06-10,"19","quantile",0.8,18.6484597665293
2023-05-15,"4 wk ahead inc flu hosp",2023-06-10,"19","quantile",0.85,23.7514792398298
2023-05-15,"4 wk ahead inc flu hosp",2023-06-10,"19","quantile",0.9,28.1600688190849
2023-05-15,"4 wk ahead inc flu hosp",2023-06-10,"19","quantile",0.95,36.1459883827974
2023-05-15,"4 wk ahead inc flu hosp",2023-06-10,"19","quantile",0.975,44.2411841613383
2023-05-15,"4 wk ahead inc flu hosp",2023-06-10,"19","quantile",0.99,57.4009739427296
2023-05-15,"1 wk ahead inc flu hosp",2023-05-20,"20","quantile",0.01,0.228709384168487
2023-05-15,"1 wk ahead inc flu hosp",2023-05-20,"20","quantile",0.025,0.264933031359751
2023-05-15,"1 wk ahead inc flu hosp",2023-05-20,"20","quantile",0.05,0.330885633577224
2023-05-15,"1 wk ahead inc flu hosp",2023-05-20,"20","quantile",0.1,0.517350263968458
2023-05-15,"1 wk ahead inc flu hosp",2023-05-20,"20","quantile",0.15,0.670509059562494
2023-05-15,"1 wk ahead inc flu hosp",2023-05-20,"20","quantile",0.2,0.90390430476928
2023-05-15,"1 wk ahead inc flu hosp",2023-05-20,"20","quantile",0.25,1.04157736431537
2023-05-15,"1 wk ahead inc flu hosp",2023-05-20,"20","quantile",0.3,1.34086300704661
2023-05-15,"1 wk ahead inc flu hosp",2023-05-20,"20","quantile",0.35,1.77505388915222
2023-05-15,"1 wk ahead inc flu hosp",2023-05-20,"20","quantile",0.4,2.18146195359022
2023-05-15,"1 wk ahead inc flu hosp",2023-05-20,"20","quantile",0.45,2.53655380900618
2023-05-15,"1 wk ahead inc flu hosp",2023-05-20,"20","quantile",0.5,3.05414389619243
2023-05-15,"1 wk ahead inc flu hosp",2023-05-20,"20","quantile",0.55,3.77993970582943
2023-05-15,"1 wk ahead inc flu hosp",2023-05-20,"20","quantile",0.6,4.36661781988244
2023-05-15,"1 wk ahead inc flu hosp",2023-05-20,"20","quantile",0.65,5.0700465969955
2023-05-15,"1 wk ahead inc flu hosp",2023-05-20,"20","quantile",0.7,5.8528578372313
2023-05-15,"1 wk ahead inc flu hosp",2023-05-20,"20","quantile",0.75,6.596421217922
2023-05-15,"1 wk ahead inc flu hosp",2023-05-20,"20","quantile",0.8,7.85567300205372
2023-05-15,"1 wk ahead inc flu hosp",2023-05-20,"20","quantile",0.85,8.9692153289528
2023-05-15,"1 wk ahead inc flu hosp",2023-05-20,"20","quantile",0.9,11.0463649465289
2023-05-15,"1 wk ahead inc flu hosp",2023-05-20,"20","quantile",0.95,13.6163403112542
2023-05-15,"1 wk ahead inc flu hosp",2023-05-20,"20","quantile",0.975,15.9665239282465
2023-05-15,"1 wk ahead inc flu hosp",2023-05-20,"20","quantile",0.99,18.7629446176802
2023-05-15,"2 wk ahead inc flu hosp",2023-05-27,"20","quantile",0.01,0.172055433648519
2023-05-15,"2 wk ahead inc flu hosp",2023-05-27,"20","quantile",0.025,0.20725795734121
2023-05-15,"2 wk ahead inc flu hosp",2023-05-27,"20","quantile",0.05,0.290877323704303
2023-05-15,"2 wk ahead inc flu hosp",2023-05-27,"20","quantile",0.1,0.475778366989477
2023-05-15,"2 wk ahead inc flu hosp",2023-05-27,"20","quantile",0.15,0.661410329317671
2023-05-15,"2 wk ahead inc flu hosp",2023-05-27,"20","quantile",0.2,0.792417817170296
2023-05-15,"2 wk ahead inc flu hosp",2023-05-27,"20","quantile",0.25,0.887272314479671
2023-05-15,"2 wk ahead inc flu hosp",2023-05-27,"20","quantile",0.3,1.09275690246537
2023-05-15,"2 wk ahead inc flu hosp",2023-05-27,"20","quantile",0.35,1.60641486976726
2023-05-15,"2 wk ahead inc flu hosp",2023-05-27,"20","quantile",0.4,1.92133714826064
2023-05-15,"2 wk ahead inc flu hosp",2023-05-27,"20","quantile",0.45,2.1949966254504
2023-05-15,"2 wk ahead inc flu hosp",2023-05-27,"20","quantile",0.5,2.95509851549468
2023-05-15,"2 wk ahead inc flu hosp",2023-05-27,"20","quantile",0.55,3.55850996275307
2023-05-15,"2 wk ahead inc flu hosp",2023-05-27,"20","quantile",0.6,4.08599945620878
2023-05-15,"2 wk ahead inc flu hosp",2023-05-27,"20","quantile",0.65,4.72513743365019
2023-05-15,"2 wk ahead inc flu hosp",2023-05-27,"20","quantile",0.7,5.46733142090002
2023-05-15,"2 wk ahead inc flu hosp",2023-05-27,"20","quantile",0.75,6.54297284566696
2023-05-15,"2 wk ahead inc flu hosp",2023-05-27,"20","quantile",0.8,8.07409160536287
2023-05-15,"2 wk ahead inc flu hosp",2023-05-27,"20","quantile",0.85,9.53977544373662
2023-05-15,"2 wk ahead inc flu hosp",2023-05-27,"20","quantile",0.9,11.4678629689637
2023-05-15,"2 wk ahead inc flu hosp",2023-05-27,"20","quantile",0.95,15.3391609767331
2023-05-15,"2 wk ahead inc flu hosp",2023-05-27,"20","quantile",0.975,19.0162705395991
2023-05-15,"2 wk ahead inc flu hosp",2023-05-27,"20","quantile",0.99,24.8331597335874
2023-05-15,"3 wk ahead inc flu hosp",2023-06-03,"20","quantile",0.01,0.217951229871089
2023-05-15,"3 wk ahead inc flu hosp",2023-06-03,"20","quantile",0.025,0.245542538559595
2023-05-15,"3 wk ahead inc flu hosp",2023-06-03,"20","quantile",0.05,0.330971638372832
2023-05-15,"3 wk ahead inc flu hosp",2023-06-03,"20","quantile",0.1,0.520271743533748
2023-05-15,"3 wk ahead inc flu hosp",2023-06-03,"20","quantile",0.15,0.692042222856576
2023-05-15,"3 wk ahead inc flu hosp",2023-06-03,"20","quantile",0.2,0.820724167029166
2023-05-15,"3 wk ahead inc flu hosp",2023-06-03,"20","quantile",0.25,0.967637577748259
2023-05-15,"3 wk ahead inc flu hosp",2023-06-03,"20","quantile",0.3,1.11885140804865
2023-05-15,"3 wk ahead inc flu hosp",2023-06-03,"20","quantile",0.35,1.53430465632969
2023-05-15,"3 wk ahead inc flu hosp",2023-06-03,"20","quantile",0.4,1.74367976016615
2023-05-15,"3 wk ahead inc flu hosp",2023-06-03,"20","quantile",0.45,1.90192302096691
2023-05-15,"3 wk ahead inc flu hosp",2023-06-03,"20","quantile",0.5,2.55117234953345
2023-05-15,"3 wk ahead inc flu hosp",2023-06-03,"20","quantile",0.55,3.24417575026316
2023-05-15,"3 wk ahead inc flu hosp",2023-06-03,"20","quantile",0.6,4.15766796633495
2023-05-15,"3 wk ahead inc flu hosp",2023-06-03,"20","quantile",0.65,4.95038745736001
2023-05-15,"3 wk ahead inc flu hosp",2023-06-03,"20","quantile",0.7,6.06700700618853
2023-05-15,"3 wk ahead inc flu hosp",2023-06-03,"20","quantile",0.75,7.06785942918914
2023-05-15,"3 wk ahead inc flu hosp",2023-06-03,"20","quantile",0.8,8.86794672839758
2023-05-15,"3 wk ahead inc flu hosp",2023-06-03,"20","quantile",0.85,10.8282662143581
2023-05-15,"3 wk ahead inc flu hosp",2023-06-03,"20","quantile",0.9,14.1967520100698
2023-05-15,"3 wk ahead inc flu hosp",2023-06-03,"20","quantile",0.95,18.0744629464708
2023-05-15,"3 wk ahead inc flu hosp",2023-06-03,"20","quantile",0.975,23.0640542218539
2023-05-15,"3 wk ahead inc flu hosp",2023-06-03,"20","quantile",0.99,32.1445627506703
2023-05-15,"4 wk ahead inc flu hosp",2023-06-10,"20","quantile",0.01,0.220243897258152
2023-05-15,"4 wk ahead inc flu hosp",2023-06-10,"20","quantile",0.025,0.241368212964462
2023-05-15,"4 wk ahead inc flu hosp",2023-06-10,"20","quantile",0.05,0.323035007154377
2023-05-15,"4 wk ahead inc flu hosp",2023-06-10,"20","quantile",0.1,0.547223412937551
2023-05-15,"4 wk ahead inc flu hosp",2023-06-10,"20","quantile",0.15,0.737328087514993
2023-05-15,"4 wk ahead inc flu hosp",2023-06-10,"20","quantile",0.2,0.936508056651022
2023-05-15,"4 wk ahead inc flu hosp",2023-06-10,"20","quantile",0.25,1.06296812216539
2023-05-15,"4 wk ahead inc flu hosp",2023-06-10,"20","quantile",0.3,1.33285300858109
2023-05-15,"4 wk ahead inc flu hosp",2023-06-10,"20","quantile",0.35,1.83186141902745
2023-05-15,"4 wk ahead inc flu hosp",2023-06-10,"20","quantile",0.4,2.13779699109502
2023-05-15,"4 wk ahead inc flu hosp",2023-06-10,"20","quantile",0.45,2.58334676040687
2023-05-15,"4 wk ahead inc flu hosp",2023-06-10,"20","quantile",0.5,3.54488314803119
2023-05-15,"4 wk ahead inc flu hosp",2023-06-10,"20","quantile",0.55,5.20257841973251
2023-05-15,"4 wk ahead inc flu hosp",2023-06-10,"20","quantile",0.6,6.3104068544685
2023-05-15,"4 wk ahead inc flu hosp",2023-06-10,"20","quantile",0.65,7.31406056004696
2023-05-15,"4 wk ahead inc flu hosp",2023-06-10,"20","quantile",0.7,9.09541666648048
2023-05-15,"4 wk ahead inc flu hosp",2023-06-10,"20","quantile",0.75,10.784594204423
2023-05-15,"4 wk ahead inc flu hosp",2023-06-10,"20","quantile",0.8,13.2666543758742
2023-05-15,"4 wk ahead inc flu hosp",2023-06-10,"20","quantile",0.85,16.3241632111668
2023-05-15,"4 wk ahead inc flu hosp",2023-06-10,"20","quantile",0.9,19.4657799694945
2023-05-15,"4 wk ahead inc flu hosp",2023-06-10,"20","quantile",0.95,25.3969134036718
2023-05-15,"4 wk ahead inc flu hosp",2023-06-10,"20","quantile",0.975,32.7948529204075
2023-05-15,"4 wk ahead inc flu hosp",2023-06-10,"20","quantile",0.99,47.739474326671
2023-05-15,"1 wk ahead inc flu hosp",2023-05-20,"21","quantile",0.01,1.68923156225816
2023-05-15,"1 wk ahead inc flu hosp",2023-05-20,"21","quantile",0.025,2.18241900123778
2023-05-15,"1 wk ahead inc flu hosp",2023-05-20,"21","quantile",0.05,2.86937134861097
2023-05-15,"1 wk ahead inc flu hosp",2023-05-20,"21","quantile",0.1,3.8682855522595
2023-05-15,"1 wk ahead inc flu hosp",2023-05-20,"21","quantile",0.15,4.91161832510596
2023-05-15,"1 wk ahead inc flu hosp",2023-05-20,"21","quantile",0.2,5.71606018112759
2023-05-15,"1 wk ahead inc flu hosp",2023-05-20,"21","quantile",0.25,6.55685222463549
2023-05-15,"1 wk ahead inc flu hosp",2023-05-20,"21","quantile",0.3,7.49357726901831
2023-05-15,"1 wk ahead inc flu hosp",2023-05-20,"21","quantile",0.35,8.23380542723577
2023-05-15,"1 wk ahead inc flu hosp",2023-05-20,"21","quantile",0.4,9.56742883434926
2023-05-15,"1 wk ahead inc flu hosp",2023-05-20,"21","quantile",0.45,10.6149831667486
2023-05-15,"1 wk ahead inc flu hosp",2023-05-20,"21","quantile",0.5,11.8745991346379
2023-05-15,"1 wk ahead inc flu hosp",2023-05-20,"21","quantile",0.55,13.1292761897709
2023-05-15,"1 wk ahead inc flu hosp",2023-05-20,"21","quantile",0.6,14.5419476830798
2023-05-15,"1 wk ahead inc flu hosp",2023-05-20,"21","quantile",0.65,16.2950039957971
2023-05-15,"1 wk ahead inc flu hosp",2023-05-20,"21","quantile",0.7,18.3241536927715
2023-05-15,"1 wk ahead inc flu hosp",2023-05-20,"21","quantile",0.75,20.2633226866938
2023-05-15,"1 wk ahead inc flu hosp",2023-05-20,"21","quantile",0.8,22.1539548938629
2023-05-15,"1 wk ahead inc flu hosp",2023-05-20,"21","quantile",0.85,24.6438598397108
2023-05-15,"1 wk ahead inc flu hosp",2023-05-20,"21","quantile",0.9,28.8030228946413
2023-05-15,"1 wk ahead inc flu hosp",2023-05-20,"21","quantile",0.95,34.5356854300584
2023-05-15,"1 wk ahead inc flu hosp",2023-05-20,"21","quantile",0.975,41.2624849652283
2023-05-15,"1 wk ahead inc flu hosp",2023-05-20,"21","quantile",0.99,49.5466531067831
2023-05-15,"2 wk ahead inc flu hosp",2023-05-27,"21","quantile",0.01,1.24579019768187
2023-05-15,"2 wk ahead inc flu hosp",2023-05-27,"21","quantile",0.025,1.53834456844689
2023-05-15,"2 wk ahead inc flu hosp",2023-05-27,"21","quantile",0.05,2.26031818117783
2023-05-15,"2 wk ahead inc flu hosp",2023-05-27,"21","quantile",0.1,2.97555120992812
2023-05-15,"2 wk ahead inc flu hosp",2023-05-27,"21","quantile",0.15,3.91098105149934
2023-05-15,"2 wk ahead inc flu hosp",2023-05-27,"21","quantile",0.2,4.60521743729044
2023-05-15,"2 wk ahead inc flu hosp",2023-05-27,"21","quantile",0.25,5.5694430693525
2023-05-15,"2 wk ahead inc flu hosp",2023-05-27,"21","quantile",0.3,6.38865265411391
2023-05-15,"2 wk ahead inc flu hosp",2023-05-27,"21","quantile",0.35,7.19423574466978
2023-05-15,"2 wk ahead inc flu hosp",2023-05-27,"21","quantile",0.4,8.31839475505366
2023-05-15,"2 wk ahead inc flu hosp",2023-05-27,"21","quantile",0.45,9.84464275179852
2023-05-15,"2 wk ahead inc flu hosp",2023-05-27,"21","quantile",0.5,11.4246555196673
2023-05-15,"2 wk ahead inc flu hosp",2023-05-27,"21","quantile",0.55,14.2575651220498
2023-05-15,"2 wk ahead inc flu hosp",2023-05-27,"21","quantile",0.6,17.2720911494014
2023-05-15,"2 wk ahead inc flu hosp",2023-05-27,"21","quantile",0.65,19.6014459310707
2023-05-15,"2 wk ahead inc flu hosp",2023-05-27,"21","quantile",0.7,22.4881250756864
2023-05-15,"2 wk ahead inc flu hosp",2023-05-27,"21","quantile",0.75,24.9945123535512
2023-05-15,"2 wk ahead inc flu hosp",2023-05-27,"21","quantile",0.8,29.2291953944125
2023-05-15,"2 wk ahead inc flu hosp",2023-05-27,"21","quantile",0.85,32.7119718174048
2023-05-15,"2 wk ahead inc flu hosp",2023-05-27,"21","quantile",0.9,39.0217370388657
2023-05-15,"2 wk ahead inc flu hosp",2023-05-27,"21","quantile",0.95,46.9817106567885
2023-05-15,"2 wk ahead inc flu hosp",2023-05-27,"21","quantile",0.975,53.8624586102203
2023-05-15,"2 wk ahead inc flu hosp",2023-05-27,"21","quantile",0.99,64.55676113209
2023-05-15,"3 wk ahead inc flu hosp",2023-06-03,"21","quantile",0.01,1.16438742610902
2023-05-15,"3 wk ahead inc flu hosp",2023-06-03,"21","quantile",0.025,1.42393614160895
2023-05-15,"3 wk ahead inc flu hosp",2023-06-03,"21","quantile",0.05,1.7895110599413
2023-05-15,"3 wk ahead inc flu hosp",2023-06-03,"21","quantile",0.1,2.60073177776658
2023-05-15,"3 wk ahead inc flu hosp",2023-06-03,"21","quantile",0.15,3.73156663364825
2023-05-15,"3 wk ahead inc flu hosp",2023-06-03,"21","quantile",0.2,4.35370045987668
2023-05-15,"3 wk ahead inc flu hosp",2023-06-03,"21","quantile",0.25,5.27959366778057
2023-05-15,"3 wk ahead inc flu hosp",2023-06-03,"21","quantile",0.3,5.95389937016215
2023-05-15,"3 wk ahead inc flu hosp",2023-06-03,"21","quantile",0.35,7.00991184077526
2023-05-15,"3 wk ahead inc flu hosp",2023-06-03,"21","quantile",0.4,7.74810180476124
2023-05-15,"3 wk ahead inc flu hosp",2023-06-03,"21","quantile",0.45,9.71238472334091
2023-05-15,"3 wk ahead inc flu hosp",2023-06-03,"21","quantile",0.5,11.9236884068396
2023-05-15,"3 wk ahead inc flu hosp",2023-06-03,"21","quantile",0.55,16.2000667216497
2023-05-15,"3 wk ahead inc flu hosp",2023-06-03,"21","quantile",0.6,18.7203528879617
2023-05-15,"3 wk ahead inc flu hosp",2023-06-03,"21","quantile",0.65,23.0376726007574
2023-05-15,"3 wk ahead inc flu hosp",2023-06-03,"21","quantile",0.7,27.3407232628439
2023-05-15,"3 wk ahead inc flu hosp",2023-06-03,"21","quantile",0.75,31.1600115762212
2023-05-15,"3 wk ahead inc flu hosp",2023-06-03,"21","quantile",0.8,36.767506555115
2023-05-15,"3 wk ahead inc flu hosp",2023-06-03,"21","quantile",0.85,41.8116649334859
2023-05-15,"3 wk ahead inc flu hosp",2023-06-03,"21","quantile",0.9,49.6879525035155
2023-05-15,"3 wk ahead inc flu hosp",2023-06-03,"21","quantile",0.95,61.5517969574074
2023-05-15,"3 wk ahead inc flu hosp",2023-06-03,"21","quantile",0.975,71.9051096740029
2023-05-15,"3 wk ahead inc flu hosp",2023-06-03,"21","quantile",0.99,87.9437043829213
2023-05-15,"4 wk ahead inc flu hosp",2023-06-10,"21","quantile",0.01,1.12027787237244
2023-05-15,"4 wk ahead inc flu hosp",2023-06-10,"21","quantile",0.025,1.37620412427696
2023-05-15,"4 wk ahead inc flu hosp",2023-06-10,"21","quantile",0.05,1.76857896195514
2023-05-15,"4 wk ahead inc flu hosp",2023-06-10,"21","quantile",0.1,2.62757725086738
2023-05-15,"4 wk ahead inc flu hosp",2023-06-10,"21","quantile",0.15,3.46288887300867
2023-05-15,"4 wk ahead inc flu hosp",2023-06-10,"21","quantile",0.2,4.10966558172193
2023-05-15,"4 wk ahead inc flu hosp",2023-06-10,"21","quantile",0.25,5.11484103414427
2023-05-15,"4 wk ahead inc flu hosp",2023-06-10,"21","quantile",0.3,5.85731472304092
2023-05-15,"4 wk ahead inc flu hosp",2023-06-10,"21","quantile",0.35,6.93791924613841
2023-05-15,"4 wk ahead inc flu hosp",2023-06-10,"21","quantile",0.4,7.87735109870449
2023-05-15,"4 wk ahead inc flu hosp",2023-06-10,"21","quantile",0.45,9.19285748186697
2023-05-15,"4 wk ahead inc flu hosp",2023-06-10,"21","quantile",0.5,13.8308965644763
2023-05-15,"4 wk ahead inc flu hosp",2023-06-10,"21","quantile",0.55,20.1335427774237
2023-05-15,"4 wk ahead inc flu hosp",2023-06-10,"21","quantile",0.6,24.9625891148533
2023-05-15,"4 wk ahead inc flu hosp",2023-06-10,"21","quantile",0.65,30.3877565971856
2023-05-15,"4 wk ahead inc flu hosp",2023-06-10,"21","quantile",0.7,36.9861544397452
2023-05-15,"4 wk ahead inc flu hosp",2023-06-10,"21","quantile",0.75,42.2501691000104
2023-05-15,"4 wk ahead inc flu hosp",2023-06-10,"21","quantile",0.8,47.1802160625904
2023-05-15,"4 wk ahead inc flu hosp",2023-06-10,"21","quantile",0.85,52.9718954952303
2023-05-15,"4 wk ahead inc flu hosp",2023-06-10,"21","quantile",0.9,61.1274044951598
2023-05-15,"4 wk ahead inc flu hosp",2023-06-10,"21","quantile",0.95,74.1613459828778
2023-05-15,"4 wk ahead inc flu hosp",2023-06-10,"21","quantile",0.975,89.0936660782399
2023-05-15,"4 wk ahead inc flu hosp",2023-06-10,"21","quantile",0.99,117.046181338141
2023-05-15,"1 wk ahead inc flu hosp",2023-05-20,"22","quantile",0.01,3.55152140782906
2023-05-15,"1 wk ahead inc flu hosp",2023-05-20,"22","quantile",0.025,4.49310135293891
2023-05-15,"1 wk ahead inc flu hosp",2023-05-20,"22","quantile",0.05,6.03722800261724
2023-05-15,"1 wk ahead inc flu hosp",2023-05-20,"22","quantile",0.1,7.90646291429113
2023-05-15,"1 wk ahead inc flu hosp",2023-05-20,"22","quantile",0.15,9.12056011580983
2023-05-15,"1 wk ahead inc flu hosp",2023-05-20,"22","quantile",0.2,10.4599231052054
2023-05-15,"1 wk ahead inc flu hosp",2023-05-20,"22","quantile",0.25,11.8098201155149
2023-05-15,"1 wk ahead inc flu hosp",2023-05-20,"22","quantile",0.3,13.3489000406196
2023-05-15,"1 wk ahead inc flu hosp",2023-05-20,"22","quantile",0.35,14.7121223368798
2023-05-15,"1 wk ahead inc flu hosp",2023-05-20,"22","quantile",0.4,15.7586124933963
2023-05-15,"1 wk ahead inc flu hosp",2023-05-20,"22","quantile",0.45,17.0259085564318
2023-05-15,"1 wk ahead inc flu hosp",2023-05-20,"22","quantile",0.5,18.303096324945
2023-05-15,"1 wk ahead inc flu hosp",2023-05-20,"22","quantile",0.55,20.1412017752649
2023-05-15,"1 wk ahead inc flu hosp",2023-05-20,"22","quantile",0.6,21.6931822318596
2023-05-15,"1 wk ahead inc flu hosp",2023-05-20,"22","quantile",0.65,23.5510031656306
2023-05-15,"1 wk ahead inc flu hosp",2023-05-20,"22","quantile",0.7,25.6128190320356
2023-05-15,"1 wk ahead inc flu hosp",2023-05-20,"22","quantile",0.75,27.0549880083105
2023-05-15,"1 wk ahead inc flu hosp",2023-05-20,"22","quantile",0.8,28.9312313231808
2023-05-15,"1 wk ahead inc flu hosp",2023-05-20,"22","quantile",0.85,31.7549406902321
2023-05-15,"1 wk ahead inc flu hosp",2023-05-20,"22","quantile",0.9,34.3026026725755
2023-05-15,"1 wk ahead inc flu hosp",2023-05-20,"22","quantile",0.95,39.4041007315121
2023-05-15,"1 wk ahead inc flu hosp",2023-05-20,"22","quantile",0.975,43.4364486200826
2023-05-15,"1 wk ahead inc flu hosp",2023-05-20,"22","quantile",0.99,49.3003272510081
2023-05-15,"2 wk ahead inc flu hosp",2023-05-27,"22","quantile",0.01,2.14028829204632
2023-05-15,"2 wk ahead inc flu hosp",2023-05-27,"22","quantile",0.025,3.11374019112196
2023-05-15,"2 wk ahead inc flu hosp",2023-05-27,"22","quantile",0.05,4.18651476829897
2023-05-15,"2 wk ahead inc flu hosp",2023-05-27,"22","quantile",0.1,5.94580189960671
2023-05-15,"2 wk ahead inc flu hosp",2023-05-27,"22","quantile",0.15,7.22714934820995
2023-05-15,"2 wk ahead inc flu hosp",2023-05-27,"22","quantile",0.2,8.40407652058058
2023-05-15,"2 wk ahead inc flu hosp",2023-05-27,"22","quantile",0.25,9.60772426498441
2023-05-15,"2 wk ahead inc flu hosp",2023-05-27,"22","quantile",0.3,11.0151301844078
2023-05-15,"2 wk ahead inc flu hosp",2023-05-27,"22","quantile",0.35,12.6114461904748
2023-05-15,"2 wk ahead inc flu hosp",2023-05-27,"22","quantile",0.4,14.0389451984649
2023-05-15,"2 wk ahead inc flu hosp",2023-05-27,"22","quantile",0.45,15.2998367763394
2023-05-15,"2 wk ahead inc flu hosp",2023-05-27,"22","quantile",0.5,16.9046553043665
2023-05-15,"2 wk ahead inc flu hosp",2023-05-27,"22","quantile",0.55,18.8620668057178
2023-05-15,"2 wk ahead inc flu hosp",2023-05-27,"22","quantile",0.6,20.4633643043722
2023-05-15,"2 wk ahead inc flu hosp",2023-05-27,"22","quantile",0.65,22.0955218714534
2023-05-15,"2 wk ahead inc flu hosp",2023-05-27,"22","quantile",0.7,24.9169504375702
2023-05-15,"2 wk ahead inc flu hosp",2023-05-27,"22","quantile",0.75,27.5573126020379
2023-05-15,"2 wk ahead inc flu hosp",2023-05-27,"22","quantile",0.8,30.0126595547071
2023-05-15,"2 wk ahead inc flu hosp",2023-05-27,"22","quantile",0.85,33.186722022208
2023-05-15,"2 wk ahead inc flu hosp",2023-05-27,"22","quantile",0.9,37.3134288807363
2023-05-15,"2 wk ahead inc flu hosp",2023-05-27,"22","quantile",0.95,44.2019672263972
2023-05-15,"2 wk ahead inc flu hosp",2023-05-27,"22","quantile",0.975,50.2352779547739
2023-05-15,"2 wk ahead inc flu hosp",2023-05-27,"22","quantile",0.99,59.6951505226736
2023-05-15,"3 wk ahead inc flu hosp",2023-06-03,"22","quantile",0.01,1.94617801792868
2023-05-15,"3 wk ahead inc flu hosp",2023-06-03,"22","quantile",0.025,2.59657403614717
2023-05-15,"3 wk ahead inc flu hosp",2023-06-03,"22","quantile",0.05,3.445650390713
2023-05-15,"3 wk ahead inc flu hosp",2023-06-03,"22","quantile",0.1,4.7003891342013
2023-05-15,"3 wk ahead inc flu hosp",2023-06-03,"22","quantile",0.15,5.97775485012645
2023-05-15,"3 wk ahead inc flu hosp",2023-06-03,"22","quantile",0.2,7.25410609487491
2023-05-15,"3 wk ahead inc flu hosp",2023-06-03,"22","quantile",0.25,8.29914230408539
2023-05-15,"3 wk ahead inc flu hosp",2023-06-03,"22","quantile",0.3,9.53220709061256
2023-05-15,"3 wk ahead inc flu hosp",2023-06-03,"22","quantile",0.35,10.7276367811311
2023-05-15,"3 wk ahead inc flu hosp",2023-06-03,"22","quantile",0.4,12.4999541096929
2023-05-15,"3 wk ahead inc flu hosp",2023-06-03,"22","quantile",0.45,14.2415929560069
2023-05-15,"3 wk ahead inc flu hosp",2023-06-03,"22","quantile",0.5,15.857320070454
2023-05-15,"3 wk ahead inc flu hosp",2023-06-03,"22","quantile",0.55,17.8167095657288
2023-05-15,"3 wk ahead inc flu hosp",2023-06-03,"22","quantile",0.6,19.4782900487636
2023-05-15,"3 wk ahead inc flu hosp",2023-06-03,"22","quantile",0.65,21.4172736123662
2023-05-15,"3 wk ahead inc flu hosp",2023-06-03,"22","quantile",0.7,23.7812444367074
2023-05-15,"3 wk ahead inc flu hosp",2023-06-03,"22","quantile",0.75,26.6172520846836
2023-05-15,"3 wk ahead inc flu hosp",2023-06-03,"22","quantile",0.8,29.4207818031193
2023-05-15,"3 wk ahead inc flu hosp",2023-06-03,"22","quantile",0.85,33.6630092428785
2023-05-15,"3 wk ahead inc flu hosp",2023-06-03,"22","quantile",0.9,38.7891554075184
2023-05-15,"3 wk ahead inc flu hosp",2023-06-03,"22","quantile",0.95,46.1504135677769
2023-05-15,"3 wk ahead inc flu hosp",2023-06-03,"22","quantile",0.975,52.8463249775059
2023-05-15,"3 wk ahead inc flu hosp",2023-06-03,"22","quantile",0.99,65.6244858994848
2023-05-15,"4 wk ahead inc flu hosp",2023-06-10,"22","quantile",0.01,2.04420831741598
2023-05-15,"4 wk ahead inc flu hosp",2023-06-10,"22","quantile",0.025,2.7260755298975
2023-05-15,"4 wk ahead inc flu hosp",2023-06-10,"22","quantile",0.05,3.57883761754305
2023-05-15,"4 wk ahead inc flu hosp",2023-06-10,"22","quantile",0.1,4.82134860356815
2023-05-15,"4 wk ahead inc flu hosp",2023-06-10,"22","quantile",0.15,5.84750805311127
2023-05-15,"4 wk ahead inc flu hosp",2023-06-10,"22","quantile",0.2,6.90971644040163
2023-05-15,"4 wk ahead inc flu hosp",2023-06-10,"22","quantile",0.25,8.15580091154198
2023-05-15,"4 wk ahead inc flu hosp",2023-06-10,"22","quantile",0.3,9.49683272345901
2023-05-15,"4 wk ahead inc flu hosp",2023-06-10,"22","quantile",0.35,10.6807972532188
2023-05-15,"4 wk ahead inc flu hosp",2023-06-10,"22","quantile",0.4,12.3982131214648
2023-05-15,"4 wk ahead inc flu hosp",2023-06-10,"22","quantile",0.45,14.0046028237441
2023-05-15,"4 wk ahead inc flu hosp",2023-06-10,"22","quantile",0.5,16.5477629944178
2023-05-15,"4 wk ahead inc flu hosp",2023-06-10,"22","quantile",0.55,18.6970673237434
2023-05-15,"4 wk ahead inc flu hosp",2023-06-10,"22","quantile",0.6,20.886803521504
2023-05-15,"4 wk ahead inc flu hosp",2023-06-10,"22","quantile",0.65,23.9219800383525
2023-05-15,"4 wk ahead inc flu hosp",2023-06-10,"22","quantile",0.7,26.9407980682956
2023-05-15,"4 wk ahead inc flu hosp",2023-06-10,"22","quantile",0.75,29.9131498441929
2023-05-15,"4 wk ahead inc flu hosp",2023-06-10,"22","quantile",0.8,34.130171463382
2023-05-15,"4 wk ahead inc flu hosp",2023-06-10,"22","quantile",0.85,38.1513739139644
2023-05-15,"4 wk ahead inc flu hosp",2023-06-10,"22","quantile",0.9,44.4075946509699
2023-05-15,"4 wk ahead inc flu hosp",2023-06-10,"22","quantile",0.95,54.9966633594749
2023-05-15,"4 wk ahead inc flu hosp",2023-06-10,"22","quantile",0.975,65.5045469311444
2023-05-15,"4 wk ahead inc flu hosp",2023-06-10,"22","quantile",0.99,84.0639150908955
2023-05-15,"1 wk ahead inc flu hosp",2023-05-20,"23","quantile",0.01,0.133258351573895
2023-05-15,"1 wk ahead inc flu hosp",2023-05-20,"23","quantile",0.025,0.255024205804202
2023-05-15,"1 wk ahead inc flu hosp",2023-05-20,"23","quantile",0.05,0.385148760983343
2023-05-15,"1 wk ahead inc flu hosp",2023-05-20,"23","quantile",0.1,0.679814974373329
2023-05-15,"1 wk ahead inc flu hosp",2023-05-20,"23","quantile",0.15,0.988789642430581
2023-05-15,"1 wk ahead inc flu hosp",2023-05-20,"23","quantile",0.2,1.174082309353
2023-05-15,"1 wk ahead inc flu hosp",2023-05-20,"23","quantile",0.25,1.30304149110959
2023-05-15,"1 wk ahead inc flu hosp",2023-05-20,"23","quantile",0.3,1.63035010168508
2023-05-15,"1 wk ahead inc flu hosp",2023-05-20,"23","quantile",0.35,2.01564421763744
2023-05-15,"1 wk ahead inc flu hosp",2023-05-20,"23","quantile",0.4,2.59004054074143
2023-05-15,"1 wk ahead inc flu hosp",2023-05-20,"23","quantile",0.45,3.07600676322441
2023-05-15,"1 wk ahead inc flu hosp",2023-05-20,"23","quantile",0.5,3.45749304338175
2023-05-15,"1 wk ahead inc flu hosp",2023-05-20,"23","quantile",0.55,3.94964740606782
2023-05-15,"1 wk ahead inc flu hosp",2023-05-20,"23","quantile",0.6,4.31336131356449
2023-05-15,"1 wk ahead inc flu hosp",2023-05-20,"23","quantile",0.65,4.89345380783299
2023-05-15,"1 wk ahead inc flu hosp",2023-05-20,"23","quantile",0.7,5.55755367314827
2023-05-15,"1 wk ahead inc flu hosp",2023-05-20,"23","quantile",0.75,6.30904218838036
2023-05-15,"1 wk ahead inc flu hosp",2023-05-20,"23","quantile",0.8,7.17042845179031
2023-05-15,"1 wk ahead inc flu hosp",2023-05-20,"23","quantile",0.85,8.59462481121389
2023-05-15,"1 wk ahead inc flu hosp",2023-05-20,"23","quantile",0.9,10.1344773488265
2023-05-15,"1 wk ahead inc flu hosp",2023-05-20,"23","quantile",0.95,12.4831174467406
2023-05-15,"1 wk ahead inc flu hosp",2023-05-20,"23","quantile",0.975,14.4405886836527
2023-05-15,"1 wk ahead inc flu hosp",2023-05-20,"23","quantile",0.99,17.1543698857508
2023-05-15,"2 wk ahead inc flu hosp",2023-05-27,"23","quantile",0.01,0.140867065484085
2023-05-15,"2 wk ahead inc flu hosp",2023-05-27,"23","quantile",0.025,0.20379144260307
2023-05-15,"2 wk ahead inc flu hosp",2023-05-27,"23","quantile",0.05,0.271950395469994
2023-05-15,"2 wk ahead inc flu hosp",2023-05-27,"23","quantile",0.1,0.453196650558924
2023-05-15,"2 wk ahead inc flu hosp",2023-05-27,"23","quantile",0.15,0.616359486765254
2023-05-15,"2 wk ahead inc flu hosp",2023-05-27,"23","quantile",0.2,0.760179628265029
2023-05-15,"2 wk ahead inc flu hosp",2023-05-27,"23","quantile",0.25,1.00856691787274
2023-05-15,"2 wk ahead inc flu hosp",2023-05-27,"23","quantile",0.3,1.30550871039747
2023-05-15,"2 wk ahead inc flu hosp",2023-05-27,"23","quantile",0.35,1.59793785145211
2023-05-15,"2 wk ahead inc flu hosp",2023-05-27,"23","quantile",0.4,2.20093146459871
2023-05-15,"2 wk ahead inc flu hosp",2023-05-27,"23","quantile",0.45,2.70201773437579
2023-05-15,"2 wk ahead inc flu hosp",2023-05-27,"23","quantile",0.5,3.36725864964602
2023-05-15,"2 wk ahead inc flu hosp",2023-05-27,"23","quantile",0.55,4.19783182392074
2023-05-15,"2 wk ahead inc flu hosp",2023-05-27,"23","quantile",0.6,4.98783781760412
2023-05-15,"2 wk ahead inc flu hosp",2023-05-27,"23","quantile",0.65,5.94724270150524
2023-05-15,"2 wk ahead inc flu hosp",2023-05-27,"23","quantile",0.7,7.14193222775934
2023-05-15,"2 wk ahead inc flu hosp",2023-05-27,"23","quantile",0.75,8.37414740627046
2023-05-15,"2 wk ahead inc flu hosp",2023-05-27,"23","quantile",0.8,9.57710363891527
2023-05-15,"2 wk ahead inc flu hosp",2023-05-27,"23","quantile",0.85,11.6212192862772
2023-05-15,"2 wk ahead inc flu hosp",2023-05-27,"23","quantile",0.9,14.0147884129996
2023-05-15,"2 wk ahead inc flu hosp",2023-05-27,"23","quantile",0.95,17.389547536781
2023-05-15,"2 wk ahead inc flu hosp",2023-05-27,"23","quantile",0.975,20.0389821819944
2023-05-15,"2 wk ahead inc flu hosp",2023-05-27,"23","quantile",0.99,23.9429535434583
2023-05-15,"3 wk ahead inc flu hosp",2023-06-03,"23","quantile",0.01,0.138271951379706
2023-05-15,"3 wk ahead inc flu hosp",2023-06-03,"23","quantile",0.025,0.196426025763683
2023-05-15,"3 wk ahead inc flu hosp",2023-06-03,"23","quantile",0.05,0.269089562558061
2023-05-15,"3 wk ahead inc flu hosp",2023-06-03,"23","quantile",0.1,0.443450419847346
2023-05-15,"3 wk ahead inc flu hosp",2023-06-03,"23","quantile",0.15,0.567928135205883
2023-05-15,"3 wk ahead inc flu hosp",2023-06-03,"23","quantile",0.2,0.676693652273244
2023-05-15,"3 wk ahead inc flu hosp",2023-06-03,"23","quantile",0.25,0.78098633375042
2023-05-15,"3 wk ahead inc flu hosp",2023-06-03,"23","quantile",0.3,0.882942030668855
2023-05-15,"3 wk ahead inc flu hosp",2023-06-03,"23","quantile",0.35,1.10848021594463
2023-05-15,"3 wk ahead inc flu hosp",2023-06-03,"23","quantile",0.4,1.68439572538172
2023-05-15,"3 wk ahead inc flu hosp",2023-06-03,"23","quantile",0.45,2.64440393915564
2023-05-15,"3 wk ahead inc flu hosp",2023-06-03,"23","quantile",0.5,3.22508182955588
2023-05-15,"3 wk ahead inc flu hosp",2023-06-03,"23","quantile",0.55,3.94548738243107
2023-05-15,"3 wk ahead inc flu hosp",2023-06-03,"23","quantile",0.6,5.01131252858726
2023-05-15,"3 wk ahead inc flu hosp",2023-06-03,"23","quantile",0.65,6.60020118986389
2023-05-15,"3 wk ahead inc flu hosp",2023-06-03,"23","quantile",0.7,8.08898554315509
2023-05-15,"3 wk ahead inc flu hosp",2023-06-03,"23","quantile",0.75,9.22075123586084
2023-05-15,"3 wk ahead inc flu hosp",2023-06-03,"23","quantile",0.8,11.1687728737607
2023-05-15,"3 wk ahead inc flu hosp",2023-06-03,"23","quantile",0.85,13.5983667163063
2023-05-15,"3 wk ahead inc flu hosp",2023-06-03,"23","quantile",0.9,16.1131515446205
2023-05-15,"3 wk ahead inc flu hosp",2023-06-03,"23","quantile",0.95,20.261641940746
2023-05-15,"3 wk ahead inc flu hosp",2023-06-03,"23","quantile",0.975,23.3302266606179
2023-05-15,"3 wk ahead inc flu hosp",2023-06-03,"23","quantile",0.99,27.7249593665142
2023-05-15,"4 wk ahead inc flu hosp",2023-06-10,"23","quantile",0.01,0.0907892237730823
2023-05-15,"4 wk ahead inc flu hosp",2023-06-10,"23","quantile",0.025,0.143045812367107
2023-05-15,"4 wk ahead inc flu hosp",2023-06-10,"23","quantile",0.05,0.233135108517969
2023-05-15,"4 wk ahead inc flu hosp",2023-06-10,"23","quantile",0.1,0.377679279009466
2023-05-15,"4 wk ahead inc flu hosp",2023-06-10,"23","quantile",0.15,0.522282179074704
2023-05-15,"4 wk ahead inc flu hosp",2023-06-10,"23","quantile",0.2,0.652858220013562
2023-05-15,"4 wk ahead inc flu hosp",2023-06-10,"23","quantile",0.25,0.75972995343173
2023-05-15,"4 wk ahead inc flu hosp",2023-06-10,"23","quantile",0.3,0.872032346624829
2023-05-15,"4 wk ahead inc flu hosp",2023-06-10,"23","quantile",0.35,0.986751160613225
2023-05-15,"4 wk ahead inc flu hosp",2023-06-10,"23","quantile",0.4,1.47992659522519
2023-05-15,"4 wk ahead inc flu hosp",2023-06-10,"23","quantile",0.45,2.06186825909486
2023-05-15,"4 wk ahead inc flu hosp",2023-06-10,"23","quantile",0.5,3.03693433386862
2023-05-15,"4 wk ahead inc flu hosp",2023-06-10,"23","quantile",0.55,4.955477779339
2023-05-15,"4 wk ahead inc flu hosp",2023-06-10,"23","quantile",0.6,6.20643300301447
2023-05-15,"4 wk ahead inc flu hosp",2023-06-10,"23","quantile",0.65,7.17825116534995
2023-05-15,"4 wk ahead inc flu hosp",2023-06-10,"23","quantile",0.7,9.04782836632135
2023-05-15,"4 wk ahead inc flu hosp",2023-06-10,"23","quantile",0.75,10.2582505037197
2023-05-15,"4 wk ahead inc flu hosp",2023-06-10,"23","quantile",0.8,12.2576156426805
2023-05-15,"4 wk ahead inc flu hosp",2023-06-10,"23","quantile",0.85,14.4726479428587
2023-05-15,"4 wk ahead inc flu hosp",2023-06-10,"23","quantile",0.9,17.9138870451263
2023-05-15,"4 wk ahead inc flu hosp",2023-06-10,"23","quantile",0.95,21.9052863677217
2023-05-15,"4 wk ahead inc flu hosp",2023-06-10,"23","quantile",0.975,26.1049983663978
2023-05-15,"4 wk ahead inc flu hosp",2023-06-10,"23","quantile",0.99,34.1390891827633
2023-05-15,"1 wk ahead inc flu hosp",2023-05-20,"24","quantile",0.01,1.40911373213359
2023-05-15,"1 wk ahead inc flu hosp",2023-05-20,"24","quantile",0.025,1.92240819586438
2023-05-15,"1 wk ahead inc flu hosp",2023-05-20,"24","quantile",0.05,2.61396568527158
2023-05-15,"1 wk ahead inc flu hosp",2023-05-20,"24","quantile",0.1,3.56142309845564
2023-05-15,"1 wk ahead inc flu hosp",2023-05-20,"24","quantile",0.15,4.66085715446025
2023-05-15,"1 wk ahead inc flu hosp",2023-05-20,"24","quantile",0.2,5.58087753372391
2023-05-15,"1 wk ahead inc flu hosp",2023-05-20,"24","quantile",0.25,6.42333159538754
2023-05-15,"1 wk ahead inc flu hosp",2023-05-20,"24","quantile",0.3,7.02431106904316
2023-05-15,"1 wk ahead inc flu hosp",2023-05-20,"24","quantile",0.35,7.62108021643943
2023-05-15,"1 wk ahead inc flu hosp",2023-05-20,"24","quantile",0.4,8.24768782377402
2023-05-15,"1 wk ahead inc flu hosp",2023-05-20,"24","quantile",0.45,8.99580553947678
2023-05-15,"1 wk ahead inc flu hosp",2023-05-20,"24","quantile",0.5,10.0149518765975
2023-05-15,"1 wk ahead inc flu hosp",2023-05-20,"24","quantile",0.55,11.0339595467148
2023-05-15,"1 wk ahead inc flu hosp",2023-05-20,"24","quantile",0.6,11.9467942194115
2023-05-15,"1 wk ahead inc flu hosp",2023-05-20,"24","quantile",0.65,13.1410283708797
2023-05-15,"1 wk ahead inc flu hosp",2023-05-20,"24","quantile",0.7,14.1630762439014
2023-05-15,"1 wk ahead inc flu hosp",2023-05-20,"24","quantile",0.75,15.5878438800957
2023-05-15,"1 wk ahead inc flu hosp",2023-05-20,"24","quantile",0.8,17.0099295837523
2023-05-15,"1 wk ahead inc flu hosp",2023-05-20,"24","quantile",0.85,18.8871572835864
2023-05-15,"1 wk ahead inc flu hosp",2023-05-20,"24","quantile",0.9,21.822904270939
2023-05-15,"1 wk ahead inc flu hosp",2023-05-20,"24","quantile",0.95,26.5895804026953
2023-05-15,"1 wk ahead inc flu hosp",2023-05-20,"24","quantile",0.975,31.1777869104513
2023-05-15,"1 wk ahead inc flu hosp",2023-05-20,"24","quantile",0.99,38.1425679647885
2023-05-15,"2 wk ahead inc flu hosp",2023-05-27,"24","quantile",0.01,1.18600247613696
2023-05-15,"2 wk ahead inc flu hosp",2023-05-27,"24","quantile",0.025,1.53597866741334
2023-05-15,"2 wk ahead inc flu hosp",2023-05-27,"24","quantile",0.05,2.08105211252668
2023-05-15,"2 wk ahead inc flu hosp",2023-05-27,"24","quantile",0.1,2.87439556714979
2023-05-15,"2 wk ahead inc flu hosp",2023-05-27,"24","quantile",0.15,3.64949260558864
2023-05-15,"2 wk ahead inc flu hosp",2023-05-27,"24","quantile",0.2,4.55617911237344
2023-05-15,"2 wk ahead inc flu hosp",2023-05-27,"24","quantile",0.25,5.24271658834482
2023-05-15,"2 wk ahead inc flu hosp",2023-05-27,"24","quantile",0.3,5.97658259577088
2023-05-15,"2 wk ahead inc flu hosp",2023-05-27,"24","quantile",0.35,6.75990105581311
2023-05-15,"2 wk ahead inc flu hosp",2023-05-27,"24","quantile",0.4,7.61629131491833
2023-05-15,"2 wk ahead inc flu hosp",2023-05-27,"24","quantile",0.45,8.78463277952417
2023-05-15,"2 wk ahead inc flu hosp",2023-05-27,"24","quantile",0.5,10.2375397365463
2023-05-15,"2 wk ahead inc flu hosp",2023-05-27,"24","quantile",0.55,12.0711691254621
2023-05-15,"2 wk ahead inc flu hosp",2023-05-27,"24","quantile",0.6,13.4756626017294
2023-05-15,"2 wk ahead inc flu hosp",2023-05-27,"24","quantile",0.65,14.7621507979633
2023-05-15,"2 wk ahead inc flu hosp",2023-05-27,"24","quantile",0.7,16.29706170694
2023-05-15,"2 wk ahead inc flu hosp",2023-05-27,"24","quantile",0.75,18.3655947118343
2023-05-15,"2 wk ahead inc flu hosp",2023-05-27,"24","quantile",0.8,20.3294040475949
2023-05-15,"2 wk ahead inc flu hosp",2023-05-27,"24","quantile",0.85,22.8592811640641
2023-05-15,"2 wk ahead inc flu hosp",2023-05-27,"24","quantile",0.9,26.2294492896589
2023-05-15,"2 wk ahead inc flu hosp",2023-05-27,"24","quantile",0.95,33.9859883440193
2023-05-15,"2 wk ahead inc flu hosp",2023-05-27,"24","quantile",0.975,41.7633911829407
2023-05-15,"2 wk ahead inc flu hosp",2023-05-27,"24","quantile",0.99,53.3281817455481
2023-05-15,"3 wk ahead inc flu hosp",2023-06-03,"24","quantile",0.01,0.933411152336798
2023-05-15,"3 wk ahead inc flu hosp",2023-06-03,"24","quantile",0.025,1.24267301440253
2023-05-15,"3 wk ahead inc flu hosp",2023-06-03,"24","quantile",0.05,1.78627190977345
2023-05-15,"3 wk ahead inc flu hosp",2023-06-03,"24","quantile",0.1,2.51561583805979
2023-05-15,"3 wk ahead inc flu hosp",2023-06-03,"24","quantile",0.15,3.12439296445279
2023-05-15,"3 wk ahead inc flu hosp",2023-06-03,"24","quantile",0.2,3.81280724081039
2023-05-15,"3 wk ahead inc flu hosp",2023-06-03,"24","quantile",0.25,4.68373178205213
2023-05-15,"3 wk ahead inc flu hosp",2023-06-03,"24","quantile",0.3,5.31644804429316
2023-05-15,"3 wk ahead inc flu hosp",2023-06-03,"24","quantile",0.35,6.07702075234655
2023-05-15,"3 wk ahead inc flu hosp",2023-06-03,"24","quantile",0.4,6.78004761293703
2023-05-15,"3 wk ahead inc flu hosp",2023-06-03,"24","quantile",0.45,8.00802128793526
2023-05-15,"3 wk ahead inc flu hosp",2023-06-03,"24","quantile",0.5,9.71410731824175
2023-05-15,"3 wk ahead inc flu hosp",2023-06-03,"24","quantile",0.55,11.3592796173129
2023-05-15,"3 wk ahead inc flu hosp",2023-06-03,"24","quantile",0.6,13.2523852535623
2023-05-15,"3 wk ahead inc flu hosp",2023-06-03,"24","quantile",0.65,15.2206378911311
2023-05-15,"3 wk ahead inc flu hosp",2023-06-03,"24","quantile",0.7,17.6385880965465
2023-05-15,"3 wk ahead inc flu hosp",2023-06-03,"24","quantile",0.75,20.5770167898547
2023-05-15,"3 wk ahead inc flu hosp",2023-06-03,"24","quantile",0.8,23.7210697964461
2023-05-15,"3 wk ahead inc flu hosp",2023-06-03,"24","quantile",0.85,27.1616578207508
2023-05-15,"3 wk ahead inc flu hosp",2023-06-03,"24","quantile",0.9,32.1628171986995
2023-05-15,"3 wk ahead inc flu hosp",2023-06-03,"24","quantile",0.95,42.0491419224233
2023-05-15,"3 wk ahead inc flu hosp",2023-06-03,"24","quantile",0.975,51.5493225387492
2023-05-15,"3 wk ahead inc flu hosp",2023-06-03,"24","quantile",0.99,66.9844248296219
2023-05-15,"4 wk ahead inc flu hosp",2023-06-10,"24","quantile",0.01,0.889702704854908
2023-05-15,"4 wk ahead inc flu hosp",2023-06-10,"24","quantile",0.025,1.14648729158881
2023-05-15,"4 wk ahead inc flu hosp",2023-06-10,"24","quantile",0.05,1.51394073004598
2023-05-15,"4 wk ahead inc flu hosp",2023-06-10,"24","quantile",0.1,2.32070428577101
2023-05-15,"4 wk ahead inc flu hosp",2023-06-10,"24","quantile",0.15,2.91949044005945
2023-05-15,"4 wk ahead inc flu hosp",2023-06-10,"24","quantile",0.2,3.73400960600509
2023-05-15,"4 wk ahead inc flu hosp",2023-06-10,"24","quantile",0.25,4.6123160139978
2023-05-15,"4 wk ahead inc flu hosp",2023-06-10,"24","quantile",0.3,5.35445779549716
2023-05-15,"4 wk ahead inc flu hosp",2023-06-10,"24","quantile",0.35,6.64784653781648
2023-05-15,"4 wk ahead inc flu hosp",2023-06-10,"24","quantile",0.4,7.79504741960592
2023-05-15,"4 wk ahead inc flu hosp",2023-06-10,"24","quantile",0.45,9.11730203993896
2023-05-15,"4 wk ahead inc flu hosp",2023-06-10,"24","quantile",0.5,11.3217568541434
2023-05-15,"4 wk ahead inc flu hosp",2023-06-10,"24","quantile",0.55,13.3427124736817
2023-05-15,"4 wk ahead inc flu hosp",2023-06-10,"24","quantile",0.6,15.5159422863196
2023-05-15,"4 wk ahead inc flu hosp",2023-06-10,"24","quantile",0.65,18.2391982193842
2023-05-15,"4 wk ahead inc flu hosp",2023-06-10,"24","quantile",0.7,21.2901786907575
2023-05-15,"4 wk ahead inc flu hosp",2023-06-10,"24","quantile",0.75,23.9246872062471
2023-05-15,"4 wk ahead inc flu hosp",2023-06-10,"24","quantile",0.8,27.771532582283
2023-05-15,"4 wk ahead inc flu hosp",2023-06-10,"24","quantile",0.85,31.703751899575
2023-05-15,"4 wk ahead inc flu hosp",2023-06-10,"24","quantile",0.9,37.5024337349119
2023-05-15,"4 wk ahead inc flu hosp",2023-06-10,"24","quantile",0.95,50.045651305733
2023-05-15,"4 wk ahead inc flu hosp",2023-06-10,"24","quantile",0.975,62.5259194102852
2023-05-15,"4 wk ahead inc flu hosp",2023-06-10,"24","quantile",0.99,86.7738108735828
2023-05-15,"1 wk ahead inc flu hosp",2023-05-20,"25","quantile",0.01,1.44865991717179
2023-05-15,"1 wk ahead inc flu hosp",2023-05-20,"25","quantile",0.025,1.73707740739577
2023-05-15,"1 wk ahead inc flu hosp",2023-05-20,"25","quantile",0.05,2.31876739892754
2023-05-15,"1 wk ahead inc flu hosp",2023-05-20,"25","quantile",0.1,3.57570391449862
2023-05-15,"1 wk ahead inc flu hosp",2023-05-20,"25","quantile",0.15,4.42951558266117
2023-05-15,"1 wk ahead inc flu hosp",2023-05-20,"25","quantile",0.2,5.04938275859261
2023-05-15,"1 wk ahead inc flu hosp",2023-05-20,"25","quantile",0.25,5.60923970393518
2023-05-15,"1 wk ahead inc flu hosp",2023-05-20,"25","quantile",0.3,6.24890066916448
2023-05-15,"1 wk ahead inc flu hosp",2023-05-20,"25","quantile",0.35,7.10828914877292
2023-05-15,"1 wk ahead inc flu hosp",2023-05-20,"25","quantile",0.4,8.23655817960281
2023-05-15,"1 wk ahead inc flu hosp",2023-05-20,"25","quantile",0.45,9.16793088382844
2023-05-15,"1 wk ahead inc flu hosp",2023-05-20,"25","quantile",0.5,10.207425382608
2023-05-15,"1 wk ahead inc flu hosp",2023-05-20,"25","quantile",0.55,11.4940255609372
2023-05-15,"1 wk ahead inc flu hosp",2023-05-20,"25","quantile",0.6,13.4430178477119
2023-05-15,"1 wk ahead inc flu hosp",2023-05-20,"25","quantile",0.65,14.7213640757113
2023-05-15,"1 wk ahead inc flu hosp",2023-05-20,"25","quantile",0.7,16.3439156590136
2023-05-15,"1 wk ahead inc flu hosp",2023-05-20,"25","quantile",0.75,18.3951339101813
2023-05-15,"1 wk ahead inc flu hosp",2023-05-20,"25","quantile",0.8,20.569453351079
2023-05-15,"1 wk ahead inc flu hosp",2023-05-20,"25","quantile",0.85,22.7791590865403
2023-05-15,"1 wk ahead inc flu hosp",2023-05-20,"25","quantile",0.9,26.4580983229709
2023-05-15,"1 wk ahead inc flu hosp",2023-05-20,"25","quantile",0.95,32.2851763714934
2023-05-15,"1 wk ahead inc flu hosp",2023-05-20,"25","quantile",0.975,39.9507410850768
2023-05-15,"1 wk ahead inc flu hosp",2023-05-20,"25","quantile",0.99,47.7324839942726
2023-05-15,"2 wk ahead inc flu hosp",2023-05-27,"25","quantile",0.01,1.19316047038829
2023-05-15,"2 wk ahead inc flu hosp",2023-05-27,"25","quantile",0.025,1.40101381551839
2023-05-15,"2 wk ahead inc flu hosp",2023-05-27,"25","quantile",0.05,1.76063583722751
2023-05-15,"2 wk ahead inc flu hosp",2023-05-27,"25","quantile",0.1,2.57352130977131
2023-05-15,"2 wk ahead inc flu hosp",2023-05-27,"25","quantile",0.15,3.11025308107127
2023-05-15,"2 wk ahead inc flu hosp",2023-05-27,"25","quantile",0.2,3.67094917258096
2023-05-15,"2 wk ahead inc flu hosp",2023-05-27,"25","quantile",0.25,4.27052379109037
2023-05-15,"2 wk ahead inc flu hosp",2023-05-27,"25","quantile",0.3,5.61387418871293
2023-05-15,"2 wk ahead inc flu hosp",2023-05-27,"25","quantile",0.35,6.67771950430081
2023-05-15,"2 wk ahead inc flu hosp",2023-05-27,"25","quantile",0.4,7.73295908089043
2023-05-15,"2 wk ahead inc flu hosp",2023-05-27,"25","quantile",0.45,8.92672497719723
2023-05-15,"2 wk ahead inc flu hosp",2023-05-27,"25","quantile",0.5,11.4748026737808
2023-05-15,"2 wk ahead inc flu hosp",2023-05-27,"25","quantile",0.55,14.6019741058365
2023-05-15,"2 wk ahead inc flu hosp",2023-05-27,"25","quantile",0.6,16.9700560896335
2023-05-15,"2 wk ahead inc flu hosp",2023-05-27,"25","quantile",0.65,18.7636082003621
2023-05-15,"2 wk ahead inc flu hosp",2023-05-27,"25","quantile",0.7,20.7282739801242
2023-05-15,"2 wk ahead inc flu hosp",2023-05-27,"25","quantile",0.75,22.9841917121758
2023-05-15,"2 wk ahead inc flu hosp",2023-05-27,"25","quantile",0.8,26.3532678737918
2023-05-15,"2 wk ahead inc flu hosp",2023-05-27,"25","quantile",0.85,29.3233695050041
2023-05-15,"2 wk ahead inc flu hosp",2023-05-27,"25","quantile",0.9,36.0411075339835
2023-05-15,"2 wk ahead inc flu hosp",2023-05-27,"25","quantile",0.95,44.4945672124521
2023-05-15,"2 wk ahead inc flu hosp",2023-05-27,"25","quantile",0.975,52.6239069280468
2023-05-15,"2 wk ahead inc flu hosp",2023-05-27,"25","quantile",0.99,66.9513762740246
2023-05-15,"3 wk ahead inc flu hosp",2023-06-03,"25","quantile",0.01,1.17009797690775
2023-05-15,"3 wk ahead inc flu hosp",2023-06-03,"25","quantile",0.025,1.51385828691192
2023-05-15,"3 wk ahead inc flu hosp",2023-06-03,"25","quantile",0.05,1.84902181386078
2023-05-15,"3 wk ahead inc flu hosp",2023-06-03,"25","quantile",0.1,2.51404493538941
2023-05-15,"3 wk ahead inc flu hosp",2023-06-03,"25","quantile",0.15,3.10030815967175
2023-05-15,"3 wk ahead inc flu hosp",2023-06-03,"25","quantile",0.2,3.90414244463506
2023-05-15,"3 wk ahead inc flu hosp",2023-06-03,"25","quantile",0.25,4.79430607098048
2023-05-15,"3 wk ahead inc flu hosp",2023-06-03,"25","quantile",0.3,5.5652834994548
2023-05-15,"3 wk ahead inc flu hosp",2023-06-03,"25","quantile",0.35,7.05732214196369
2023-05-15,"3 wk ahead inc flu hosp",2023-06-03,"25","quantile",0.4,8.73879903841328
2023-05-15,"3 wk ahead inc flu hosp",2023-06-03,"25","quantile",0.45,10.677488246447
2023-05-15,"3 wk ahead inc flu hosp",2023-06-03,"25","quantile",0.5,13.0757646698426
2023-05-15,"3 wk ahead inc flu hosp",2023-06-03,"25","quantile",0.55,16.1713745459594
2023-05-15,"3 wk ahead inc flu hosp",2023-06-03,"25","quantile",0.6,18.4148574102421
2023-05-15,"3 wk ahead inc flu hosp",2023-06-03,"25","quantile",0.65,20.6508404957223
2023-05-15,"3 wk ahead inc flu hosp",2023-06-03,"25","quantile",0.7,24.4691964022187
2023-05-15,"3 wk ahead inc flu hosp",2023-06-03,"25","quantile",0.75,27.2315270404351
2023-05-15,"3 wk ahead inc flu hosp",2023-06-03,"25","quantile",0.8,30.555029133697
2023-05-15,"3 wk ahead inc flu hosp",2023-06-03,"25","quantile",0.85,36.761101575422
2023-05-15,"3 wk ahead inc flu hosp",2023-06-03,"25","quantile",0.9,42.0359026463939
2023-05-15,"3 wk ahead inc flu hosp",2023-06-03,"25","quantile",0.95,53.7165553613093
2023-05-15,"3 wk ahead inc flu hosp",2023-06-03,"25","quantile",0.975,62.7834018718684
2023-05-15,"3 wk ahead inc flu hosp",2023-06-03,"25","quantile",0.99,81.9814619815468
2023-05-15,"4 wk ahead inc flu hosp",2023-06-10,"25","quantile",0.01,1.15432982491662
2023-05-15,"4 wk ahead inc flu hosp",2023-06-10,"25","quantile",0.025,1.45658032087727
2023-05-15,"4 wk ahead inc flu hosp",2023-06-10,"25","quantile",0.05,1.81033563828901
2023-05-15,"4 wk ahead inc flu hosp",2023-06-10,"25","quantile",0.1,2.45293500462945
2023-05-15,"4 wk ahead inc flu hosp",2023-06-10,"25","quantile",0.15,2.98428454234853
2023-05-15,"4 wk ahead inc flu hosp",2023-06-10,"25","quantile",0.2,3.62853612423706
2023-05-15,"4 wk ahead inc flu hosp",2023-06-10,"25","quantile",0.25,4.51946064780793
2023-05-15,"4 wk ahead inc flu hosp",2023-06-10,"25","quantile",0.3,5.44350066316462
2023-05-15,"4 wk ahead inc flu hosp",2023-06-10,"25","quantile",0.35,7.11622487855364
2023-05-15,"4 wk ahead inc flu hosp",2023-06-10,"25","quantile",0.4,7.99196036398939
2023-05-15,"4 wk ahead inc flu hosp",2023-06-10,"25","quantile",0.45,9.71918006951412
2023-05-15,"4 wk ahead inc flu hosp",2023-06-10,"25","quantile",0.5,11.3399558164657
2023-05-15,"4 wk ahead inc flu hosp",2023-06-10,"25","quantile",0.55,14.8696031182613
2023-05-15,"4 wk ahead inc flu hosp",2023-06-10,"25","quantile",0.6,18.9239010068136
2023-05-15,"4 wk ahead inc flu hosp",2023-06-10,"25","quantile",0.65,22.7282038568842
2023-05-15,"4 wk ahead inc flu hosp",2023-06-10,"25","quantile",0.7,27.855496364909
2023-05-15,"4 wk ahead inc flu hosp",2023-06-10,"25","quantile",0.75,33.1737964581761
2023-05-15,"4 wk ahead inc flu hosp",2023-06-10,"25","quantile",0.8,38.0486022045021
2023-05-15,"4 wk ahead inc flu hosp",2023-06-10,"25","quantile",0.85,44.5437010225988
2023-05-15,"4 wk ahead inc flu hosp",2023-06-10,"25","quantile",0.9,53.6053107668756
2023-05-15,"4 wk ahead inc flu hosp",2023-06-10,"25","quantile",0.95,65.5495921449315
2023-05-15,"4 wk ahead inc flu hosp",2023-06-10,"25","quantile",0.975,78.7980434064889
2023-05-15,"4 wk ahead inc flu hosp",2023-06-10,"25","quantile",0.99,104.577560955887
2023-05-15,"1 wk ahead inc flu hosp",2023-05-20,"26","quantile",0.01,3.08118965650147
2023-05-15,"1 wk ahead inc flu hosp",2023-05-20,"26","quantile",0.025,4.64781859886215
2023-05-15,"1 wk ahead inc flu hosp",2023-05-20,"26","quantile",0.05,6.00653375870889
2023-05-15,"1 wk ahead inc flu hosp",2023-05-20,"26","quantile",0.1,7.59425651948565
2023-05-15,"1 wk ahead inc flu hosp",2023-05-20,"26","quantile",0.15,8.79564497577959
2023-05-15,"1 wk ahead inc flu hosp",2023-05-20,"26","quantile",0.2,10.0708679382118
2023-05-15,"1 wk ahead inc flu hosp",2023-05-20,"26","quantile",0.25,11.277157055705
2023-05-15,"1 wk ahead inc flu hosp",2023-05-20,"26","quantile",0.3,12.6252561820663
2023-05-15,"1 wk ahead inc flu hosp",2023-05-20,"26","quantile",0.35,13.9605385607591
2023-05-15,"1 wk ahead inc flu hosp",2023-05-20,"26","quantile",0.4,16.0375964723924
2023-05-15,"1 wk ahead inc flu hosp",2023-05-20,"26","quantile",0.45,17.6305182629683
2023-05-15,"1 wk ahead inc flu hosp",2023-05-20,"26","quantile",0.5,19.3755328149565
2023-05-15,"1 wk ahead inc flu hosp",2023-05-20,"26","quantile",0.55,22.6247575644314
2023-05-15,"1 wk ahead inc flu hosp",2023-05-20,"26","quantile",0.6,24.4779554400497
2023-05-15,"1 wk ahead inc flu hosp",2023-05-20,"26","quantile",0.65,26.5359270666525
2023-05-15,"1 wk ahead inc flu hosp",2023-05-20,"26","quantile",0.7,30.6574165840565
2023-05-15,"1 wk ahead inc flu hosp",2023-05-20,"26","quantile",0.75,33.0527319415131
2023-05-15,"1 wk ahead inc flu hosp",2023-05-20,"26","quantile",0.8,36.2519957134198
2023-05-15,"1 wk ahead inc flu hosp",2023-05-20,"26","quantile",0.85,40.9131669562178
2023-05-15,"1 wk ahead inc flu hosp",2023-05-20,"26","quantile",0.9,47.2876996876846
2023-05-15,"1 wk ahead inc flu hosp",2023-05-20,"26","quantile",0.95,54.6014599871306
2023-05-15,"1 wk ahead inc flu hosp",2023-05-20,"26","quantile",0.975,63.6587773243387
2023-05-15,"1 wk ahead inc flu hosp",2023-05-20,"26","quantile",0.99,76.3137069516679
2023-05-15,"2 wk ahead inc flu hosp",2023-05-27,"26","quantile",0.01,2.7382589362359
2023-05-15,"2 wk ahead inc flu hosp",2023-05-27,"26","quantile",0.025,3.87945766978918
2023-05-15,"2 wk ahead inc flu hosp",2023-05-27,"26","quantile",0.05,4.90748984840396
2023-05-15,"2 wk ahead inc flu hosp",2023-05-27,"26","quantile",0.1,6.26890223453988
2023-05-15,"2 wk ahead inc flu hosp",2023-05-27,"26","quantile",0.15,7.65193849701871
2023-05-15,"2 wk ahead inc flu hosp",2023-05-27,"26","quantile",0.2,8.95238126102607
2023-05-15,"2 wk ahead inc flu hosp",2023-05-27,"26","quantile",0.25,10.0720768014156
2023-05-15,"2 wk ahead inc flu hosp",2023-05-27,"26","quantile",0.3,11.4591083858747
2023-05-15,"2 wk ahead inc flu hosp",2023-05-27,"26","quantile",0.35,13.7428235071173
2023-05-15,"2 wk ahead inc flu hosp",2023-05-27,"26","quantile",0.4,15.5397320989067
2023-05-15,"2 wk ahead inc flu hosp",2023-05-27,"26","quantile",0.45,18.3227044340652
2023-05-15,"2 wk ahead inc flu hosp",2023-05-27,"26","quantile",0.5,20.8726939405126
2023-05-15,"2 wk ahead inc flu hosp",2023-05-27,"26","quantile",0.55,24.661875883458
2023-05-15,"2 wk ahead inc flu hosp",2023-05-27,"26","quantile",0.6,28.2087522641994
2023-05-15,"2 wk ahead inc flu hosp",2023-05-27,"26","quantile",0.65,31.1492061249311
2023-05-15,"2 wk ahead inc flu hosp",2023-05-27,"26","quantile",0.7,34.8293238218845
2023-05-15,"2 wk ahead inc flu hosp",2023-05-27,"26","quantile",0.75,40.5228266629881
2023-05-15,"2 wk ahead inc flu hosp",2023-05-27,"26","quantile",0.8,45.9213206279953
2023-05-15,"2 wk ahead inc flu hosp",2023-05-27,"26","quantile",0.85,52.7821096319199
2023-05-15,"2 wk ahead inc flu hosp",2023-05-27,"26","quantile",0.9,60.7005004923926
2023-05-15,"2 wk ahead inc flu hosp",2023-05-27,"26","quantile",0.95,72.796686404867
2023-05-15,"2 wk ahead inc flu hosp",2023-05-27,"26","quantile",0.975,88.10217369809
2023-05-15,"2 wk ahead inc flu hosp",2023-05-27,"26","quantile",0.99,108.929019844656
2023-05-15,"3 wk ahead inc flu hosp",2023-06-03,"26","quantile",0.01,2.97020314687565
2023-05-15,"3 wk ahead inc flu hosp",2023-06-03,"26","quantile",0.025,4.03012028227865
2023-05-15,"3 wk ahead inc flu hosp",2023-06-03,"26","quantile",0.05,5.064625968346
2023-05-15,"3 wk ahead inc flu hosp",2023-06-03,"26","quantile",0.1,6.47571638851033
2023-05-15,"3 wk ahead inc flu hosp",2023-06-03,"26","quantile",0.15,7.82616736072019
2023-05-15,"3 wk ahead inc flu hosp",2023-06-03,"26","quantile",0.2,9.58503242393429
2023-05-15,"3 wk ahead inc flu hosp",2023-06-03,"26","quantile",0.25,11.6063058569985
2023-05-15,"3 wk ahead inc flu hosp",2023-06-03,"26","quantile",0.3,14.33969714636
2023-05-15,"3 wk ahead inc flu hosp",2023-06-03,"26","quantile",0.35,17.0296829106933
2023-05-15,"3 wk ahead inc flu hosp",2023-06-03,"26","quantile",0.4,18.5517667227317
2023-05-15,"3 wk ahead inc flu hosp",2023-06-03,"26","quantile",0.45,21.8010796855151
2023-05-15,"3 wk ahead inc flu hosp",2023-06-03,"26","quantile",0.5,25.1099401835368
2023-05-15,"3 wk ahead inc flu hosp",2023-06-03,"26","quantile",0.55,28.4275965399834
2023-05-15,"3 wk ahead inc flu hosp",2023-06-03,"26","quantile",0.6,33.118482416478
2023-05-15,"3 wk ahead inc flu hosp",2023-06-03,"26","quantile",0.65,37.8706065272854
2023-05-15,"3 wk ahead inc flu hosp",2023-06-03,"26","quantile",0.7,43.3817514018992
2023-05-15,"3 wk ahead inc flu hosp",2023-06-03,"26","quantile",0.75,50.9963531965303
2023-05-15,"3 wk ahead inc flu hosp",2023-06-03,"26","quantile",0.8,58.3793622282928
2023-05-15,"3 wk ahead inc flu hosp",2023-06-03,"26","quantile",0.85,66.7436203597101
2023-05-15,"3 wk ahead inc flu hosp",2023-06-03,"26","quantile",0.9,79.9682512781431
2023-05-15,"3 wk ahead inc flu hosp",2023-06-03,"26","quantile",0.95,98.6959459368806
2023-05-15,"3 wk ahead inc flu hosp",2023-06-03,"26","quantile",0.975,117.568633222305
2023-05-15,"3 wk ahead inc flu hosp",2023-06-03,"26","quantile",0.99,148.559872534729
2023-05-15,"4 wk ahead inc flu hosp",2023-06-10,"26","quantile",0.01,2.91513976479647
2023-05-15,"4 wk ahead inc flu hosp",2023-06-10,"26","quantile",0.025,3.72936255545418
2023-05-15,"4 wk ahead inc flu hosp",2023-06-10,"26","quantile",0.05,4.76620989147232
2023-05-15,"4 wk ahead inc flu hosp",2023-06-10,"26","quantile",0.1,6.18836949785588
2023-05-15,"4 wk ahead inc flu hosp",2023-06-10,"26","quantile",0.15,7.46477624096372
2023-05-15,"4 wk ahead inc flu hosp",2023-06-10,"26","quantile",0.2,8.7082071373892
2023-05-15,"4 wk ahead inc flu hosp",2023-06-10,"26","quantile",0.25,10.2383562595819
2023-05-15,"4 wk ahead inc flu hosp",2023-06-10,"26","quantile",0.3,11.8453529805141
2023-05-15,"4 wk ahead inc flu hosp",2023-06-10,"26","quantile",0.35,13.9381402683466
2023-05-15,"4 wk ahead inc flu hosp",2023-06-10,"26","quantile",0.4,16.789132306769
2023-05-15,"4 wk ahead inc flu hosp",2023-06-10,"26","quantile",0.45,18.8397877768447
2023-05-15,"4 wk ahead inc flu hosp",2023-06-10,"26","quantile",0.5,22.6100988655881
2023-05-15,"4 wk ahead inc flu hosp",2023-06-10,"26","quantile",0.55,28.9937390127794
2023-05-15,"4 wk ahead inc flu hosp",2023-06-10,"26","quantile",0.6,33.8678026942857
2023-05-15,"4 wk ahead inc flu hosp",2023-06-10,"26","quantile",0.65,40.3783616975624
2023-05-15,"4 wk ahead inc flu hosp",2023-06-10,"26","quantile",0.7,48.0049562948105
2023-05-15,"4 wk ahead inc flu hosp",2023-06-10,"26","quantile",0.75,57.3383133093201
2023-05-15,"4 wk ahead inc flu hosp",2023-06-10,"26","quantile",0.8,66.6463619273074
2023-05-15,"4 wk ahead inc flu hosp",2023-06-10,"26","quantile",0.85,82.2864748281426
2023-05-15,"4 wk ahead inc flu hosp",2023-06-10,"26","quantile",0.9,97.0050658204168
2023-05-15,"4 wk ahead inc flu hosp",2023-06-10,"26","quantile",0.95,131.389291311968
2023-05-15,"4 wk ahead inc flu hosp",2023-06-10,"26","quantile",0.975,164.792021597468
2023-05-15,"4 wk ahead inc flu hosp",2023-06-10,"26","quantile",0.99,214.99489249356
2023-05-15,"1 wk ahead inc flu hosp",2023-05-20,"27","quantile",0.01,1.20391772395319
2023-05-15,"1 wk ahead inc flu hosp",2023-05-20,"27","quantile",0.025,1.70104268565783
2023-05-15,"1 wk ahead inc flu hosp",2023-05-20,"27","quantile",0.05,2.24976429429247
2023-05-15,"1 wk ahead inc flu hosp",2023-05-20,"27","quantile",0.1,3.34344648633484
2023-05-15,"1 wk ahead inc flu hosp",2023-05-20,"27","quantile",0.15,4.33564707615506
2023-05-15,"1 wk ahead inc flu hosp",2023-05-20,"27","quantile",0.2,5.19338157830739
2023-05-15,"1 wk ahead inc flu hosp",2023-05-20,"27","quantile",0.25,6.02196662581547
2023-05-15,"1 wk ahead inc flu hosp",2023-05-20,"27","quantile",0.3,6.83607036159834
2023-05-15,"1 wk ahead inc flu hosp",2023-05-20,"27","quantile",0.35,7.66680556315075
2023-05-15,"1 wk ahead inc flu hosp",2023-05-20,"27","quantile",0.4,8.5954016930249
2023-05-15,"1 wk ahead inc flu hosp",2023-05-20,"27","quantile",0.45,9.65286493718018
2023-05-15,"1 wk ahead inc flu hosp",2023-05-20,"27","quantile",0.5,10.8897453944194
2023-05-15,"1 wk ahead inc flu hosp",2023-05-20,"27","quantile",0.55,12.0166335670886
2023-05-15,"1 wk ahead inc flu hosp",2023-05-20,"27","quantile",0.6,13.5267547972125
2023-05-15,"1 wk ahead inc flu hosp",2023-05-20,"27","quantile",0.65,14.7182875496965
2023-05-15,"1 wk ahead inc flu hosp",2023-05-20,"27","quantile",0.7,17.1255733868106
2023-05-15,"1 wk ahead inc flu hosp",2023-05-20,"27","quantile",0.75,19.5359014044531
2023-05-15,"1 wk ahead inc flu hosp",2023-05-20,"27","quantile",0.8,21.8232458644398
2023-05-15,"1 wk ahead inc flu hosp",2023-05-20,"27","quantile",0.85,24.0398737907383
2023-05-15,"1 wk ahead inc flu hosp",2023-05-20,"27","quantile",0.9,28.4252804245419
2023-05-15,"1 wk ahead inc flu hosp",2023-05-20,"27","quantile",0.95,36.2284443109315
2023-05-15,"1 wk ahead inc flu hosp",2023-05-20,"27","quantile",0.975,44.7092360801856
2023-05-15,"1 wk ahead inc flu hosp",2023-05-20,"27","quantile",0.99,57.4100272000183
2023-05-15,"2 wk ahead inc flu hosp",2023-05-27,"27","quantile",0.01,1.06869245059905
2023-05-15,"2 wk ahead inc flu hosp",2023-05-27,"27","quantile",0.025,1.28221095941528
2023-05-15,"2 wk ahead inc flu hosp",2023-05-27,"27","quantile",0.05,1.81222303007289
2023-05-15,"2 wk ahead inc flu hosp",2023-05-27,"27","quantile",0.1,2.78664876058082
2023-05-15,"2 wk ahead inc flu hosp",2023-05-27,"27","quantile",0.15,3.70287260903014
2023-05-15,"2 wk ahead inc flu hosp",2023-05-27,"27","quantile",0.2,4.46773758218972
2023-05-15,"2 wk ahead inc flu hosp",2023-05-27,"27","quantile",0.25,5.39345223655147
2023-05-15,"2 wk ahead inc flu hosp",2023-05-27,"27","quantile",0.3,6.25288322619165
2023-05-15,"2 wk ahead inc flu hosp",2023-05-27,"27","quantile",0.35,7.25566232302132
2023-05-15,"2 wk ahead inc flu hosp",2023-05-27,"27","quantile",0.4,8.09642159129457
2023-05-15,"2 wk ahead inc flu hosp",2023-05-27,"27","quantile",0.45,9.32980402486403
2023-05-15,"2 wk ahead inc flu hosp",2023-05-27,"27","quantile",0.5,10.8347738853069
2023-05-15,"2 wk ahead inc flu hosp",2023-05-27,"27","quantile",0.55,12.2755894961324
2023-05-15,"2 wk ahead inc flu hosp",2023-05-27,"27","quantile",0.6,14.5831702207542
2023-05-15,"2 wk ahead inc flu hosp",2023-05-27,"27","quantile",0.65,16.2354834930959
2023-05-15,"2 wk ahead inc flu hosp",2023-05-27,"27","quantile",0.7,19.1577399216029
2023-05-15,"2 wk ahead inc flu hosp",2023-05-27,"27","quantile",0.75,22.4210862592229
2023-05-15,"2 wk ahead inc flu hosp",2023-05-27,"27","quantile",0.8,25.5614208726445
2023-05-15,"2 wk ahead inc flu hosp",2023-05-27,"27","quantile",0.85,29.4012712986552
2023-05-15,"2 wk ahead inc flu hosp",2023-05-27,"27","quantile",0.9,34.6187046956558
2023-05-15,"2 wk ahead inc flu hosp",2023-05-27,"27","quantile",0.95,44.0362275772246
2023-05-15,"2 wk ahead inc flu hosp",2023-05-27,"27","quantile",0.975,54.9476632626133
2023-05-15,"2 wk ahead inc flu hosp",2023-05-27,"27","quantile",0.99,68.2597000380749
2023-05-15,"3 wk ahead inc flu hosp",2023-06-03,"27","quantile",0.01,0.935538289900973
2023-05-15,"3 wk ahead inc flu hosp",2023-06-03,"27","quantile",0.025,1.12785940801637
2023-05-15,"3 wk ahead inc flu hosp",2023-06-03,"27","quantile",0.05,1.49707864805873
2023-05-15,"3 wk ahead inc flu hosp",2023-06-03,"27","quantile",0.1,2.20669716902187
2023-05-15,"3 wk ahead inc flu hosp",2023-06-03,"27","quantile",0.15,3.19649665933644
2023-05-15,"3 wk ahead inc flu hosp",2023-06-03,"27","quantile",0.2,4.04322550154054
2023-05-15,"3 wk ahead inc flu hosp",2023-06-03,"27","quantile",0.25,4.92436395667962
2023-05-15,"3 wk ahead inc flu hosp",2023-06-03,"27","quantile",0.3,5.76301021558285
2023-05-15,"3 wk ahead inc flu hosp",2023-06-03,"27","quantile",0.35,6.62415570818323
2023-05-15,"3 wk ahead inc flu hosp",2023-06-03,"27","quantile",0.4,7.64508517175242
2023-05-15,"3 wk ahead inc flu hosp",2023-06-03,"27","quantile",0.45,8.79248963652211
2023-05-15,"3 wk ahead inc flu hosp",2023-06-03,"27","quantile",0.5,10.2033098523413
2023-05-15,"3 wk ahead inc flu hosp",2023-06-03,"27","quantile",0.55,12.0405639009013
2023-05-15,"3 wk ahead inc flu hosp",2023-06-03,"27","quantile",0.6,14.7168154564453
2023-05-15,"3 wk ahead inc flu hosp",2023-06-03,"27","quantile",0.65,17.4577224755599
2023-05-15,"3 wk ahead inc flu hosp",2023-06-03,"27","quantile",0.7,20.4196009005167
2023-05-15,"3 wk ahead inc flu hosp",2023-06-03,"27","quantile",0.75,23.408859183081
2023-05-15,"3 wk ahead inc flu hosp",2023-06-03,"27","quantile",0.8,27.2983251144124
2023-05-15,"3 wk ahead inc flu hosp",2023-06-03,"27","quantile",0.85,32.0787464333664
2023-05-15,"3 wk ahead inc flu hosp",2023-06-03,"27","quantile",0.9,38.5844686423334
2023-05-15,"3 wk ahead inc flu hosp",2023-06-03,"27","quantile",0.95,49.8978838662878
2023-05-15,"3 wk ahead inc flu hosp",2023-06-03,"27","quantile",0.975,63.2170780379748
2023-05-15,"3 wk ahead inc flu hosp",2023-06-03,"27","quantile",0.99,86.4463151232726
2023-05-15,"4 wk ahead inc flu hosp",2023-06-10,"27","quantile",0.01,0.756566999834913
2023-05-15,"4 wk ahead inc flu hosp",2023-06-10,"27","quantile",0.025,0.891377092642711
2023-05-15,"4 wk ahead inc flu hosp",2023-06-10,"27","quantile",0.05,1.24810349743774
2023-05-15,"4 wk ahead inc flu hosp",2023-06-10,"27","quantile",0.1,1.73780935734403
2023-05-15,"4 wk ahead inc flu hosp",2023-06-10,"27","quantile",0.15,2.71629258004673
2023-05-15,"4 wk ahead inc flu hosp",2023-06-10,"27","quantile",0.2,3.7974975141957
2023-05-15,"4 wk ahead inc flu hosp",2023-06-10,"27","quantile",0.25,5.28671139035954
2023-05-15,"4 wk ahead inc flu hosp",2023-06-10,"27","quantile",0.3,6.43207199421327
2023-05-15,"4 wk ahead inc flu hosp",2023-06-10,"27","quantile",0.35,8.01578149345369
2023-05-15,"4 wk ahead inc flu hosp",2023-06-10,"27","quantile",0.4,9.36883392983946
2023-05-15,"4 wk ahead inc flu hosp",2023-06-10,"27","quantile",0.45,10.6265436903916
2023-05-15,"4 wk ahead inc flu hosp",2023-06-10,"27","quantile",0.5,12.3739464024512
2023-05-15,"4 wk ahead inc flu hosp",2023-06-10,"27","quantile",0.55,14.500980904554
2023-05-15,"4 wk ahead inc flu hosp",2023-06-10,"27","quantile",0.6,17.119670734025
2023-05-15,"4 wk ahead inc flu hosp",2023-06-10,"27","quantile",0.65,20.2408728496377
2023-05-15,"4 wk ahead inc flu hosp",2023-06-10,"27","quantile",0.7,23.1033393542426
2023-05-15,"4 wk ahead inc flu hosp",2023-06-10,"27","quantile",0.75,28.0703183846064
2023-05-15,"4 wk ahead inc flu hosp",2023-06-10,"27","quantile",0.8,32.4254468752918
2023-05-15,"4 wk ahead inc flu hosp",2023-06-10,"27","quantile",0.85,38.5208428354502
2023-05-15,"4 wk ahead inc flu hosp",2023-06-10,"27","quantile",0.9,48.7146702824263
2023-05-15,"4 wk ahead inc flu hosp",2023-06-10,"27","quantile",0.95,62.6477798419912
2023-05-15,"4 wk ahead inc flu hosp",2023-06-10,"27","quantile",0.975,80.1144055100525
2023-05-15,"4 wk ahead inc flu hosp",2023-06-10,"27","quantile",0.99,115.714752453074
2023-05-15,"1 wk ahead inc flu hosp",2023-05-20,"28","quantile",0.01,5.22580555730316
2023-05-15,"1 wk ahead inc flu hosp",2023-05-20,"28","quantile",0.025,6.69241626151311
2023-05-15,"1 wk ahead inc flu hosp",2023-05-20,"28","quantile",0.05,8.26682149434181
2023-05-15,"1 wk ahead inc flu hosp",2023-05-20,"28","quantile",0.1,10.5107007436079
2023-05-15,"1 wk ahead inc flu hosp",2023-05-20,"28","quantile",0.15,12.358830402886
2023-05-15,"1 wk ahead inc flu hosp",2023-05-20,"28","quantile",0.2,14.0038778534891
2023-05-15,"1 wk ahead inc flu hosp",2023-05-20,"28","quantile",0.25,15.3637199550465
2023-05-15,"1 wk ahead inc flu hosp",2023-05-20,"28","quantile",0.3,16.8460223763249
2023-05-15,"1 wk ahead inc flu hosp",2023-05-20,"28","quantile",0.35,18.2113986309217
2023-05-15,"1 wk ahead inc flu hosp",2023-05-20,"28","quantile",0.4,19.4432014002857
2023-05-15,"1 wk ahead inc flu hosp",2023-05-20,"28","quantile",0.45,20.6392049681721
2023-05-15,"1 wk ahead inc flu hosp",2023-05-20,"28","quantile",0.5,22.6534144082472
2023-05-15,"1 wk ahead inc flu hosp",2023-05-20,"28","quantile",0.55,24.1197144990377
2023-05-15,"1 wk ahead inc flu hosp",2023-05-20,"28","quantile",0.6,25.7940595703924
2023-05-15,"1 wk ahead inc flu hosp",2023-05-20,"28","quantile",0.65,27.720275944307
2023-05-15,"1 wk ahead inc flu hosp",2023-05-20,"28","quantile",0.7,29.5121882152934
2023-05-15,"1 wk ahead inc flu hosp",2023-05-20,"28","quantile",0.75,31.9476264816218
2023-05-15,"1 wk ahead inc flu hosp",2023-05-20,"28","quantile",0.8,34.7382221888211
2023-05-15,"1 wk ahead inc flu hosp",2023-05-20,"28","quantile",0.85,37.4681684114237
2023-05-15,"1 wk ahead inc flu hosp",2023-05-20,"28","quantile",0.9,40.9400086221938
2023-05-15,"1 wk ahead inc flu hosp",2023-05-20,"28","quantile",0.95,46.8685368350053
2023-05-15,"1 wk ahead inc flu hosp",2023-05-20,"28","quantile",0.975,52.0345843744759
2023-05-15,"1 wk ahead inc flu hosp",2023-05-20,"28","quantile",0.99,59.8149299911706
2023-05-15,"2 wk ahead inc flu hosp",2023-05-27,"28","quantile",0.01,3.58821986003459
2023-05-15,"2 wk ahead inc flu hosp",2023-05-27,"28","quantile",0.025,4.64288015991218
2023-05-15,"2 wk ahead inc flu hosp",2023-05-27,"28","quantile",0.05,6.11557002932227
2023-05-15,"2 wk ahead inc flu hosp",2023-05-27,"28","quantile",0.1,8.23130724436752
2023-05-15,"2 wk ahead inc flu hosp",2023-05-27,"28","quantile",0.15,9.93327513200895
2023-05-15,"2 wk ahead inc flu hosp",2023-05-27,"28","quantile",0.2,11.4972125002407
2023-05-15,"2 wk ahead inc flu hosp",2023-05-27,"28","quantile",0.25,13.2093383509804
2023-05-15,"2 wk ahead inc flu hosp",2023-05-27,"28","quantile",0.3,14.9849186141815
2023-05-15,"2 wk ahead inc flu hosp",2023-05-27,"28","quantile",0.35,16.6417321467046
2023-05-15,"2 wk ahead inc flu hosp",2023-05-27,"28","quantile",0.4,18.1422406154596
2023-05-15,"2 wk ahead inc flu hosp",2023-05-27,"28","quantile",0.45,19.5165385972955
2023-05-15,"2 wk ahead inc flu hosp",2023-05-27,"28","quantile",0.5,21.3944107349649
2023-05-15,"2 wk ahead inc flu hosp",2023-05-27,"28","quantile",0.55,23.4355401460466
2023-05-15,"2 wk ahead inc flu hosp",2023-05-27,"28","quantile",0.6,25.0176767649088
2023-05-15,"2 wk ahead inc flu hosp",2023-05-27,"28","quantile",0.65,27.2220484560532
2023-05-15,"2 wk ahead inc flu hosp",2023-05-27,"28","quantile",0.7,29.5222204216357
2023-05-15,"2 wk ahead inc flu hosp",2023-05-27,"28","quantile",0.75,32.3882148989249
2023-05-15,"2 wk ahead inc flu hosp",2023-05-27,"28","quantile",0.8,35.479476984048
2023-05-15,"2 wk ahead inc flu hosp",2023-05-27,"28","quantile",0.85,39.7954217310344
2023-05-15,"2 wk ahead inc flu hosp",2023-05-27,"28","quantile",0.9,44.2574593363398
2023-05-15,"2 wk ahead inc flu hosp",2023-05-27,"28","quantile",0.95,52.747739443269
2023-05-15,"2 wk ahead inc flu hosp",2023-05-27,"28","quantile",0.975,60.7854903785195
2023-05-15,"2 wk ahead inc flu hosp",2023-05-27,"28","quantile",0.99,71.720829209232
2023-05-15,"3 wk ahead inc flu hosp",2023-06-03,"28","quantile",0.01,2.86491952052179
2023-05-15,"3 wk ahead inc flu hosp",2023-06-03,"28","quantile",0.025,3.76360642511201
2023-05-15,"3 wk ahead inc flu hosp",2023-06-03,"28","quantile",0.05,4.99057155453132
2023-05-15,"3 wk ahead inc flu hosp",2023-06-03,"28","quantile",0.1,6.83917605773382
2023-05-15,"3 wk ahead inc flu hosp",2023-06-03,"28","quantile",0.15,8.61675098674506
2023-05-15,"3 wk ahead inc flu hosp",2023-06-03,"28","quantile",0.2,10.1736430316629
2023-05-15,"3 wk ahead inc flu hosp",2023-06-03,"28","quantile",0.25,11.7238561082072
2023-05-15,"3 wk ahead inc flu hosp",2023-06-03,"28","quantile",0.3,13.5659357077365
2023-05-15,"3 wk ahead inc flu hosp",2023-06-03,"28","quantile",0.35,15.3767929288507
2023-05-15,"3 wk ahead inc flu hosp",2023-06-03,"28","quantile",0.4,17.1431119869844
2023-05-15,"3 wk ahead inc flu hosp",2023-06-03,"28","quantile",0.45,18.9229378606413
2023-05-15,"3 wk ahead inc flu hosp",2023-06-03,"28","quantile",0.5,21.3582940491893
2023-05-15,"3 wk ahead inc flu hosp",2023-06-03,"28","quantile",0.55,23.7234254716968
2023-05-15,"3 wk ahead inc flu hosp",2023-06-03,"28","quantile",0.6,25.937819062238
2023-05-15,"3 wk ahead inc flu hosp",2023-06-03,"28","quantile",0.65,28.7051399454431
2023-05-15,"3 wk ahead inc flu hosp",2023-06-03,"28","quantile",0.7,31.9155857081839
2023-05-15,"3 wk ahead inc flu hosp",2023-06-03,"28","quantile",0.75,35.3161398968778
2023-05-15,"3 wk ahead inc flu hosp",2023-06-03,"28","quantile",0.8,39.4788426889319
2023-05-15,"3 wk ahead inc flu hosp",2023-06-03,"28","quantile",0.85,43.6231970413963
2023-05-15,"3 wk ahead inc flu hosp",2023-06-03,"28","quantile",0.9,49.1307549165884
2023-05-15,"3 wk ahead inc flu hosp",2023-06-03,"28","quantile",0.95,59.2952139568083
2023-05-15,"3 wk ahead inc flu hosp",2023-06-03,"28","quantile",0.975,68.7432043026523
2023-05-15,"3 wk ahead inc flu hosp",2023-06-03,"28","quantile",0.99,80.9729561815559
2023-05-15,"4 wk ahead inc flu hosp",2023-06-10,"28","quantile",0.01,2.81324878050754
2023-05-15,"4 wk ahead inc flu hosp",2023-06-10,"28","quantile",0.025,3.67772033451676
2023-05-15,"4 wk ahead inc flu hosp",2023-06-10,"28","quantile",0.05,4.63590361874578
2023-05-15,"4 wk ahead inc flu hosp",2023-06-10,"28","quantile",0.1,6.43728921608736
2023-05-15,"4 wk ahead inc flu hosp",2023-06-10,"28","quantile",0.15,8.14315367245677
2023-05-15,"4 wk ahead inc flu hosp",2023-06-10,"28","quantile",0.2,9.75256416859117
2023-05-15,"4 wk ahead inc flu hosp",2023-06-10,"28","quantile",0.25,11.1805178868034
2023-05-15,"4 wk ahead inc flu hosp",2023-06-10,"28","quantile",0.3,12.6999710414919
2023-05-15,"4 wk ahead inc flu hosp",2023-06-10,"28","quantile",0.35,14.6267773748761
2023-05-15,"4 wk ahead inc flu hosp",2023-06-10,"28","quantile",0.4,16.5850818835855
2023-05-15,"4 wk ahead inc flu hosp",2023-06-10,"28","quantile",0.45,18.5322184544725
2023-05-15,"4 wk ahead inc flu hosp",2023-06-10,"28","quantile",0.5,20.5856898041776
2023-05-15,"4 wk ahead inc flu hosp",2023-06-10,"28","quantile",0.55,23.7675614680169
2023-05-15,"4 wk ahead inc flu hosp",2023-06-10,"28","quantile",0.6,26.5430087139161
2023-05-15,"4 wk ahead inc flu hosp",2023-06-10,"28","quantile",0.65,30.2137230089548
2023-05-15,"4 wk ahead inc flu hosp",2023-06-10,"28","quantile",0.7,34.7908645056923
2023-05-15,"4 wk ahead inc flu hosp",2023-06-10,"28","quantile",0.75,39.4060992733611
2023-05-15,"4 wk ahead inc flu hosp",2023-06-10,"28","quantile",0.8,44.3301957129636
2023-05-15,"4 wk ahead inc flu hosp",2023-06-10,"28","quantile",0.85,49.6402843191804
2023-05-15,"4 wk ahead inc flu hosp",2023-06-10,"28","quantile",0.9,55.8966059136567
2023-05-15,"4 wk ahead inc flu hosp",2023-06-10,"28","quantile",0.95,66.6369225065982
2023-05-15,"4 wk ahead inc flu hosp",2023-06-10,"28","quantile",0.975,77.1071145658785
2023-05-15,"4 wk ahead inc flu hosp",2023-06-10,"28","quantile",0.99,93.3962714700729
2023-05-15,"1 wk ahead inc flu hosp",2023-05-20,"29","quantile",0.01,5.9673064455175
2023-05-15,"1 wk ahead inc flu hosp",2023-05-20,"29","quantile",0.025,6.80073868771881
2023-05-15,"1 wk ahead inc flu hosp",2023-05-20,"29","quantile",0.05,8.41630072590842
2023-05-15,"1 wk ahead inc flu hosp",2023-05-20,"29","quantile",0.1,10.5370670839883
2023-05-15,"1 wk ahead inc flu hosp",2023-05-20,"29","quantile",0.15,12.6023882225904
2023-05-15,"1 wk ahead inc flu hosp",2023-05-20,"29","quantile",0.2,14.2039741304558
2023-05-15,"1 wk ahead inc flu hosp",2023-05-20,"29","quantile",0.25,15.6392997060354
2023-05-15,"1 wk ahead inc flu hosp",2023-05-20,"29","quantile",0.3,17.4096810691245
2023-05-15,"1 wk ahead inc flu hosp",2023-05-20,"29","quantile",0.35,19.4453734504281
2023-05-15,"1 wk ahead inc flu hosp",2023-05-20,"29","quantile",0.4,21.2117314316203
2023-05-15,"1 wk ahead inc flu hosp",2023-05-20,"29","quantile",0.45,23.5677139158085
2023-05-15,"1 wk ahead inc flu hosp",2023-05-20,"29","quantile",0.5,25.4673909291629
2023-05-15,"1 wk ahead inc flu hosp",2023-05-20,"29","quantile",0.55,27.7891441439093
2023-05-15,"1 wk ahead inc flu hosp",2023-05-20,"29","quantile",0.6,29.9293777724376
2023-05-15,"1 wk ahead inc flu hosp",2023-05-20,"29","quantile",0.65,31.8734101553568
2023-05-15,"1 wk ahead inc flu hosp",2023-05-20,"29","quantile",0.7,34.1569533351225
2023-05-15,"1 wk ahead inc flu hosp",2023-05-20,"29","quantile",0.75,37.402787433834
2023-05-15,"1 wk ahead inc flu hosp",2023-05-20,"29","quantile",0.8,40.5576268097113
2023-05-15,"1 wk ahead inc flu hosp",2023-05-20,"29","quantile",0.85,44.6519520164594
2023-05-15,"1 wk ahead inc flu hosp",2023-05-20,"29","quantile",0.9,50.4604727908089
2023-05-15,"1 wk ahead inc flu hosp",2023-05-20,"29","quantile",0.95,59.6333444080453
2023-05-15,"1 wk ahead inc flu hosp",2023-05-20,"29","quantile",0.975,68.1618061571615
2023-05-15,"1 wk ahead inc flu hosp",2023-05-20,"29","quantile",0.99,78.9064270798588
2023-05-15,"2 wk ahead inc flu hosp",2023-05-27,"29","quantile",0.01,4.89204017006903
2023-05-15,"2 wk ahead inc flu hosp",2023-05-27,"29","quantile",0.025,5.74590093429269
2023-05-15,"2 wk ahead inc flu hosp",2023-05-27,"29","quantile",0.05,7.23272368643566
2023-05-15,"2 wk ahead inc flu hosp",2023-05-27,"29","quantile",0.1,9.12030500730156
2023-05-15,"2 wk ahead inc flu hosp",2023-05-27,"29","quantile",0.15,10.5972336934618
2023-05-15,"2 wk ahead inc flu hosp",2023-05-27,"29","quantile",0.2,12.2311433833796
2023-05-15,"2 wk ahead inc flu hosp",2023-05-27,"29","quantile",0.25,13.9782409446648
2023-05-15,"2 wk ahead inc flu hosp",2023-05-27,"29","quantile",0.3,15.7556591046479
2023-05-15,"2 wk ahead inc flu hosp",2023-05-27,"29","quantile",0.35,17.5226244647434
2023-05-15,"2 wk ahead inc flu hosp",2023-05-27,"29","quantile",0.4,19.3740947139447
2023-05-15,"2 wk ahead inc flu hosp",2023-05-27,"29","quantile",0.45,22.6135057234558
2023-05-15,"2 wk ahead inc flu hosp",2023-05-27,"29","quantile",0.5,26.3793833158567
2023-05-15,"2 wk ahead inc flu hosp",2023-05-27,"29","quantile",0.55,29.7962541336206
2023-05-15,"2 wk ahead inc flu hosp",2023-05-27,"29","quantile",0.6,32.170565129861
2023-05-15,"2 wk ahead inc flu hosp",2023-05-27,"29","quantile",0.65,35.1935094179713
2023-05-15,"2 wk ahead inc flu hosp",2023-05-27,"29","quantile",0.7,38.3131307152834
2023-05-15,"2 wk ahead inc flu hosp",2023-05-27,"29","quantile",0.75,41.6253116777757
2023-05-15,"2 wk ahead inc flu hosp",2023-05-27,"29","quantile",0.8,45.6564217771663
2023-05-15,"2 wk ahead inc flu hosp",2023-05-27,"29","quantile",0.85,51.5871357593544
2023-05-15,"2 wk ahead inc flu hosp",2023-05-27,"29","quantile",0.9,60.8668557699332
2023-05-15,"2 wk ahead inc flu hosp",2023-05-27,"29","quantile",0.95,72.9605088598288
2023-05-15,"2 wk ahead inc flu hosp",2023-05-27,"29","quantile",0.975,84.1529613075835
2023-05-15,"2 wk ahead inc flu hosp",2023-05-27,"29","quantile",0.99,99.7982222679755
2023-05-15,"3 wk ahead inc flu hosp",2023-06-03,"29","quantile",0.01,5.31612669823698
2023-05-15,"3 wk ahead inc flu hosp",2023-06-03,"29","quantile",0.025,5.98192837351146
2023-05-15,"3 wk ahead inc flu hosp",2023-06-03,"29","quantile",0.05,7.09960616057899
2023-05-15,"3 wk ahead inc flu hosp",2023-06-03,"29","quantile",0.1,8.70153695919342
2023-05-15,"3 wk ahead inc flu hosp",2023-06-03,"29","quantile",0.15,10.5650893359258
2023-05-15,"3 wk ahead inc flu hosp",2023-06-03,"29","quantile",0.2,11.8790780631223
2023-05-15,"3 wk ahead inc flu hosp",2023-06-03,"29","quantile",0.25,13.335146466759
2023-05-15,"3 wk ahead inc flu hosp",2023-06-03,"29","quantile",0.3,14.542009436548
2023-05-15,"3 wk ahead inc flu hosp",2023-06-03,"29","quantile",0.35,16.0642631439742
2023-05-15,"3 wk ahead inc flu hosp",2023-06-03,"29","quantile",0.4,18.7471275353827
2023-05-15,"3 wk ahead inc flu hosp",2023-06-03,"29","quantile",0.45,21.7784503093499
2023-05-15,"3 wk ahead inc flu hosp",2023-06-03,"29","quantile",0.5,25.5686895172851
2023-05-15,"3 wk ahead inc flu hosp",2023-06-03,"29","quantile",0.55,29.230934772501
2023-05-15,"3 wk ahead inc flu hosp",2023-06-03,"29","quantile",0.6,31.8056016950728
2023-05-15,"3 wk ahead inc flu hosp",2023-06-03,"29","quantile",0.65,34.6068103515609
2023-05-15,"3 wk ahead inc flu hosp",2023-06-03,"29","quantile",0.7,37.5422093191063
2023-05-15,"3 wk ahead inc flu hosp",2023-06-03,"29","quantile",0.75,41.7549676674604
2023-05-15,"3 wk ahead inc flu hosp",2023-06-03,"29","quantile",0.8,47.9209313130702
2023-05-15,"3 wk ahead inc flu hosp",2023-06-03,"29","quantile",0.85,54.8332733570428
2023-05-15,"3 wk ahead inc flu hosp",2023-06-03,"29","quantile",0.9,63.8771009132664
2023-05-15,"3 wk ahead inc flu hosp",2023-06-03,"29","quantile",0.95,80.5859273489386
2023-05-15,"3 wk ahead inc flu hosp",2023-06-03,"29","quantile",0.975,95.8436887337528
2023-05-15,"3 wk ahead inc flu hosp",2023-06-03,"29","quantile",0.99,122.715589268946
2023-05-15,"4 wk ahead inc flu hosp",2023-06-10,"29","quantile",0.01,5.63542706940888
2023-05-15,"4 wk ahead inc flu hosp",2023-06-10,"29","quantile",0.025,6.45410793048907
2023-05-15,"4 wk ahead inc flu hosp",2023-06-10,"29","quantile",0.05,7.47740930748936
2023-05-15,"4 wk ahead inc flu hosp",2023-06-10,"29","quantile",0.1,9.24913690842978
2023-05-15,"4 wk ahead inc flu hosp",2023-06-10,"29","quantile",0.15,11.0801329590857
2023-05-15,"4 wk ahead inc flu hosp",2023-06-10,"29","quantile",0.2,12.7188436162989
2023-05-15,"4 wk ahead inc flu hosp",2023-06-10,"29","quantile",0.25,14.3683832059929
2023-05-15,"4 wk ahead inc flu hosp",2023-06-10,"29","quantile",0.3,15.6190715077378
2023-05-15,"4 wk ahead inc flu hosp",2023-06-10,"29","quantile",0.35,17.0125846846921
2023-05-15,"4 wk ahead inc flu hosp",2023-06-10,"29","quantile",0.4,19.0052429802891
2023-05-15,"4 wk ahead inc flu hosp",2023-06-10,"29","quantile",0.45,21.7517501977331
2023-05-15,"4 wk ahead inc flu hosp",2023-06-10,"29","quantile",0.5,25.9736276441335
2023-05-15,"4 wk ahead inc flu hosp",2023-06-10,"29","quantile",0.55,31.5337591249171
2023-05-15,"4 wk ahead inc flu hosp",2023-06-10,"29","quantile",0.6,36.0162236463526
2023-05-15,"4 wk ahead inc flu hosp",2023-06-10,"29","quantile",0.65,40.8656847380837
2023-05-15,"4 wk ahead inc flu hosp",2023-06-10,"29","quantile",0.7,46.5540971320513
2023-05-15,"4 wk ahead inc flu hosp",2023-06-10,"29","quantile",0.75,51.2165509067562
2023-05-15,"4 wk ahead inc flu hosp",2023-06-10,"29","quantile",0.8,56.6254588137331
2023-05-15,"4 wk ahead inc flu hosp",2023-06-10,"29","quantile",0.85,63.6865374109222
2023-05-15,"4 wk ahead inc flu hosp",2023-06-10,"29","quantile",0.9,72.336808228307
2023-05-15,"4 wk ahead inc flu hosp",2023-06-10,"29","quantile",0.95,93.0684290791322
2023-05-15,"4 wk ahead inc flu hosp",2023-06-10,"29","quantile",0.975,112.511020043777
2023-05-15,"4 wk ahead inc flu hosp",2023-06-10,"29","quantile",0.99,147.844669320273
2023-05-15,"1 wk ahead inc flu hosp",2023-05-20,"30","quantile",0.01,0.0434233985950055
2023-05-15,"1 wk ahead inc flu hosp",2023-05-20,"30","quantile",0.025,0.0469262959264825
2023-05-15,"1 wk ahead inc flu hosp",2023-05-20,"30","quantile",0.05,0.051392852823768
2023-05-15,"1 wk ahead inc flu hosp",2023-05-20,"30","quantile",0.1,0.0675475507739684
2023-05-15,"1 wk ahead inc flu hosp",2023-05-20,"30","quantile",0.15,0.110420614219616
2023-05-15,"1 wk ahead inc flu hosp",2023-05-20,"30","quantile",0.2,0.178905236629428
2023-05-15,"1 wk ahead inc flu hosp",2023-05-20,"30","quantile",0.25,0.272806842744974
2023-05-15,"1 wk ahead inc flu hosp",2023-05-20,"30","quantile",0.3,0.358772452265121
2023-05-15,"1 wk ahead inc flu hosp",2023-05-20,"30","quantile",0.35,0.489370002731391
2023-05-15,"1 wk ahead inc flu hosp",2023-05-20,"30","quantile",0.4,0.603607454060822
2023-05-15,"1 wk ahead inc flu hosp",2023-05-20,"30","quantile",0.45,0.668213774776021
2023-05-15,"1 wk ahead inc flu hosp",2023-05-20,"30","quantile",0.5,0.923774416988711
2023-05-15,"1 wk ahead inc flu hosp",2023-05-20,"30","quantile",0.55,1.18922195174612
2023-05-15,"1 wk ahead inc flu hosp",2023-05-20,"30","quantile",0.6,1.51981129718471
2023-05-15,"1 wk ahead inc flu hosp",2023-05-20,"30","quantile",0.65,1.83835654675607
2023-05-15,"1 wk ahead inc flu hosp",2023-05-20,"30","quantile",0.7,2.23091940403711
2023-05-15,"1 wk ahead inc flu hosp",2023-05-20,"30","quantile",0.75,2.68600283587816
2023-05-15,"1 wk ahead inc flu hosp",2023-05-20,"30","quantile",0.8,3.11507008616206
2023-05-15,"1 wk ahead inc flu hosp",2023-05-20,"30","quantile",0.85,3.68344110484202
2023-05-15,"1 wk ahead inc flu hosp",2023-05-20,"30","quantile",0.9,4.35065023723979
2023-05-15,"1 wk ahead inc flu hosp",2023-05-20,"30","quantile",0.95,6.24021117578816
2023-05-15,"1 wk ahead inc flu hosp",2023-05-20,"30","quantile",0.975,7.82846179260525
2023-05-15,"1 wk ahead inc flu hosp",2023-05-20,"30","quantile",0.99,9.37901500069152
2023-05-15,"2 wk ahead inc flu hosp",2023-05-27,"30","quantile",0.01,0.0535892288566039
2023-05-15,"2 wk ahead inc flu hosp",2023-05-27,"30","quantile",0.025,0.0540932604471405
2023-05-15,"2 wk ahead inc flu hosp",2023-05-27,"30","quantile",0.05,0.0575372148313945
2023-05-15,"2 wk ahead inc flu hosp",2023-05-27,"30","quantile",0.1,0.0595234375461309
2023-05-15,"2 wk ahead inc flu hosp",2023-05-27,"30","quantile",0.15,0.0617933261188035
2023-05-15,"2 wk ahead inc flu hosp",2023-05-27,"30","quantile",0.2,0.142783190216684
2023-05-15,"2 wk ahead inc flu hosp",2023-05-27,"30","quantile",0.25,0.178912478303003
2023-05-15,"2 wk ahead inc flu hosp",2023-05-27,"30","quantile",0.3,0.215556641100357
2023-05-15,"2 wk ahead inc flu hosp",2023-05-27,"30","quantile",0.35,0.330020463135799
2023-05-15,"2 wk ahead inc flu hosp",2023-05-27,"30","quantile",0.4,0.408103890892218
2023-05-15,"2 wk ahead inc flu hosp",2023-05-27,"30","quantile",0.45,0.495478942201877
2023-05-15,"2 wk ahead inc flu hosp",2023-05-27,"30","quantile",0.5,0.902967955440832
2023-05-15,"2 wk ahead inc flu hosp",2023-05-27,"30","quantile",0.55,1.22317209351797
2023-05-15,"2 wk ahead inc flu hosp",2023-05-27,"30","quantile",0.6,1.89175262528219
2023-05-15,"2 wk ahead inc flu hosp",2023-05-27,"30","quantile",0.65,2.52654456669102
2023-05-15,"2 wk ahead inc flu hosp",2023-05-27,"30","quantile",0.7,3.07052066800509
2023-05-15,"2 wk ahead inc flu hosp",2023-05-27,"30","quantile",0.75,3.92083791873133
2023-05-15,"2 wk ahead inc flu hosp",2023-05-27,"30","quantile",0.8,5.09001079220668
2023-05-15,"2 wk ahead inc flu hosp",2023-05-27,"30","quantile",0.85,5.87684681950577
2023-05-15,"2 wk ahead inc flu hosp",2023-05-27,"30","quantile",0.9,7.10656432035427
2023-05-15,"2 wk ahead inc flu hosp",2023-05-27,"30","quantile",0.95,9.50780238535714
2023-05-15,"2 wk ahead inc flu hosp",2023-05-27,"30","quantile",0.975,11.4100692309832
2023-05-15,"2 wk ahead inc flu hosp",2023-05-27,"30","quantile",0.99,14.7546731824451
2023-05-15,"3 wk ahead inc flu hosp",2023-06-03,"30","quantile",0.01,0.0517352909538487
2023-05-15,"3 wk ahead inc flu hosp",2023-06-03,"30","quantile",0.025,0.0532423810378181
2023-05-15,"3 wk ahead inc flu hosp",2023-06-03,"30","quantile",0.05,0.0578193287996164
2023-05-15,"3 wk ahead inc flu hosp",2023-06-03,"30","quantile",0.1,0.0615062625069567
2023-05-15,"3 wk ahead inc flu hosp",2023-06-03,"30","quantile",0.15,0.0641298350638422
2023-05-15,"3 wk ahead inc flu hosp",2023-06-03,"30","quantile",0.2,0.136340684365656
2023-05-15,"3 wk ahead inc flu hosp",2023-06-03,"30","quantile",0.25,0.170864277622926
2023-05-15,"3 wk ahead inc flu hosp",2023-06-03,"30","quantile",0.3,0.216631336396575
2023-05-15,"3 wk ahead inc flu hosp",2023-06-03,"30","quantile",0.35,0.338032988432884
2023-05-15,"3 wk ahead inc flu hosp",2023-06-03,"30","quantile",0.4,0.531624428134733
2023-05-15,"3 wk ahead inc flu hosp",2023-06-03,"30","quantile",0.45,0.934377156500208
2023-05-15,"3 wk ahead inc flu hosp",2023-06-03,"30","quantile",0.5,1.30412746649722
2023-05-15,"3 wk ahead inc flu hosp",2023-06-03,"30","quantile",0.55,1.67907038263157
2023-05-15,"3 wk ahead inc flu hosp",2023-06-03,"30","quantile",0.6,2.11771677679325
2023-05-15,"3 wk ahead inc flu hosp",2023-06-03,"30","quantile",0.65,2.74347354487158
2023-05-15,"3 wk ahead inc flu hosp",2023-06-03,"30","quantile",0.7,3.44050718057661
2023-05-15,"3 wk ahead inc flu hosp",2023-06-03,"30","quantile",0.75,4.15210219726781
2023-05-15,"3 wk ahead inc flu hosp",2023-06-03,"30","quantile",0.8,5.1690409632121
2023-05-15,"3 wk ahead inc flu hosp",2023-06-03,"30","quantile",0.85,6.41284976038841
2023-05-15,"3 wk ahead inc flu hosp",2023-06-03,"30","quantile",0.9,8.68094690448599
2023-05-15,"3 wk ahead inc flu hosp",2023-06-03,"30","quantile",0.95,11.5397072433434
2023-05-15,"3 wk ahead inc flu hosp",2023-06-03,"30","quantile",0.975,14.1832823456115
2023-05-15,"3 wk ahead inc flu hosp",2023-06-03,"30","quantile",0.99,18.6956515177132
2023-05-15,"4 wk ahead inc flu hosp",2023-06-10,"30","quantile",0.01,0.0727245664542261
2023-05-15,"4 wk ahead inc flu hosp",2023-06-10,"30","quantile",0.025,0.0738124292003886
2023-05-15,"4 wk ahead inc flu hosp",2023-06-10,"30","quantile",0.05,0.0786619464594853
2023-05-15,"4 wk ahead inc flu hosp",2023-06-10,"30","quantile",0.1,0.0806229740582515
2023-05-15,"4 wk ahead inc flu hosp",2023-06-10,"30","quantile",0.15,0.0837034989292738
2023-05-15,"4 wk ahead inc flu hosp",2023-06-10,"30","quantile",0.2,0.094633613469239
2023-05-15,"4 wk ahead inc flu hosp",2023-06-10,"30","quantile",0.25,0.184073977393635
2023-05-15,"4 wk ahead inc flu hosp",2023-06-10,"30","quantile",0.3,0.237761503233405
2023-05-15,"4 wk ahead inc flu hosp",2023-06-10,"30","quantile",0.35,0.375499411276117
2023-05-15,"4 wk ahead inc flu hosp",2023-06-10,"30","quantile",0.4,0.580445221732936
2023-05-15,"4 wk ahead inc flu hosp",2023-06-10,"30","quantile",0.45,1.0405002472005
2023-05-15,"4 wk ahead inc flu hosp",2023-06-10,"30","quantile",0.5,1.33065509562341
2023-05-15,"4 wk ahead inc flu hosp",2023-06-10,"30","quantile",0.55,1.71108561455838
2023-05-15,"4 wk ahead inc flu hosp",2023-06-10,"30","quantile",0.6,2.53467981421133
2023-05-15,"4 wk ahead inc flu hosp",2023-06-10,"30","quantile",0.65,3.89865753943697
2023-05-15,"4 wk ahead inc flu hosp",2023-06-10,"30","quantile",0.7,4.86414856437657
2023-05-15,"4 wk ahead inc flu hosp",2023-06-10,"30","quantile",0.75,5.49324164577288
2023-05-15,"4 wk ahead inc flu hosp",2023-06-10,"30","quantile",0.8,7.19406694513496
2023-05-15,"4 wk ahead inc flu hosp",2023-06-10,"30","quantile",0.85,8.42242902486085
2023-05-15,"4 wk ahead inc flu hosp",2023-06-10,"30","quantile",0.9,10.2103163485346
2023-05-15,"4 wk ahead inc flu hosp",2023-06-10,"30","quantile",0.95,14.237163735156
2023-05-15,"4 wk ahead inc flu hosp",2023-06-10,"30","quantile",0.975,17.9943104251022
2023-05-15,"4 wk ahead inc flu hosp",2023-06-10,"30","quantile",0.99,23.8099532208262
2023-05-15,"1 wk ahead inc flu hosp",2023-05-20,"31","quantile",0.01,0.432621570917422
2023-05-15,"1 wk ahead inc flu hosp",2023-05-20,"31","quantile",0.025,0.7233128009973
2023-05-15,"1 wk ahead inc flu hosp",2023-05-20,"31","quantile",0.05,0.963941856429086
2023-05-15,"1 wk ahead inc flu hosp",2023-05-20,"31","quantile",0.1,1.560696691383
2023-05-15,"1 wk ahead inc flu hosp",2023-05-20,"31","quantile",0.15,1.9139552955511
2023-05-15,"1 wk ahead inc flu hosp",2023-05-20,"31","quantile",0.2,2.1462284080254
2023-05-15,"1 wk ahead inc flu hosp",2023-05-20,"31","quantile",0.25,2.65845844227915
2023-05-15,"1 wk ahead inc flu hosp",2023-05-20,"31","quantile",0.3,2.89631933108534
2023-05-15,"1 wk ahead inc flu hosp",2023-05-20,"31","quantile",0.35,3.4031001107473
2023-05-15,"1 wk ahead inc flu hosp",2023-05-20,"31","quantile",0.4,3.925531612462
2023-05-15,"1 wk ahead inc flu hosp",2023-05-20,"31","quantile",0.45,4.49631977014698
2023-05-15,"1 wk ahead inc flu hosp",2023-05-20,"31","quantile",0.5,5.07380740068336
2023-05-15,"1 wk ahead inc flu hosp",2023-05-20,"31","quantile",0.55,5.61938728914803
2023-05-15,"1 wk ahead inc flu hosp",2023-05-20,"31","quantile",0.6,6.47712979109068
2023-05-15,"1 wk ahead inc flu hosp",2023-05-20,"31","quantile",0.65,7.37268783936245
2023-05-15,"1 wk ahead inc flu hosp",2023-05-20,"31","quantile",0.7,7.89888480415813
2023-05-15,"1 wk ahead inc flu hosp",2023-05-20,"31","quantile",0.75,8.79958725623185
2023-05-15,"1 wk ahead inc flu hosp",2023-05-20,"31","quantile",0.8,9.71343962402817
2023-05-15,"1 wk ahead inc flu hosp",2023-05-20,"31","quantile",0.85,10.9754741000876
2023-05-15,"1 wk ahead inc flu hosp",2023-05-20,"31","quantile",0.9,12.7075658757211
2023-05-15,"1 wk ahead inc flu hosp",2023-05-20,"31","quantile",0.95,15.2963204563829
2023-05-15,"1 wk ahead inc flu hosp",2023-05-20,"31","quantile",0.975,17.5823458706694
2023-05-15,"1 wk ahead inc flu hosp",2023-05-20,"31","quantile",0.99,19.6950435388654
2023-05-15,"2 wk ahead inc flu hosp",2023-05-27,"31","quantile",0.01,0.260060051599444
2023-05-15,"2 wk ahead inc flu hosp",2023-05-27,"31","quantile",0.025,0.406720719117118
2023-05-15,"2 wk ahead inc flu hosp",2023-05-27,"31","quantile",0.05,0.549240781845871
2023-05-15,"2 wk ahead inc flu hosp",2023-05-27,"31","quantile",0.1,1.05647597705069
2023-05-15,"2 wk ahead inc flu hosp",2023-05-27,"31","quantile",0.15,1.32600117581717
2023-05-15,"2 wk ahead inc flu hosp",2023-05-27,"31","quantile",0.2,1.72711951971126
2023-05-15,"2 wk ahead inc flu hosp",2023-05-27,"31","quantile",0.25,2.17417946098541
2023-05-15,"2 wk ahead inc flu hosp",2023-05-27,"31","quantile",0.3,2.67157206557725
2023-05-15,"2 wk ahead inc flu hosp",2023-05-27,"31","quantile",0.35,3.09292652748006
2023-05-15,"2 wk ahead inc flu hosp",2023-05-27,"31","quantile",0.4,3.52984194295934
2023-05-15,"2 wk ahead inc flu hosp",2023-05-27,"31","quantile",0.45,4.35342001109797
2023-05-15,"2 wk ahead inc flu hosp",2023-05-27,"31","quantile",0.5,5.07724566644278
2023-05-15,"2 wk ahead inc flu hosp",2023-05-27,"31","quantile",0.55,5.93162835733657
2023-05-15,"2 wk ahead inc flu hosp",2023-05-27,"31","quantile",0.6,7.00668681752242
2023-05-15,"2 wk ahead inc flu hosp",2023-05-27,"31","quantile",0.65,8.04558791937485
2023-05-15,"2 wk ahead inc flu hosp",2023-05-27,"31","quantile",0.7,8.830510521171
2023-05-15,"2 wk ahead inc flu hosp",2023-05-27,"31","quantile",0.75,10.0196586664151
2023-05-15,"2 wk ahead inc flu hosp",2023-05-27,"31","quantile",0.8,12.0843122688413
2023-05-15,"2 wk ahead inc flu hosp",2023-05-27,"31","quantile",0.85,13.6486745024784
2023-05-15,"2 wk ahead inc flu hosp",2023-05-27,"31","quantile",0.9,16.0385454381422
2023-05-15,"2 wk ahead inc flu hosp",2023-05-27,"31","quantile",0.95,20.8501714799565
2023-05-15,"2 wk ahead inc flu hosp",2023-05-27,"31","quantile",0.975,25.1160312308568
2023-05-15,"2 wk ahead inc flu hosp",2023-05-27,"31","quantile",0.99,27.9009257486664
2023-05-15,"3 wk ahead inc flu hosp",2023-06-03,"31","quantile",0.01,0.321802118999564
2023-05-15,"3 wk ahead inc flu hosp",2023-06-03,"31","quantile",0.025,0.358637284091387
2023-05-15,"3 wk ahead inc flu hosp",2023-06-03,"31","quantile",0.05,0.485716439698552
2023-05-15,"3 wk ahead inc flu hosp",2023-06-03,"31","quantile",0.1,0.820930678762439
2023-05-15,"3 wk ahead inc flu hosp",2023-06-03,"31","quantile",0.15,1.22070488331001
2023-05-15,"3 wk ahead inc flu hosp",2023-06-03,"31","quantile",0.2,1.59604973434232
2023-05-15,"3 wk ahead inc flu hosp",2023-06-03,"31","quantile",0.25,1.99537380279767
2023-05-15,"3 wk ahead inc flu hosp",2023-06-03,"31","quantile",0.3,2.30493842601992
2023-05-15,"3 wk ahead inc flu hosp",2023-06-03,"31","quantile",0.35,2.83827774760644
2023-05-15,"3 wk ahead inc flu hosp",2023-06-03,"31","quantile",0.4,3.45107371050824
2023-05-15,"3 wk ahead inc flu hosp",2023-06-03,"31","quantile",0.45,4.0744964323655
2023-05-15,"3 wk ahead inc flu hosp",2023-06-03,"31","quantile",0.5,4.96339914162055
2023-05-15,"3 wk ahead inc flu hosp",2023-06-03,"31","quantile",0.55,5.79633763929114
2023-05-15,"3 wk ahead inc flu hosp",2023-06-03,"31","quantile",0.6,7.0962678753155
2023-05-15,"3 wk ahead inc flu hosp",2023-06-03,"31","quantile",0.65,8.18109736338128
2023-05-15,"3 wk ahead inc flu hosp",2023-06-03,"31","quantile",0.7,9.20961908675197
2023-05-15,"3 wk ahead inc flu hosp",2023-06-03,"31","quantile",0.75,10.9948517063373
2023-05-15,"3 wk ahead inc flu hosp",2023-06-03,"31","quantile",0.8,13.3076091347633
2023-05-15,"3 wk ahead inc flu hosp",2023-06-03,"31","quantile",0.85,15.6940432511023
2023-05-15,"3 wk ahead inc flu hosp",2023-06-03,"31","quantile",0.9,19.3020621224147
2023-05-15,"3 wk ahead inc flu hosp",2023-06-03,"31","quantile",0.95,24.333488620319
2023-05-15,"3 wk ahead inc flu hosp",2023-06-03,"31","quantile",0.975,27.5867764889168
2023-05-15,"3 wk ahead inc flu hosp",2023-06-03,"31","quantile",0.99,30.7744564314717
2023-05-15,"4 wk ahead inc flu hosp",2023-06-10,"31","quantile",0.01,0.31505119138935
2023-05-15,"4 wk ahead inc flu hosp",2023-06-10,"31","quantile",0.025,0.420615611243283
2023-05-15,"4 wk ahead inc flu hosp",2023-06-10,"31","quantile",0.05,0.52906735191447
2023-05-15,"4 wk ahead inc flu hosp",2023-06-10,"31","quantile",0.1,0.871089196321231
2023-05-15,"4 wk ahead inc flu hosp",2023-06-10,"31","quantile",0.15,1.08431450250384
2023-05-15,"4 wk ahead inc flu hosp",2023-06-10,"31","quantile",0.2,1.42163533337331
2023-05-15,"4 wk ahead inc flu hosp",2023-06-10,"31","quantile",0.25,1.86816720716684
2023-05-15,"4 wk ahead inc flu hosp",2023-06-10,"31","quantile",0.3,2.23888299192945
2023-05-15,"4 wk ahead inc flu hosp",2023-06-10,"31","quantile",0.35,2.77300050131595
2023-05-15,"4 wk ahead inc flu hosp",2023-06-10,"31","quantile",0.4,3.2061302425668
2023-05-15,"4 wk ahead inc flu hosp",2023-06-10,"31","quantile",0.45,4.15323261537455
2023-05-15,"4 wk ahead inc flu hosp",2023-06-10,"31","quantile",0.5,5.27137259831091
2023-05-15,"4 wk ahead inc flu hosp",2023-06-10,"31","quantile",0.55,6.81790988585835
2023-05-15,"4 wk ahead inc flu hosp",2023-06-10,"31","quantile",0.6,8.83787863917942
2023-05-15,"4 wk ahead inc flu hosp",2023-06-10,"31","quantile",0.65,10.4393751021299
2023-05-15,"4 wk ahead inc flu hosp",2023-06-10,"31","quantile",0.7,12.7305887405066
2023-05-15,"4 wk ahead inc flu hosp",2023-06-10,"31","quantile",0.75,14.7124915914935
2023-05-15,"4 wk ahead inc flu hosp",2023-06-10,"31","quantile",0.8,16.8088104941404
2023-05-15,"4 wk ahead inc flu hosp",2023-06-10,"31","quantile",0.85,19.5164287417313
2023-05-15,"4 wk ahead inc flu hosp",2023-06-10,"31","quantile",0.9,24.6237388339869
2023-05-15,"4 wk ahead inc flu hosp",2023-06-10,"31","quantile",0.95,31.5338335180312
2023-05-15,"4 wk ahead inc flu hosp",2023-06-10,"31","quantile",0.975,36.7431867347962
2023-05-15,"4 wk ahead inc flu hosp",2023-06-10,"31","quantile",0.99,42.7575487629317
2023-05-15,"1 wk ahead inc flu hosp",2023-05-20,"32","quantile",0.01,0.507023198329243
2023-05-15,"1 wk ahead inc flu hosp",2023-05-20,"32","quantile",0.025,0.793168783862332
2023-05-15,"1 wk ahead inc flu hosp",2023-05-20,"32","quantile",0.05,1.08009077338422
2023-05-15,"1 wk ahead inc flu hosp",2023-05-20,"32","quantile",0.1,1.51554854801063
2023-05-15,"1 wk ahead inc flu hosp",2023-05-20,"32","quantile",0.15,1.96001515630334
2023-05-15,"1 wk ahead inc flu hosp",2023-05-20,"32","quantile",0.2,2.34455811422937
2023-05-15,"1 wk ahead inc flu hosp",2023-05-20,"32","quantile",0.25,2.75536211157623
2023-05-15,"1 wk ahead inc flu hosp",2023-05-20,"32","quantile",0.3,3.14201669184054
2023-05-15,"1 wk ahead inc flu hosp",2023-05-20,"32","quantile",0.35,3.66607530437223
2023-05-15,"1 wk ahead inc flu hosp",2023-05-20,"32","quantile",0.4,4.20054659007356
2023-05-15,"1 wk ahead inc flu hosp",2023-05-20,"32","quantile",0.45,4.90247729129498
2023-05-15,"1 wk ahead inc flu hosp",2023-05-20,"32","quantile",0.5,5.94022464709899
2023-05-15,"1 wk ahead inc flu hosp",2023-05-20,"32","quantile",0.55,6.61421680992058
2023-05-15,"1 wk ahead inc flu hosp",2023-05-20,"32","quantile",0.6,8.06861152424257
2023-05-15,"1 wk ahead inc flu hosp",2023-05-20,"32","quantile",0.65,8.919137500563
2023-05-15,"1 wk ahead inc flu hosp",2023-05-20,"32","quantile",0.7,10.1837964468542
2023-05-15,"1 wk ahead inc flu hosp",2023-05-20,"32","quantile",0.75,12.0379184285307
2023-05-15,"1 wk ahead inc flu hosp",2023-05-20,"32","quantile",0.8,14.0150806991328
2023-05-15,"1 wk ahead inc flu hosp",2023-05-20,"32","quantile",0.85,16.6780615632015
2023-05-15,"1 wk ahead inc flu hosp",2023-05-20,"32","quantile",0.9,19.6506072595462
2023-05-15,"1 wk ahead inc flu hosp",2023-05-20,"32","quantile",0.95,23.4739789414573
2023-05-15,"1 wk ahead inc flu hosp",2023-05-20,"32","quantile",0.975,26.6609314405278
2023-05-15,"1 wk ahead inc flu hosp",2023-05-20,"32","quantile",0.99,31.2923184488724
2023-05-15,"2 wk ahead inc flu hosp",2023-05-27,"32","quantile",0.01,0.447735267960227
2023-05-15,"2 wk ahead inc flu hosp",2023-05-27,"32","quantile",0.025,0.570477676499796
2023-05-15,"2 wk ahead inc flu hosp",2023-05-27,"32","quantile",0.05,0.730245718252685
2023-05-15,"2 wk ahead inc flu hosp",2023-05-27,"32","quantile",0.1,1.17972959511307
2023-05-15,"2 wk ahead inc flu hosp",2023-05-27,"32","quantile",0.15,1.52527125735453
2023-05-15,"2 wk ahead inc flu hosp",2023-05-27,"32","quantile",0.2,1.90149334355075
2023-05-15,"2 wk ahead inc flu hosp",2023-05-27,"32","quantile",0.25,2.40332483981725
2023-05-15,"2 wk ahead inc flu hosp",2023-05-27,"32","quantile",0.3,2.7824565084686
2023-05-15,"2 wk ahead inc flu hosp",2023-05-27,"32","quantile",0.35,3.29786778360645
2023-05-15,"2 wk ahead inc flu hosp",2023-05-27,"32","quantile",0.4,3.77111573238662
2023-05-15,"2 wk ahead inc flu hosp",2023-05-27,"32","quantile",0.45,4.57022876792225
2023-05-15,"2 wk ahead inc flu hosp",2023-05-27,"32","quantile",0.5,5.87470573899017
2023-05-15,"2 wk ahead inc flu hosp",2023-05-27,"32","quantile",0.55,6.90998402181142
2023-05-15,"2 wk ahead inc flu hosp",2023-05-27,"32","quantile",0.6,8.99816457827506
2023-05-15,"2 wk ahead inc flu hosp",2023-05-27,"32","quantile",0.65,10.6061957633041
2023-05-15,"2 wk ahead inc flu hosp",2023-05-27,"32","quantile",0.7,13.136340114269
2023-05-15,"2 wk ahead inc flu hosp",2023-05-27,"32","quantile",0.75,15.4129134431934
2023-05-15,"2 wk ahead inc flu hosp",2023-05-27,"32","quantile",0.8,18.1892651204781
2023-05-15,"2 wk ahead inc flu hosp",2023-05-27,"32","quantile",0.85,21.0774751716237
2023-05-15,"2 wk ahead inc flu hosp",2023-05-27,"32","quantile",0.9,25.6286731261241
2023-05-15,"2 wk ahead inc flu hosp",2023-05-27,"32","quantile",0.95,31.8338671167807
2023-05-15,"2 wk ahead inc flu hosp",2023-05-27,"32","quantile",0.975,36.8891873359816
2023-05-15,"2 wk ahead inc flu hosp",2023-05-27,"32","quantile",0.99,44.5098748978313
2023-05-15,"3 wk ahead inc flu hosp",2023-06-03,"32","quantile",0.01,0.456074472908728
2023-05-15,"3 wk ahead inc flu hosp",2023-06-03,"32","quantile",0.025,0.535223157945529
2023-05-15,"3 wk ahead inc flu hosp",2023-06-03,"32","quantile",0.05,0.686412941760954
2023-05-15,"3 wk ahead inc flu hosp",2023-06-03,"32","quantile",0.1,1.08968452116886
2023-05-15,"3 wk ahead inc flu hosp",2023-06-03,"32","quantile",0.15,1.33017631331219
2023-05-15,"3 wk ahead inc flu hosp",2023-06-03,"32","quantile",0.2,1.76270304075226
2023-05-15,"3 wk ahead inc flu hosp",2023-06-03,"32","quantile",0.25,2.13006165131901
2023-05-15,"3 wk ahead inc flu hosp",2023-06-03,"32","quantile",0.3,2.7785471528336
2023-05-15,"3 wk ahead inc flu hosp",2023-06-03,"32","quantile",0.35,3.37551403467873
2023-05-15,"3 wk ahead inc flu hosp",2023-06-03,"32","quantile",0.4,3.93301862052981
2023-05-15,"3 wk ahead inc flu hosp",2023-06-03,"32","quantile",0.45,4.65778759744885
2023-05-15,"3 wk ahead inc flu hosp",2023-06-03,"32","quantile",0.5,5.9571132073182
2023-05-15,"3 wk ahead inc flu hosp",2023-06-03,"32","quantile",0.55,8.00877529255926
2023-05-15,"3 wk ahead inc flu hosp",2023-06-03,"32","quantile",0.6,10.9993584539576
2023-05-15,"3 wk ahead inc flu hosp",2023-06-03,"32","quantile",0.65,12.7797938193511
2023-05-15,"3 wk ahead inc flu hosp",2023-06-03,"32","quantile",0.7,15.0418661158177
2023-05-15,"3 wk ahead inc flu hosp",2023-06-03,"32","quantile",0.75,17.2747983523484
2023-05-15,"3 wk ahead inc flu hosp",2023-06-03,"32","quantile",0.8,21.1620904827149
2023-05-15,"3 wk ahead inc flu hosp",2023-06-03,"32","quantile",0.85,24.8520927816898
2023-05-15,"3 wk ahead inc flu hosp",2023-06-03,"32","quantile",0.9,29.7885439320396
2023-05-15,"3 wk ahead inc flu hosp",2023-06-03,"32","quantile",0.95,39.0838058905706
2023-05-15,"3 wk ahead inc flu hosp",2023-06-03,"32","quantile",0.975,49.0511696384169
2023-05-15,"3 wk ahead inc flu hosp",2023-06-03,"32","quantile",0.99,62.0404236195635
2023-05-15,"4 wk ahead inc flu hosp",2023-06-10,"32","quantile",0.01,0.501827570447032
2023-05-15,"4 wk ahead inc flu hosp",2023-06-10,"32","quantile",0.025,0.598194796007145
2023-05-15,"4 wk ahead inc flu hosp",2023-06-10,"32","quantile",0.05,0.727488417539167
2023-05-15,"4 wk ahead inc flu hosp",2023-06-10,"32","quantile",0.1,1.06045444233371
2023-05-15,"4 wk ahead inc flu hosp",2023-06-10,"32","quantile",0.15,1.38689043582882
2023-05-15,"4 wk ahead inc flu hosp",2023-06-10,"32","quantile",0.2,1.63007579139377
2023-05-15,"4 wk ahead inc flu hosp",2023-06-10,"32","quantile",0.25,1.99211715016578
2023-05-15,"4 wk ahead inc flu hosp",2023-06-10,"32","quantile",0.3,2.42226356542544
2023-05-15,"4 wk ahead inc flu hosp",2023-06-10,"32","quantile",0.35,2.77609892720486
2023-05-15,"4 wk ahead inc flu hosp",2023-06-10,"32","quantile",0.4,3.17512043500963
2023-05-15,"4 wk ahead inc flu hosp",2023-06-10,"32","quantile",0.45,3.85738048562211
2023-05-15,"4 wk ahead inc flu hosp",2023-06-10,"32","quantile",0.5,5.38810745776129
2023-05-15,"4 wk ahead inc flu hosp",2023-06-10,"32","quantile",0.55,7.26604387814275
2023-05-15,"4 wk ahead inc flu hosp",2023-06-10,"32","quantile",0.6,9.24910232737214
2023-05-15,"4 wk ahead inc flu hosp",2023-06-10,"32","quantile",0.65,13.14593631599
2023-05-15,"4 wk ahead inc flu hosp",2023-06-10,"32","quantile",0.7,17.1245123294407
2023-05-15,"4 wk ahead inc flu hosp",2023-06-10,"32","quantile",0.75,20.0917419683368
2023-05-15,"4 wk ahead inc flu hosp",2023-06-10,"32","quantile",0.8,23.5796852437678
2023-05-15,"4 wk ahead inc flu hosp",2023-06-10,"32","quantile",0.85,27.9187800445969
2023-05-15,"4 wk ahead inc flu hosp",2023-06-10,"32","quantile",0.9,36.4798998521859
2023-05-15,"4 wk ahead inc flu hosp",2023-06-10,"32","quantile",0.95,52.2784509543426
2023-05-15,"4 wk ahead inc flu hosp",2023-06-10,"32","quantile",0.975,67.6932849721937
2023-05-15,"4 wk ahead inc flu hosp",2023-06-10,"32","quantile",0.99,88.9679461625672
2023-05-15,"1 wk ahead inc flu hosp",2023-05-20,"33","quantile",0.01,0.140613328490788
2023-05-15,"1 wk ahead inc flu hosp",2023-05-20,"33","quantile",0.025,0.180407009061796
2023-05-15,"1 wk ahead inc flu hosp",2023-05-20,"33","quantile",0.05,0.196488111871139
2023-05-15,"1 wk ahead inc flu hosp",2023-05-20,"33","quantile",0.1,0.277358316842566
2023-05-15,"1 wk ahead inc flu hosp",2023-05-20,"33","quantile",0.15,0.308853875373236
2023-05-15,"1 wk ahead inc flu hosp",2023-05-20,"33","quantile",0.2,0.504585601289232
2023-05-15,"1 wk ahead inc flu hosp",2023-05-20,"33","quantile",0.25,0.594301986388974
2023-05-15,"1 wk ahead inc flu hosp",2023-05-20,"33","quantile",0.3,0.688707698603383
2023-05-15,"1 wk ahead inc flu hosp",2023-05-20,"33","quantile",0.35,1.09447423564158
2023-05-15,"1 wk ahead inc flu hosp",2023-05-20,"33","quantile",0.4,1.2199022436468
2023-05-15,"1 wk ahead inc flu hosp",2023-05-20,"33","quantile",0.45,1.4050118014899
2023-05-15,"1 wk ahead inc flu hosp",2023-05-20,"33","quantile",0.5,1.54468862215499
2023-05-15,"1 wk ahead inc flu hosp",2023-05-20,"33","quantile",0.55,1.98271677396909
2023-05-15,"1 wk ahead inc flu hosp",2023-05-20,"33","quantile",0.6,2.18845755461455
2023-05-15,"1 wk ahead inc flu hosp",2023-05-20,"33","quantile",0.65,2.46416671567151
2023-05-15,"1 wk ahead inc flu hosp",2023-05-20,"33","quantile",0.7,3.10244026219921
2023-05-15,"1 wk ahead inc flu hosp",2023-05-20,"33","quantile",0.75,3.56033980270121
2023-05-15,"1 wk ahead inc flu hosp",2023-05-20,"33","quantile",0.8,4.18836983365092
2023-05-15,"1 wk ahead inc flu hosp",2023-05-20,"33","quantile",0.85,4.86843513950834
2023-05-15,"1 wk ahead inc flu hosp",2023-05-20,"33","quantile",0.9,5.69099334579786
2023-05-15,"1 wk ahead inc flu hosp",2023-05-20,"33","quantile",0.95,7.20550772887045
2023-05-15,"1 wk ahead inc flu hosp",2023-05-20,"33","quantile",0.975,8.57579537351859
2023-05-15,"1 wk ahead inc flu hosp",2023-05-20,"33","quantile",0.99,10.4456153011926
2023-05-15,"2 wk ahead inc flu hosp",2023-05-27,"33","quantile",0.01,0.161026081937085
2023-05-15,"2 wk ahead inc flu hosp",2023-05-27,"33","quantile",0.025,0.200788506208484
2023-05-15,"2 wk ahead inc flu hosp",2023-05-27,"33","quantile",0.05,0.220244396306337
2023-05-15,"2 wk ahead inc flu hosp",2023-05-27,"33","quantile",0.1,0.300137283178641
2023-05-15,"2 wk ahead inc flu hosp",2023-05-27,"33","quantile",0.15,0.328247206590011
2023-05-15,"2 wk ahead inc flu hosp",2023-05-27,"33","quantile",0.2,0.521974978989819
2023-05-15,"2 wk ahead inc flu hosp",2023-05-27,"33","quantile",0.25,0.635986787806765
2023-05-15,"2 wk ahead inc flu hosp",2023-05-27,"33","quantile",0.3,0.756614945662426
2023-05-15,"2 wk ahead inc flu hosp",2023-05-27,"33","quantile",0.35,1.12423720217969
2023-05-15,"2 wk ahead inc flu hosp",2023-05-27,"33","quantile",0.4,1.49483076670979
2023-05-15,"2 wk ahead inc flu hosp",2023-05-27,"33","quantile",0.45,1.68654067309345
2023-05-15,"2 wk ahead inc flu hosp",2023-05-27,"33","quantile",0.5,1.93150105253074
2023-05-15,"2 wk ahead inc flu hosp",2023-05-27,"33","quantile",0.55,2.38548557276451
2023-05-15,"2 wk ahead inc flu hosp",2023-05-27,"33","quantile",0.6,2.82580997859236
2023-05-15,"2 wk ahead inc flu hosp",2023-05-27,"33","quantile",0.65,3.42665306152933
2023-05-15,"2 wk ahead inc flu hosp",2023-05-27,"33","quantile",0.7,4.32267168054252
2023-05-15,"2 wk ahead inc flu hosp",2023-05-27,"33","quantile",0.75,4.93216379179906
2023-05-15,"2 wk ahead inc flu hosp",2023-05-27,"33","quantile",0.8,5.76253106084043
2023-05-15,"2 wk ahead inc flu hosp",2023-05-27,"33","quantile",0.85,6.80311735614253
2023-05-15,"2 wk ahead inc flu hosp",2023-05-27,"33","quantile",0.9,8.29453828416616
2023-05-15,"2 wk ahead inc flu hosp",2023-05-27,"33","quantile",0.95,10.6166791031682
2023-05-15,"2 wk ahead inc flu hosp",2023-05-27,"33","quantile",0.975,12.5100649439898
2023-05-15,"2 wk ahead inc flu hosp",2023-05-27,"33","quantile",0.99,15.5285239776412
2023-05-15,"3 wk ahead inc flu hosp",2023-06-03,"33","quantile",0.01,0.129667224813578
2023-05-15,"3 wk ahead inc flu hosp",2023-06-03,"33","quantile",0.025,0.168229037298443
2023-05-15,"3 wk ahead inc flu hosp",2023-06-03,"33","quantile",0.05,0.186568926570526
2023-05-15,"3 wk ahead inc flu hosp",2023-06-03,"33","quantile",0.1,0.269353512459266
2023-05-15,"3 wk ahead inc flu hosp",2023-06-03,"33","quantile",0.15,0.29710484289772
2023-05-15,"3 wk ahead inc flu hosp",2023-06-03,"33","quantile",0.2,0.482710491214861
2023-05-15,"3 wk ahead inc flu hosp",2023-06-03,"33","quantile",0.25,0.597658126787957
2023-05-15,"3 wk ahead inc flu hosp",2023-06-03,"33","quantile",0.3,0.718528194611636
2023-05-15,"3 wk ahead inc flu hosp",2023-06-03,"33","quantile",0.35,1.07061358687424
2023-05-15,"3 wk ahead inc flu hosp",2023-06-03,"33","quantile",0.4,1.27759032344053
2023-05-15,"3 wk ahead inc flu hosp",2023-06-03,"33","quantile",0.45,1.40316933819549
2023-05-15,"3 wk ahead inc flu hosp",2023-06-03,"33","quantile",0.5,1.67459860750373
2023-05-15,"3 wk ahead inc flu hosp",2023-06-03,"33","quantile",0.55,2.58570318579775
2023-05-15,"3 wk ahead inc flu hosp",2023-06-03,"33","quantile",0.6,3.60985870174864
2023-05-15,"3 wk ahead inc flu hosp",2023-06-03,"33","quantile",0.65,4.20008429089566
2023-05-15,"3 wk ahead inc flu hosp",2023-06-03,"33","quantile",0.7,4.81747995831264
2023-05-15,"3 wk ahead inc flu hosp",2023-06-03,"33","quantile",0.75,5.38906281760255
2023-05-15,"3 wk ahead inc flu hosp",2023-06-03,"33","quantile",0.8,6.3339346073072
2023-05-15,"3 wk ahead inc flu hosp",2023-06-03,"33","quantile",0.85,7.7611975340411
2023-05-15,"3 wk ahead inc flu hosp",2023-06-03,"33","quantile",0.9,8.97195713883641
2023-05-15,"3 wk ahead inc flu hosp",2023-06-03,"33","quantile",0.95,11.8062437508893
2023-05-15,"3 wk ahead inc flu hosp",2023-06-03,"33","quantile",0.975,14.0782864558874
2023-05-15,"3 wk ahead inc flu hosp",2023-06-03,"33","quantile",0.99,18.4835661997113
2023-05-15,"4 wk ahead inc flu hosp",2023-06-10,"33","quantile",0.01,0.146093284939972
2023-05-15,"4 wk ahead inc flu hosp",2023-06-10,"33","quantile",0.025,0.189840797971383
2023-05-15,"4 wk ahead inc flu hosp",2023-06-10,"33","quantile",0.05,0.207198095344409
2023-05-15,"4 wk ahead inc flu hosp",2023-06-10,"33","quantile",0.1,0.282536134965985
2023-05-15,"4 wk ahead inc flu hosp",2023-06-10,"33","quantile",0.15,0.309819280461791
2023-05-15,"4 wk ahead inc flu hosp",2023-06-10,"33","quantile",0.2,0.514006737131447
2023-05-15,"4 wk ahead inc flu hosp",2023-06-10,"33","quantile",0.25,0.628549581173071
2023-05-15,"4 wk ahead inc flu hosp",2023-06-10,"33","quantile",0.3,0.75404234738193
2023-05-15,"4 wk ahead inc flu hosp",2023-06-10,"33","quantile",0.35,0.818867606429415
2023-05-15,"4 wk ahead inc flu hosp",2023-06-10,"33","quantile",0.4,0.974171612196634
2023-05-15,"4 wk ahead inc flu hosp",2023-06-10,"33","quantile",0.45,1.10649675963905
2023-05-15,"4 wk ahead inc flu hosp",2023-06-10,"33","quantile",0.5,1.24028239564915
2023-05-15,"4 wk ahead inc flu hosp",2023-06-10,"33","quantile",0.55,2.06300082781202
2023-05-15,"4 wk ahead inc flu hosp",2023-06-10,"33","quantile",0.6,2.74030785302285
2023-05-15,"4 wk ahead inc flu hosp",2023-06-10,"33","quantile",0.65,3.61276502562422
2023-05-15,"4 wk ahead inc flu hosp",2023-06-10,"33","quantile",0.7,4.6864604836937
2023-05-15,"4 wk ahead inc flu hosp",2023-06-10,"33","quantile",0.75,5.46315646651954
2023-05-15,"4 wk ahead inc flu hosp",2023-06-10,"33","quantile",0.8,6.81688316118605
2023-05-15,"4 wk ahead inc flu hosp",2023-06-10,"33","quantile",0.85,8.49891409195733
2023-05-15,"4 wk ahead inc flu hosp",2023-06-10,"33","quantile",0.9,10.5469055891643
2023-05-15,"4 wk ahead inc flu hosp",2023-06-10,"33","quantile",0.95,14.0884980811803
2023-05-15,"4 wk ahead inc flu hosp",2023-06-10,"33","quantile",0.975,17.2642279247014
2023-05-15,"4 wk ahead inc flu hosp",2023-06-10,"33","quantile",0.99,23.4342128631891
2023-05-15,"1 wk ahead inc flu hosp",2023-05-20,"34","quantile",0.01,3.18408456836234
2023-05-15,"1 wk ahead inc flu hosp",2023-05-20,"34","quantile",0.025,3.73034634831585
2023-05-15,"1 wk ahead inc flu hosp",2023-05-20,"34","quantile",0.05,4.76351097910281
2023-05-15,"1 wk ahead inc flu hosp",2023-05-20,"34","quantile",0.1,6.3219539486011
2023-05-15,"1 wk ahead inc flu hosp",2023-05-20,"34","quantile",0.15,7.66946340085194
2023-05-15,"1 wk ahead inc flu hosp",2023-05-20,"34","quantile",0.2,9.14763096267468
2023-05-15,"1 wk ahead inc flu hosp",2023-05-20,"34","quantile",0.25,10.6552477998738
2023-05-15,"1 wk ahead inc flu hosp",2023-05-20,"34","quantile",0.3,12.0913695207101
2023-05-15,"1 wk ahead inc flu hosp",2023-05-20,"34","quantile",0.35,13.8845115306775
2023-05-15,"1 wk ahead inc flu hosp",2023-05-20,"34","quantile",0.4,15.5023339342181
2023-05-15,"1 wk ahead inc flu hosp",2023-05-20,"34","quantile",0.45,17.2662110496734
2023-05-15,"1 wk ahead inc flu hosp",2023-05-20,"34","quantile",0.5,19.0603818297806
2023-05-15,"1 wk ahead inc flu hosp",2023-05-20,"34","quantile",0.55,21.0964811654189
2023-05-15,"1 wk ahead inc flu hosp",2023-05-20,"34","quantile",0.6,23.4768909470757
2023-05-15,"1 wk ahead inc flu hosp",2023-05-20,"34","quantile",0.65,25.2166490478847
2023-05-15,"1 wk ahead inc flu hosp",2023-05-20,"34","quantile",0.7,27.4875077523813
2023-05-15,"1 wk ahead inc flu hosp",2023-05-20,"34","quantile",0.75,31.1789169022111
2023-05-15,"1 wk ahead inc flu hosp",2023-05-20,"34","quantile",0.8,34.6799279286419
2023-05-15,"1 wk ahead inc flu hosp",2023-05-20,"34","quantile",0.85,38.7831599327103
2023-05-15,"1 wk ahead inc flu hosp",2023-05-20,"34","quantile",0.9,45.3505960885361
2023-05-15,"1 wk ahead inc flu hosp",2023-05-20,"34","quantile",0.95,52.4625462950374
2023-05-15,"1 wk ahead inc flu hosp",2023-05-20,"34","quantile",0.975,61.2523791541051
2023-05-15,"1 wk ahead inc flu hosp",2023-05-20,"34","quantile",0.99,70.4740174284166
2023-05-15,"2 wk ahead inc flu hosp",2023-05-27,"34","quantile",0.01,2.87292694377629
2023-05-15,"2 wk ahead inc flu hosp",2023-05-27,"34","quantile",0.025,3.43553471143169
2023-05-15,"2 wk ahead inc flu hosp",2023-05-27,"34","quantile",0.05,4.38714493507491
2023-05-15,"2 wk ahead inc flu hosp",2023-05-27,"34","quantile",0.1,5.78979436456434
2023-05-15,"2 wk ahead inc flu hosp",2023-05-27,"34","quantile",0.15,6.85274906289996
2023-05-15,"2 wk ahead inc flu hosp",2023-05-27,"34","quantile",0.2,8.00506583517521
2023-05-15,"2 wk ahead inc flu hosp",2023-05-27,"34","quantile",0.25,9.05135540977781
2023-05-15,"2 wk ahead inc flu hosp",2023-05-27,"34","quantile",0.3,10.8560316447876
2023-05-15,"2 wk ahead inc flu hosp",2023-05-27,"34","quantile",0.35,12.7471210295026
2023-05-15,"2 wk ahead inc flu hosp",2023-05-27,"34","quantile",0.4,14.5889102543179
2023-05-15,"2 wk ahead inc flu hosp",2023-05-27,"34","quantile",0.45,16.5326175030758
2023-05-15,"2 wk ahead inc flu hosp",2023-05-27,"34","quantile",0.5,19.1338187151476
2023-05-15,"2 wk ahead inc flu hosp",2023-05-27,"34","quantile",0.55,22.1461058500904
2023-05-15,"2 wk ahead inc flu hosp",2023-05-27,"34","quantile",0.6,25.543036446839
2023-05-15,"2 wk ahead inc flu hosp",2023-05-27,"34","quantile",0.65,28.028384021334
2023-05-15,"2 wk ahead inc flu hosp",2023-05-27,"34","quantile",0.7,31.109801226604
2023-05-15,"2 wk ahead inc flu hosp",2023-05-27,"34","quantile",0.75,36.1226971466932
2023-05-15,"2 wk ahead inc flu hosp",2023-05-27,"34","quantile",0.8,40.8700544988409
2023-05-15,"2 wk ahead inc flu hosp",2023-05-27,"34","quantile",0.85,46.8996725071208
2023-05-15,"2 wk ahead inc flu hosp",2023-05-27,"34","quantile",0.9,55.1727999290758
2023-05-15,"2 wk ahead inc flu hosp",2023-05-27,"34","quantile",0.95,65.0094273943158
2023-05-15,"2 wk ahead inc flu hosp",2023-05-27,"34","quantile",0.975,75.3302863992609
2023-05-15,"2 wk ahead inc flu hosp",2023-05-27,"34","quantile",0.99,90.3720087540501
2023-05-15,"3 wk ahead inc flu hosp",2023-06-03,"34","quantile",0.01,2.62842732926389
2023-05-15,"3 wk ahead inc flu hosp",2023-06-03,"34","quantile",0.025,3.18965624318255
2023-05-15,"3 wk ahead inc flu hosp",2023-06-03,"34","quantile",0.05,3.96620733916118
2023-05-15,"3 wk ahead inc flu hosp",2023-06-03,"34","quantile",0.1,5.05009212775424
2023-05-15,"3 wk ahead inc flu hosp",2023-06-03,"34","quantile",0.15,6.11269698541808
2023-05-15,"3 wk ahead inc flu hosp",2023-06-03,"34","quantile",0.2,7.06123390563566
2023-05-15,"3 wk ahead inc flu hosp",2023-06-03,"34","quantile",0.25,7.92015696368344
2023-05-15,"3 wk ahead inc flu hosp",2023-06-03,"34","quantile",0.3,9.56350709305196
2023-05-15,"3 wk ahead inc flu hosp",2023-06-03,"34","quantile",0.35,11.1209072211173
2023-05-15,"3 wk ahead inc flu hosp",2023-06-03,"34","quantile",0.4,13.2798129892221
2023-05-15,"3 wk ahead inc flu hosp",2023-06-03,"34","quantile",0.45,15.9091116142493
2023-05-15,"3 wk ahead inc flu hosp",2023-06-03,"34","quantile",0.5,19.1323861678846
2023-05-15,"3 wk ahead inc flu hosp",2023-06-03,"34","quantile",0.55,22.2352997882152
2023-05-15,"3 wk ahead inc flu hosp",2023-06-03,"34","quantile",0.6,25.6789438728946
2023-05-15,"3 wk ahead inc flu hosp",2023-06-03,"34","quantile",0.65,29.9079343235264
2023-05-15,"3 wk ahead inc flu hosp",2023-06-03,"34","quantile",0.7,33.6973759051679
2023-05-15,"3 wk ahead inc flu hosp",2023-06-03,"34","quantile",0.75,38.5521657966918
2023-05-15,"3 wk ahead inc flu hosp",2023-06-03,"34","quantile",0.8,43.0433151401
2023-05-15,"3 wk ahead inc flu hosp",2023-06-03,"34","quantile",0.85,50.3417052561463
2023-05-15,"3 wk ahead inc flu hosp",2023-06-03,"34","quantile",0.9,58.7187650136824
2023-05-15,"3 wk ahead inc flu hosp",2023-06-03,"34","quantile",0.95,73.4691836811062
2023-05-15,"3 wk ahead inc flu hosp",2023-06-03,"34","quantile",0.975,88.0012462055911
2023-05-15,"3 wk ahead inc flu hosp",2023-06-03,"34","quantile",0.99,108.649460847916
2023-05-15,"4 wk ahead inc flu hosp",2023-06-10,"34","quantile",0.01,2.45784351094893
2023-05-15,"4 wk ahead inc flu hosp",2023-06-10,"34","quantile",0.025,3.04256428478849
2023-05-15,"4 wk ahead inc flu hosp",2023-06-10,"34","quantile",0.05,3.85204210756451
2023-05-15,"4 wk ahead inc flu hosp",2023-06-10,"34","quantile",0.1,4.85869395689733
2023-05-15,"4 wk ahead inc flu hosp",2023-06-10,"34","quantile",0.15,5.84351652426069
2023-05-15,"4 wk ahead inc flu hosp",2023-06-10,"34","quantile",0.2,6.92563259331238
2023-05-15,"4 wk ahead inc flu hosp",2023-06-10,"34","quantile",0.25,7.91679438355165
2023-05-15,"4 wk ahead inc flu hosp",2023-06-10,"34","quantile",0.3,9.52536516956225
2023-05-15,"4 wk ahead inc flu hosp",2023-06-10,"34","quantile",0.35,11.0537295719948
2023-05-15,"4 wk ahead inc flu hosp",2023-06-10,"34","quantile",0.4,13.0551414765
2023-05-15,"4 wk ahead inc flu hosp",2023-06-10,"34","quantile",0.45,14.9984880046254
2023-05-15,"4 wk ahead inc flu hosp",2023-06-10,"34","quantile",0.5,20.8657003036177
2023-05-15,"4 wk ahead inc flu hosp",2023-06-10,"34","quantile",0.55,25.4483297314941
2023-05-15,"4 wk ahead inc flu hosp",2023-06-10,"34","quantile",0.6,29.7042523778824
2023-05-15,"4 wk ahead inc flu hosp",2023-06-10,"34","quantile",0.65,34.464041784661
2023-05-15,"4 wk ahead inc flu hosp",2023-06-10,"34","quantile",0.7,39.8623573596427
2023-05-15,"4 wk ahead inc flu hosp",2023-06-10,"34","quantile",0.75,46.2795700382908
2023-05-15,"4 wk ahead inc flu hosp",2023-06-10,"34","quantile",0.8,52.0919545905598
2023-05-15,"4 wk ahead inc flu hosp",2023-06-10,"34","quantile",0.85,60.8099598071649
2023-05-15,"4 wk ahead inc flu hosp",2023-06-10,"34","quantile",0.9,70.8523918660818
2023-05-15,"4 wk ahead inc flu hosp",2023-06-10,"34","quantile",0.95,87.6223528452846
2023-05-15,"4 wk ahead inc flu hosp",2023-06-10,"34","quantile",0.975,108.960047002364
2023-05-15,"4 wk ahead inc flu hosp",2023-06-10,"34","quantile",0.99,145.757326866134
2023-05-15,"1 wk ahead inc flu hosp",2023-05-20,"35","quantile",0.01,0.100764624018767
2023-05-15,"1 wk ahead inc flu hosp",2023-05-20,"35","quantile",0.025,0.116871200317789
2023-05-15,"1 wk ahead inc flu hosp",2023-05-20,"35","quantile",0.05,0.214427171487929
2023-05-15,"1 wk ahead inc flu hosp",2023-05-20,"35","quantile",0.1,0.366794759621543
2023-05-15,"1 wk ahead inc flu hosp",2023-05-20,"35","quantile",0.15,0.501223997885137
2023-05-15,"1 wk ahead inc flu hosp",2023-05-20,"35","quantile",0.2,0.742439964360943
2023-05-15,"1 wk ahead inc flu hosp",2023-05-20,"35","quantile",0.25,0.943365130452559
2023-05-15,"1 wk ahead inc flu hosp",2023-05-20,"35","quantile",0.3,1.06965625983529
2023-05-15,"1 wk ahead inc flu hosp",2023-05-20,"35","quantile",0.35,1.45123613074536
2023-05-15,"1 wk ahead inc flu hosp",2023-05-20,"35","quantile",0.4,1.70743908860796
2023-05-15,"1 wk ahead inc flu hosp",2023-05-20,"35","quantile",0.45,2.02885523384118
2023-05-15,"1 wk ahead inc flu hosp",2023-05-20,"35","quantile",0.5,2.78641486083186
2023-05-15,"1 wk ahead inc flu hosp",2023-05-20,"35","quantile",0.55,3.80336799213929
2023-05-15,"1 wk ahead inc flu hosp",2023-05-20,"35","quantile",0.6,4.98196190537733
2023-05-15,"1 wk ahead inc flu hosp",2023-05-20,"35","quantile",0.65,5.77432461600422
2023-05-15,"1 wk ahead inc flu hosp",2023-05-20,"35","quantile",0.7,7.0448938087536
2023-05-15,"1 wk ahead inc flu hosp",2023-05-20,"35","quantile",0.75,7.96397564900899
2023-05-15,"1 wk ahead inc flu hosp",2023-05-20,"35","quantile",0.8,9.07892048303611
2023-05-15,"1 wk ahead inc flu hosp",2023-05-20,"35","quantile",0.85,10.4062183863556
2023-05-15,"1 wk ahead inc flu hosp",2023-05-20,"35","quantile",0.9,12.5219552111573
2023-05-15,"1 wk ahead inc flu hosp",2023-05-20,"35","quantile",0.95,15.533092997778
2023-05-15,"1 wk ahead inc flu hosp",2023-05-20,"35","quantile",0.975,17.9854600171691
2023-05-15,"1 wk ahead inc flu hosp",2023-05-20,"35","quantile",0.99,21.237624541227
2023-05-15,"2 wk ahead inc flu hosp",2023-05-27,"35","quantile",0.01,0.0924035448845154
2023-05-15,"2 wk ahead inc flu hosp",2023-05-27,"35","quantile",0.025,0.105040150997304
2023-05-15,"2 wk ahead inc flu hosp",2023-05-27,"35","quantile",0.05,0.192695327033602
2023-05-15,"2 wk ahead inc flu hosp",2023-05-27,"35","quantile",0.1,0.335285833987802
2023-05-15,"2 wk ahead inc flu hosp",2023-05-27,"35","quantile",0.15,0.462716290238208
2023-05-15,"2 wk ahead inc flu hosp",2023-05-27,"35","quantile",0.2,0.674917869036773
2023-05-15,"2 wk ahead inc flu hosp",2023-05-27,"35","quantile",0.25,0.864465456422882
2023-05-15,"2 wk ahead inc flu hosp",2023-05-27,"35","quantile",0.3,0.943055052670026
2023-05-15,"2 wk ahead inc flu hosp",2023-05-27,"35","quantile",0.35,1.30331661765204
2023-05-15,"2 wk ahead inc flu hosp",2023-05-27,"35","quantile",0.4,1.83979130480339
2023-05-15,"2 wk ahead inc flu hosp",2023-05-27,"35","quantile",0.45,2.23809280062333
2023-05-15,"2 wk ahead inc flu hosp",2023-05-27,"35","quantile",0.5,3.90631439867244
2023-05-15,"2 wk ahead inc flu hosp",2023-05-27,"35","quantile",0.55,4.56167802364605
2023-05-15,"2 wk ahead inc flu hosp",2023-05-27,"35","quantile",0.6,5.71907203105535
2023-05-15,"2 wk ahead inc flu hosp",2023-05-27,"35","quantile",0.65,6.92505937020177
2023-05-15,"2 wk ahead inc flu hosp",2023-05-27,"35","quantile",0.7,8.28409696130138
2023-05-15,"2 wk ahead inc flu hosp",2023-05-27,"35","quantile",0.75,9.76089479585941
2023-05-15,"2 wk ahead inc flu hosp",2023-05-27,"35","quantile",0.8,12.425540829745
2023-05-15,"2 wk ahead inc flu hosp",2023-05-27,"35","quantile",0.85,13.8490765759404
2023-05-15,"2 wk ahead inc flu hosp",2023-05-27,"35","quantile",0.9,16.3197877553316
2023-05-15,"2 wk ahead inc flu hosp",2023-05-27,"35","quantile",0.95,20.7362115428265
2023-05-15,"2 wk ahead inc flu hosp",2023-05-27,"35","quantile",0.975,24.0914469178763
2023-05-15,"2 wk ahead inc flu hosp",2023-05-27,"35","quantile",0.99,29.2916046945302
2023-05-15,"3 wk ahead inc flu hosp",2023-06-03,"35","quantile",0.01,0.0880353385168861
2023-05-15,"3 wk ahead inc flu hosp",2023-06-03,"35","quantile",0.025,0.0988057159447772
2023-05-15,"3 wk ahead inc flu hosp",2023-06-03,"35","quantile",0.05,0.181687926281188
2023-05-15,"3 wk ahead inc flu hosp",2023-06-03,"35","quantile",0.1,0.323479498781072
2023-05-15,"3 wk ahead inc flu hosp",2023-06-03,"35","quantile",0.15,0.401666409506883
2023-05-15,"3 wk ahead inc flu hosp",2023-06-03,"35","quantile",0.2,0.678201379263812
2023-05-15,"3 wk ahead inc flu hosp",2023-06-03,"35","quantile",0.25,0.864961276736218
2023-05-15,"3 wk ahead inc flu hosp",2023-06-03,"35","quantile",0.3,0.94379245813445
2023-05-15,"3 wk ahead inc flu hosp",2023-06-03,"35","quantile",0.35,1.35627204583375
2023-05-15,"3 wk ahead inc flu hosp",2023-06-03,"35","quantile",0.4,3.38259557413509
2023-05-15,"3 wk ahead inc flu hosp",2023-06-03,"35","quantile",0.45,4.59769081935268
2023-05-15,"3 wk ahead inc flu hosp",2023-06-03,"35","quantile",0.5,6.37707791006288
2023-05-15,"3 wk ahead inc flu hosp",2023-06-03,"35","quantile",0.55,8.27206807580099
2023-05-15,"3 wk ahead inc flu hosp",2023-06-03,"35","quantile",0.6,9.64032232832217
2023-05-15,"3 wk ahead inc flu hosp",2023-06-03,"35","quantile",0.65,11.3355968748581
2023-05-15,"3 wk ahead inc flu hosp",2023-06-03,"35","quantile",0.7,13.0642705330646
2023-05-15,"3 wk ahead inc flu hosp",2023-06-03,"35","quantile",0.75,14.128856909887
2023-05-15,"3 wk ahead inc flu hosp",2023-06-03,"35","quantile",0.8,16.3871873676995
2023-05-15,"3 wk ahead inc flu hosp",2023-06-03,"35","quantile",0.85,18.2403636407013
2023-05-15,"3 wk ahead inc flu hosp",2023-06-03,"35","quantile",0.9,21.4907365092131
2023-05-15,"3 wk ahead inc flu hosp",2023-06-03,"35","quantile",0.95,27.4086251979951
2023-05-15,"3 wk ahead inc flu hosp",2023-06-03,"35","quantile",0.975,31.6755378147434
2023-05-15,"3 wk ahead inc flu hosp",2023-06-03,"35","quantile",0.99,38.8293924326128
2023-05-15,"4 wk ahead inc flu hosp",2023-06-10,"35","quantile",0.01,0.104123461606928
2023-05-15,"4 wk ahead inc flu hosp",2023-06-10,"35","quantile",0.025,0.112742234628205
2023-05-15,"4 wk ahead inc flu hosp",2023-06-10,"35","quantile",0.05,0.196682726185041
2023-05-15,"4 wk ahead inc flu hosp",2023-06-10,"35","quantile",0.1,0.366672096417164
2023-05-15,"4 wk ahead inc flu hosp",2023-06-10,"35","quantile",0.15,0.443814685356313
2023-05-15,"4 wk ahead inc flu hosp",2023-06-10,"35","quantile",0.2,0.747358225418704
2023-05-15,"4 wk ahead inc flu hosp",2023-06-10,"35","quantile",0.25,0.956511980927405
2023-05-15,"4 wk ahead inc flu hosp",2023-06-10,"35","quantile",0.3,1.03378845607912
2023-05-15,"4 wk ahead inc flu hosp",2023-06-10,"35","quantile",0.35,1.33908165427077
2023-05-15,"4 wk ahead inc flu hosp",2023-06-10,"35","quantile",0.4,3.06837323906014
2023-05-15,"4 wk ahead inc flu hosp",2023-06-10,"35","quantile",0.45,6.40876389597623
2023-05-15,"4 wk ahead inc flu hosp",2023-06-10,"35","quantile",0.5,7.94900988775695
2023-05-15,"4 wk ahead inc flu hosp",2023-06-10,"35","quantile",0.55,9.18058552747106
2023-05-15,"4 wk ahead inc flu hosp",2023-06-10,"35","quantile",0.6,10.5235190048548
2023-05-15,"4 wk ahead inc flu hosp",2023-06-10,"35","quantile",0.65,12.0022532994792
2023-05-15,"4 wk ahead inc flu hosp",2023-06-10,"35","quantile",0.7,14.4576325940609
2023-05-15,"4 wk ahead inc flu hosp",2023-06-10,"35","quantile",0.75,15.9377530780581
2023-05-15,"4 wk ahead inc flu hosp",2023-06-10,"35","quantile",0.8,19.0543280932063
2023-05-15,"4 wk ahead inc flu hosp",2023-06-10,"35","quantile",0.85,23.1043762933291
2023-05-15,"4 wk ahead inc flu hosp",2023-06-10,"35","quantile",0.9,26.9138390643387
2023-05-15,"4 wk ahead inc flu hosp",2023-06-10,"35","quantile",0.95,32.3419558574137
2023-05-15,"4 wk ahead inc flu hosp",2023-06-10,"35","quantile",0.975,37.5741603221568
2023-05-15,"4 wk ahead inc flu hosp",2023-06-10,"35","quantile",0.99,47.4694593070794
2023-05-15,"1 wk ahead inc flu hosp",2023-05-20,"36","quantile",0.01,10.0646258647734
2023-05-15,"1 wk ahead inc flu hosp",2023-05-20,"36","quantile",0.025,13.065206187112
2023-05-15,"1 wk ahead inc flu hosp",2023-05-20,"36","quantile",0.05,15.7797406195172
2023-05-15,"1 wk ahead inc flu hosp",2023-05-20,"36","quantile",0.1,19.8825535701634
2023-05-15,"1 wk ahead inc flu hosp",2023-05-20,"36","quantile",0.15,23.5084149823871
2023-05-15,"1 wk ahead inc flu hosp",2023-05-20,"36","quantile",0.2,26.697826937935
2023-05-15,"1 wk ahead inc flu hosp",2023-05-20,"36","quantile",0.25,30.6951994291993
2023-05-15,"1 wk ahead inc flu hosp",2023-05-20,"36","quantile",0.3,33.8291071953421
2023-05-15,"1 wk ahead inc flu hosp",2023-05-20,"36","quantile",0.35,37.8761194333999
2023-05-15,"1 wk ahead inc flu hosp",2023-05-20,"36","quantile",0.4,40.5452830820089
2023-05-15,"1 wk ahead inc flu hosp",2023-05-20,"36","quantile",0.45,43.3445760065739
2023-05-15,"1 wk ahead inc flu hosp",2023-05-20,"36","quantile",0.5,47.0783011390045
2023-05-15,"1 wk ahead inc flu hosp",2023-05-20,"36","quantile",0.55,49.9807298163756
2023-05-15,"1 wk ahead inc flu hosp",2023-05-20,"36","quantile",0.6,52.8213352797355
2023-05-15,"1 wk ahead inc flu hosp",2023-05-20,"36","quantile",0.65,56.7288280011392
2023-05-15,"1 wk ahead inc flu hosp",2023-05-20,"36","quantile",0.7,61.0150490123719
2023-05-15,"1 wk ahead inc flu hosp",2023-05-20,"36","quantile",0.75,65.8186084313338
2023-05-15,"1 wk ahead inc flu hosp",2023-05-20,"36","quantile",0.8,71.4488840497885
2023-05-15,"1 wk ahead inc flu hosp",2023-05-20,"36","quantile",0.85,77.3159752990001
2023-05-15,"1 wk ahead inc flu hosp",2023-05-20,"36","quantile",0.9,85.4219822603714
2023-05-15,"1 wk ahead inc flu hosp",2023-05-20,"36","quantile",0.95,102.448717117633
2023-05-15,"1 wk ahead inc flu hosp",2023-05-20,"36","quantile",0.975,122.046160340381
2023-05-15,"1 wk ahead inc flu hosp",2023-05-20,"36","quantile",0.99,158.6251455917
2023-05-15,"2 wk ahead inc flu hosp",2023-05-27,"36","quantile",0.01,7.93703532689926
2023-05-15,"2 wk ahead inc flu hosp",2023-05-27,"36","quantile",0.025,10.0321570443556
2023-05-15,"2 wk ahead inc flu hosp",2023-05-27,"36","quantile",0.05,12.3442601377258
2023-05-15,"2 wk ahead inc flu hosp",2023-05-27,"36","quantile",0.1,16.0175994477532
2023-05-15,"2 wk ahead inc flu hosp",2023-05-27,"36","quantile",0.15,18.5222571926183
2023-05-15,"2 wk ahead inc flu hosp",2023-05-27,"36","quantile",0.2,21.6306141678981
2023-05-15,"2 wk ahead inc flu hosp",2023-05-27,"36","quantile",0.25,24.9308907008894
2023-05-15,"2 wk ahead inc flu hosp",2023-05-27,"36","quantile",0.3,28.0225460103255
2023-05-15,"2 wk ahead inc flu hosp",2023-05-27,"36","quantile",0.35,30.7737066913475
2023-05-15,"2 wk ahead inc flu hosp",2023-05-27,"36","quantile",0.4,34.4830799566638
2023-05-15,"2 wk ahead inc flu hosp",2023-05-27,"36","quantile",0.45,38.8985151187867
2023-05-15,"2 wk ahead inc flu hosp",2023-05-27,"36","quantile",0.5,43.4158056517483
2023-05-15,"2 wk ahead inc flu hosp",2023-05-27,"36","quantile",0.55,47.8556012788105
2023-05-15,"2 wk ahead inc flu hosp",2023-05-27,"36","quantile",0.6,51.7952243039196
2023-05-15,"2 wk ahead inc flu hosp",2023-05-27,"36","quantile",0.65,57.5915237426586
2023-05-15,"2 wk ahead inc flu hosp",2023-05-27,"36","quantile",0.7,65.794170196191
2023-05-15,"2 wk ahead inc flu hosp",2023-05-27,"36","quantile",0.75,75.1284334578905
2023-05-15,"2 wk ahead inc flu hosp",2023-05-27,"36","quantile",0.8,83.1697195589979
2023-05-15,"2 wk ahead inc flu hosp",2023-05-27,"36","quantile",0.85,91.7701178218556
2023-05-15,"2 wk ahead inc flu hosp",2023-05-27,"36","quantile",0.9,103.270967040798
2023-05-15,"2 wk ahead inc flu hosp",2023-05-27,"36","quantile",0.95,129.836997559471
2023-05-15,"2 wk ahead inc flu hosp",2023-05-27,"36","quantile",0.975,156.178163875865
2023-05-15,"2 wk ahead inc flu hosp",2023-05-27,"36","quantile",0.99,194.055799475722
2023-05-15,"3 wk ahead inc flu hosp",2023-06-03,"36","quantile",0.01,6.9699324451128
2023-05-15,"3 wk ahead inc flu hosp",2023-06-03,"36","quantile",0.025,8.51290993517525
2023-05-15,"3 wk ahead inc flu hosp",2023-06-03,"36","quantile",0.05,10.5218795227831
2023-05-15,"3 wk ahead inc flu hosp",2023-06-03,"36","quantile",0.1,14.0234390992591
2023-05-15,"3 wk ahead inc flu hosp",2023-06-03,"36","quantile",0.15,16.6679159762998
2023-05-15,"3 wk ahead inc flu hosp",2023-06-03,"36","quantile",0.2,19.8747100063039
2023-05-15,"3 wk ahead inc flu hosp",2023-06-03,"36","quantile",0.25,22.6895102964261
2023-05-15,"3 wk ahead inc flu hosp",2023-06-03,"36","quantile",0.3,25.3733801151156
2023-05-15,"3 wk ahead inc flu hosp",2023-06-03,"36","quantile",0.35,28.5662642753345
2023-05-15,"3 wk ahead inc flu hosp",2023-06-03,"36","quantile",0.4,32.6425892284851
2023-05-15,"3 wk ahead inc flu hosp",2023-06-03,"36","quantile",0.45,38.217942042452
2023-05-15,"3 wk ahead inc flu hosp",2023-06-03,"36","quantile",0.5,44.0678156012761
2023-05-15,"3 wk ahead inc flu hosp",2023-06-03,"36","quantile",0.55,49.6745569128536
2023-05-15,"3 wk ahead inc flu hosp",2023-06-03,"36","quantile",0.6,54.7327021301984
2023-05-15,"3 wk ahead inc flu hosp",2023-06-03,"36","quantile",0.65,60.7388719127156
2023-05-15,"3 wk ahead inc flu hosp",2023-06-03,"36","quantile",0.7,67.235680824925
2023-05-15,"3 wk ahead inc flu hosp",2023-06-03,"36","quantile",0.75,75.1915815090459
2023-05-15,"3 wk ahead inc flu hosp",2023-06-03,"36","quantile",0.8,86.6901313353513
2023-05-15,"3 wk ahead inc flu hosp",2023-06-03,"36","quantile",0.85,98.8438473452248
2023-05-15,"3 wk ahead inc flu hosp",2023-06-03,"36","quantile",0.9,114.393220666921
2023-05-15,"3 wk ahead inc flu hosp",2023-06-03,"36","quantile",0.95,145.777326981911
2023-05-15,"3 wk ahead inc flu hosp",2023-06-03,"36","quantile",0.975,180.275369455488
2023-05-15,"3 wk ahead inc flu hosp",2023-06-03,"36","quantile",0.99,246.229475614402
2023-05-15,"4 wk ahead inc flu hosp",2023-06-10,"36","quantile",0.01,6.31958492711872
2023-05-15,"4 wk ahead inc flu hosp",2023-06-10,"36","quantile",0.025,8.01042360614894
2023-05-15,"4 wk ahead inc flu hosp",2023-06-10,"36","quantile",0.05,9.60230060527909
2023-05-15,"4 wk ahead inc flu hosp",2023-06-10,"36","quantile",0.1,12.4785753619133
2023-05-15,"4 wk ahead inc flu hosp",2023-06-10,"36","quantile",0.15,15.4215171449644
2023-05-15,"4 wk ahead inc flu hosp",2023-06-10,"36","quantile",0.2,18.3852901513482
2023-05-15,"4 wk ahead inc flu hosp",2023-06-10,"36","quantile",0.25,21.5241359919813
2023-05-15,"4 wk ahead inc flu hosp",2023-06-10,"36","quantile",0.3,24.2421856239348
2023-05-15,"4 wk ahead inc flu hosp",2023-06-10,"36","quantile",0.35,27.0992357952842
2023-05-15,"4 wk ahead inc flu hosp",2023-06-10,"36","quantile",0.4,31.8860684847167
2023-05-15,"4 wk ahead inc flu hosp",2023-06-10,"36","quantile",0.45,37.1400145722986
2023-05-15,"4 wk ahead inc flu hosp",2023-06-10,"36","quantile",0.5,43.8191974933878
2023-05-15,"4 wk ahead inc flu hosp",2023-06-10,"36","quantile",0.55,51.8514163906858
2023-05-15,"4 wk ahead inc flu hosp",2023-06-10,"36","quantile",0.6,60.1734302603991
2023-05-15,"4 wk ahead inc flu hosp",2023-06-10,"36","quantile",0.65,70.3293721451414
2023-05-15,"4 wk ahead inc flu hosp",2023-06-10,"36","quantile",0.7,79.6876056625938
2023-05-15,"4 wk ahead inc flu hosp",2023-06-10,"36","quantile",0.75,90.8438434834601
2023-05-15,"4 wk ahead inc flu hosp",2023-06-10,"36","quantile",0.8,105.745247385645
2023-05-15,"4 wk ahead inc flu hosp",2023-06-10,"36","quantile",0.85,123.012972061321
2023-05-15,"4 wk ahead inc flu hosp",2023-06-10,"36","quantile",0.9,149.199707390613
2023-05-15,"4 wk ahead inc flu hosp",2023-06-10,"36","quantile",0.95,192.761569269919
2023-05-15,"4 wk ahead inc flu hosp",2023-06-10,"36","quantile",0.975,235.518807926067
2023-05-15,"4 wk ahead inc flu hosp",2023-06-10,"36","quantile",0.99,320.351465984743
2023-05-15,"1 wk ahead inc flu hosp",2023-05-20,"37","quantile",0.01,2.2749684339997
2023-05-15,"1 wk ahead inc flu hosp",2023-05-20,"37","quantile",0.025,2.96474904508276
2023-05-15,"1 wk ahead inc flu hosp",2023-05-20,"37","quantile",0.05,3.87317773523003
2023-05-15,"1 wk ahead inc flu hosp",2023-05-20,"37","quantile",0.1,5.240981460838
2023-05-15,"1 wk ahead inc flu hosp",2023-05-20,"37","quantile",0.15,6.20175907659191
2023-05-15,"1 wk ahead inc flu hosp",2023-05-20,"37","quantile",0.2,6.98333784761335
2023-05-15,"1 wk ahead inc flu hosp",2023-05-20,"37","quantile",0.25,8.10284797204661
2023-05-15,"1 wk ahead inc flu hosp",2023-05-20,"37","quantile",0.3,9.2684589415388
2023-05-15,"1 wk ahead inc flu hosp",2023-05-20,"37","quantile",0.35,10.3943060014079
2023-05-15,"1 wk ahead inc flu hosp",2023-05-20,"37","quantile",0.4,11.7642209977839
2023-05-15,"1 wk ahead inc flu hosp",2023-05-20,"37","quantile",0.45,13.3317409629813
2023-05-15,"1 wk ahead inc flu hosp",2023-05-20,"37","quantile",0.5,14.9469751820953
2023-05-15,"1 wk ahead inc flu hosp",2023-05-20,"37","quantile",0.55,16.2827729522022
2023-05-15,"1 wk ahead inc flu hosp",2023-05-20,"37","quantile",0.6,17.7811695239113
2023-05-15,"1 wk ahead inc flu hosp",2023-05-20,"37","quantile",0.65,19.4182580156956
2023-05-15,"1 wk ahead inc flu hosp",2023-05-20,"37","quantile",0.7,21.5537935754318
2023-05-15,"1 wk ahead inc flu hosp",2023-05-20,"37","quantile",0.75,23.5555020124994
2023-05-15,"1 wk ahead inc flu hosp",2023-05-20,"37","quantile",0.8,26.1161195985669
2023-05-15,"1 wk ahead inc flu hosp",2023-05-20,"37","quantile",0.85,29.5766676534623
2023-05-15,"1 wk ahead inc flu hosp",2023-05-20,"37","quantile",0.9,33.8885049322071
2023-05-15,"1 wk ahead inc flu hosp",2023-05-20,"37","quantile",0.95,40.6519361180798
2023-05-15,"1 wk ahead inc flu hosp",2023-05-20,"37","quantile",0.975,47.0665587355021
2023-05-15,"1 wk ahead inc flu hosp",2023-05-20,"37","quantile",0.99,56.2272816464179
2023-05-15,"2 wk ahead inc flu hosp",2023-05-27,"37","quantile",0.01,1.6735471592073
2023-05-15,"2 wk ahead inc flu hosp",2023-05-27,"37","quantile",0.025,2.22545035006844
2023-05-15,"2 wk ahead inc flu hosp",2023-05-27,"37","quantile",0.05,2.89033851683462
2023-05-15,"2 wk ahead inc flu hosp",2023-05-27,"37","quantile",0.1,4.17389553977273
2023-05-15,"2 wk ahead inc flu hosp",2023-05-27,"37","quantile",0.15,5.33609499746456
2023-05-15,"2 wk ahead inc flu hosp",2023-05-27,"37","quantile",0.2,6.15349310849684
2023-05-15,"2 wk ahead inc flu hosp",2023-05-27,"37","quantile",0.25,7.10075884029613
2023-05-15,"2 wk ahead inc flu hosp",2023-05-27,"37","quantile",0.3,8.16519451594229
2023-05-15,"2 wk ahead inc flu hosp",2023-05-27,"37","quantile",0.35,9.44178244294977
2023-05-15,"2 wk ahead inc flu hosp",2023-05-27,"37","quantile",0.4,10.5200093047267
2023-05-15,"2 wk ahead inc flu hosp",2023-05-27,"37","quantile",0.45,11.8911343587242
2023-05-15,"2 wk ahead inc flu hosp",2023-05-27,"37","quantile",0.5,14.0730446428874
2023-05-15,"2 wk ahead inc flu hosp",2023-05-27,"37","quantile",0.55,16.0788242444057
2023-05-15,"2 wk ahead inc flu hosp",2023-05-27,"37","quantile",0.6,18.8275640164979
2023-05-15,"2 wk ahead inc flu hosp",2023-05-27,"37","quantile",0.65,20.9985695298767
2023-05-15,"2 wk ahead inc flu hosp",2023-05-27,"37","quantile",0.7,23.4110935586494
2023-05-15,"2 wk ahead inc flu hosp",2023-05-27,"37","quantile",0.75,26.7969350295133
2023-05-15,"2 wk ahead inc flu hosp",2023-05-27,"37","quantile",0.8,30.3122529021738
2023-05-15,"2 wk ahead inc flu hosp",2023-05-27,"37","quantile",0.85,34.7109206080277
2023-05-15,"2 wk ahead inc flu hosp",2023-05-27,"37","quantile",0.9,41.3935911389197
2023-05-15,"2 wk ahead inc flu hosp",2023-05-27,"37","quantile",0.95,50.8511167708346
2023-05-15,"2 wk ahead inc flu hosp",2023-05-27,"37","quantile",0.975,59.3511379088022
2023-05-15,"2 wk ahead inc flu hosp",2023-05-27,"37","quantile",0.99,75.0904371676388
2023-05-15,"3 wk ahead inc flu hosp",2023-06-03,"37","quantile",0.01,1.48391671250841
2023-05-15,"3 wk ahead inc flu hosp",2023-06-03,"37","quantile",0.025,1.99145539948346
2023-05-15,"3 wk ahead inc flu hosp",2023-06-03,"37","quantile",0.05,2.65442543132781
2023-05-15,"3 wk ahead inc flu hosp",2023-06-03,"37","quantile",0.1,3.97784571163288
2023-05-15,"3 wk ahead inc flu hosp",2023-06-03,"37","quantile",0.15,4.91925192627074
2023-05-15,"3 wk ahead inc flu hosp",2023-06-03,"37","quantile",0.2,5.81692308667832
2023-05-15,"3 wk ahead inc flu hosp",2023-06-03,"37","quantile",0.25,6.94570250950495
2023-05-15,"3 wk ahead inc flu hosp",2023-06-03,"37","quantile",0.3,8.13229297332994
2023-05-15,"3 wk ahead inc flu hosp",2023-06-03,"37","quantile",0.35,9.23174018071576
2023-05-15,"3 wk ahead inc flu hosp",2023-06-03,"37","quantile",0.4,10.2246078714164
2023-05-15,"3 wk ahead inc flu hosp",2023-06-03,"37","quantile",0.45,11.7099255896678
2023-05-15,"3 wk ahead inc flu hosp",2023-06-03,"37","quantile",0.5,13.877301988098
2023-05-15,"3 wk ahead inc flu hosp",2023-06-03,"37","quantile",0.55,15.9415792506041
2023-05-15,"3 wk ahead inc flu hosp",2023-06-03,"37","quantile",0.6,20.231306899151
2023-05-15,"3 wk ahead inc flu hosp",2023-06-03,"37","quantile",0.65,24.2879597222099
2023-05-15,"3 wk ahead inc flu hosp",2023-06-03,"37","quantile",0.7,27.2687906988028
2023-05-15,"3 wk ahead inc flu hosp",2023-06-03,"37","quantile",0.75,30.1809642374102
2023-05-15,"3 wk ahead inc flu hosp",2023-06-03,"37","quantile",0.8,33.6043387864678
2023-05-15,"3 wk ahead inc flu hosp",2023-06-03,"37","quantile",0.85,40.3309136997786
2023-05-15,"3 wk ahead inc flu hosp",2023-06-03,"37","quantile",0.9,49.268729332552
2023-05-15,"3 wk ahead inc flu hosp",2023-06-03,"37","quantile",0.95,61.7285847711517
2023-05-15,"3 wk ahead inc flu hosp",2023-06-03,"37","quantile",0.975,73.3459255239536
2023-05-15,"3 wk ahead inc flu hosp",2023-06-03,"37","quantile",0.99,100.099304520104
2023-05-15,"4 wk ahead inc flu hosp",2023-06-10,"37","quantile",0.01,1.37857024371189
2023-05-15,"4 wk ahead inc flu hosp",2023-06-10,"37","quantile",0.025,1.87604324926442
2023-05-15,"4 wk ahead inc flu hosp",2023-06-10,"37","quantile",0.05,2.4863821038731
2023-05-15,"4 wk ahead inc flu hosp",2023-06-10,"37","quantile",0.1,3.96571152806299
2023-05-15,"4 wk ahead inc flu hosp",2023-06-10,"37","quantile",0.15,4.82276050430285
2023-05-15,"4 wk ahead inc flu hosp",2023-06-10,"37","quantile",0.2,5.84527433238188
2023-05-15,"4 wk ahead inc flu hosp",2023-06-10,"37","quantile",0.25,6.9477520211156
2023-05-15,"4 wk ahead inc flu hosp",2023-06-10,"37","quantile",0.3,8.23063376373631
2023-05-15,"4 wk ahead inc flu hosp",2023-06-10,"37","quantile",0.35,9.64038832552273
2023-05-15,"4 wk ahead inc flu hosp",2023-06-10,"37","quantile",0.4,11.0872164674573
2023-05-15,"4 wk ahead inc flu hosp",2023-06-10,"37","quantile",0.45,12.7734517095846
2023-05-15,"4 wk ahead inc flu hosp",2023-06-10,"37","quantile",0.5,15.6286691692247
2023-05-15,"4 wk ahead inc flu hosp",2023-06-10,"37","quantile",0.55,18.7896148489426
2023-05-15,"4 wk ahead inc flu hosp",2023-06-10,"37","quantile",0.6,22.3087429683906
2023-05-15,"4 wk ahead inc flu hosp",2023-06-10,"37","quantile",0.65,27.1065675524379
2023-05-15,"4 wk ahead inc flu hosp",2023-06-10,"37","quantile",0.7,30.9029333831438
2023-05-15,"4 wk ahead inc flu hosp",2023-06-10,"37","quantile",0.75,35.2664020181522
2023-05-15,"4 wk ahead inc flu hosp",2023-06-10,"37","quantile",0.8,40.662096696197
2023-05-15,"4 wk ahead inc flu hosp",2023-06-10,"37","quantile",0.85,48.5936745795367
2023-05-15,"4 wk ahead inc flu hosp",2023-06-10,"37","quantile",0.9,59.0464374929373
2023-05-15,"4 wk ahead inc flu hosp",2023-06-10,"37","quantile",0.95,71.9409886104405
2023-05-15,"4 wk ahead inc flu hosp",2023-06-10,"37","quantile",0.975,90.8674411871713
2023-05-15,"4 wk ahead inc flu hosp",2023-06-10,"37","quantile",0.99,148.17674253687
2023-05-15,"1 wk ahead inc flu hosp",2023-05-20,"38","quantile",0.01,0.264145106875859
2023-05-15,"1 wk ahead inc flu hosp",2023-05-20,"38","quantile",0.025,0.371129600733734
2023-05-15,"1 wk ahead inc flu hosp",2023-05-20,"38","quantile",0.05,0.522461398098012
2023-05-15,"1 wk ahead inc flu hosp",2023-05-20,"38","quantile",0.1,0.840704947486991
2023-05-15,"1 wk ahead inc flu hosp",2023-05-20,"38","quantile",0.15,1.12117305751386
2023-05-15,"1 wk ahead inc flu hosp",2023-05-20,"38","quantile",0.2,1.36187484111074
2023-05-15,"1 wk ahead inc flu hosp",2023-05-20,"38","quantile",0.25,2.01297701511411
2023-05-15,"1 wk ahead inc flu hosp",2023-05-20,"38","quantile",0.3,2.25874894355809
2023-05-15,"1 wk ahead inc flu hosp",2023-05-20,"38","quantile",0.35,2.66312590848734
2023-05-15,"1 wk ahead inc flu hosp",2023-05-20,"38","quantile",0.4,3.38901841410698
2023-05-15,"1 wk ahead inc flu hosp",2023-05-20,"38","quantile",0.45,3.8516627658993
2023-05-15,"1 wk ahead inc flu hosp",2023-05-20,"38","quantile",0.5,4.38650540888319
2023-05-15,"1 wk ahead inc flu hosp",2023-05-20,"38","quantile",0.55,4.87819582496446
2023-05-15,"1 wk ahead inc flu hosp",2023-05-20,"38","quantile",0.6,5.48448934967474
2023-05-15,"1 wk ahead inc flu hosp",2023-05-20,"38","quantile",0.65,6.02871084242032
2023-05-15,"1 wk ahead inc flu hosp",2023-05-20,"38","quantile",0.7,6.71785589689707
2023-05-15,"1 wk ahead inc flu hosp",2023-05-20,"38","quantile",0.75,7.40788363639184
2023-05-15,"1 wk ahead inc flu hosp",2023-05-20,"38","quantile",0.8,8.24794623121302
2023-05-15,"1 wk ahead inc flu hosp",2023-05-20,"38","quantile",0.85,9.33444852467231
2023-05-15,"1 wk ahead inc flu hosp",2023-05-20,"38","quantile",0.9,10.7780901161072
2023-05-15,"1 wk ahead inc flu hosp",2023-05-20,"38","quantile",0.95,12.5479365896228
2023-05-15,"1 wk ahead inc flu hosp",2023-05-20,"38","quantile",0.975,14.7053576215567
2023-05-15,"1 wk ahead inc flu hosp",2023-05-20,"38","quantile",0.99,16.9553743812521
2023-05-15,"2 wk ahead inc flu hosp",2023-05-27,"38","quantile",0.01,0.242995844261464
2023-05-15,"2 wk ahead inc flu hosp",2023-05-27,"38","quantile",0.025,0.268991420321387
2023-05-15,"2 wk ahead inc flu hosp",2023-05-27,"38","quantile",0.05,0.326776307875837
2023-05-15,"2 wk ahead inc flu hosp",2023-05-27,"38","quantile",0.1,0.502044474208217
2023-05-15,"2 wk ahead inc flu hosp",2023-05-27,"38","quantile",0.15,0.670933908966016
2023-05-15,"2 wk ahead inc flu hosp",2023-05-27,"38","quantile",0.2,0.934956526278548
2023-05-15,"2 wk ahead inc flu hosp",2023-05-27,"38","quantile",0.25,1.55340782149704
2023-05-15,"2 wk ahead inc flu hosp",2023-05-27,"38","quantile",0.3,1.84247034603329
2023-05-15,"2 wk ahead inc flu hosp",2023-05-27,"38","quantile",0.35,2.23007846456345
2023-05-15,"2 wk ahead inc flu hosp",2023-05-27,"38","quantile",0.4,3.1129077890089
2023-05-15,"2 wk ahead inc flu hosp",2023-05-27,"38","quantile",0.45,3.63459229004694
2023-05-15,"2 wk ahead inc flu hosp",2023-05-27,"38","quantile",0.5,4.15819588963237
2023-05-15,"2 wk ahead inc flu hosp",2023-05-27,"38","quantile",0.55,5.02048895594244
2023-05-15,"2 wk ahead inc flu hosp",2023-05-27,"38","quantile",0.6,5.73275409118272
2023-05-15,"2 wk ahead inc flu hosp",2023-05-27,"38","quantile",0.65,6.60196311215588
2023-05-15,"2 wk ahead inc flu hosp",2023-05-27,"38","quantile",0.7,7.531636986583
2023-05-15,"2 wk ahead inc flu hosp",2023-05-27,"38","quantile",0.75,8.57902120197672
2023-05-15,"2 wk ahead inc flu hosp",2023-05-27,"38","quantile",0.8,9.49271274140258
2023-05-15,"2 wk ahead inc flu hosp",2023-05-27,"38","quantile",0.85,10.7474753021868
2023-05-15,"2 wk ahead inc flu hosp",2023-05-27,"38","quantile",0.9,12.5353608721029
2023-05-15,"2 wk ahead inc flu hosp",2023-05-27,"38","quantile",0.95,15.1798125640894
2023-05-15,"2 wk ahead inc flu hosp",2023-05-27,"38","quantile",0.975,17.8681975996552
2023-05-15,"2 wk ahead inc flu hosp",2023-05-27,"38","quantile",0.99,20.7726089255256
2023-05-15,"3 wk ahead inc flu hosp",2023-06-03,"38","quantile",0.01,0.219890968735185
2023-05-15,"3 wk ahead inc flu hosp",2023-06-03,"38","quantile",0.025,0.24174755551279
2023-05-15,"3 wk ahead inc flu hosp",2023-06-03,"38","quantile",0.05,0.27848962600848
2023-05-15,"3 wk ahead inc flu hosp",2023-06-03,"38","quantile",0.1,0.399375961824659
2023-05-15,"3 wk ahead inc flu hosp",2023-06-03,"38","quantile",0.15,0.552772508855358
2023-05-15,"3 wk ahead inc flu hosp",2023-06-03,"38","quantile",0.2,0.737487731964615
2023-05-15,"3 wk ahead inc flu hosp",2023-06-03,"38","quantile",0.25,1.24608925996548
2023-05-15,"3 wk ahead inc flu hosp",2023-06-03,"38","quantile",0.3,1.46419830293429
2023-05-15,"3 wk ahead inc flu hosp",2023-06-03,"38","quantile",0.35,1.87818831887899
2023-05-15,"3 wk ahead inc flu hosp",2023-06-03,"38","quantile",0.4,2.36717949610047
2023-05-15,"3 wk ahead inc flu hosp",2023-06-03,"38","quantile",0.45,3.00168455160111
2023-05-15,"3 wk ahead inc flu hosp",2023-06-03,"38","quantile",0.5,3.7513085320298
2023-05-15,"3 wk ahead inc flu hosp",2023-06-03,"38","quantile",0.55,4.45148424665071
2023-05-15,"3 wk ahead inc flu hosp",2023-06-03,"38","quantile",0.6,5.60475645072608
2023-05-15,"3 wk ahead inc flu hosp",2023-06-03,"38","quantile",0.65,6.69899095079099
2023-05-15,"3 wk ahead inc flu hosp",2023-06-03,"38","quantile",0.7,7.62363115174308
2023-05-15,"3 wk ahead inc flu hosp",2023-06-03,"38","quantile",0.75,9.05164431204715
2023-05-15,"3 wk ahead inc flu hosp",2023-06-03,"38","quantile",0.8,10.788115680417
2023-05-15,"3 wk ahead inc flu hosp",2023-06-03,"38","quantile",0.85,12.3394269260143
2023-05-15,"3 wk ahead inc flu hosp",2023-06-03,"38","quantile",0.9,14.7583931582002
2023-05-15,"3 wk ahead inc flu hosp",2023-06-03,"38","quantile",0.95,18.9510240854583
2023-05-15,"3 wk ahead inc flu hosp",2023-06-03,"38","quantile",0.975,22.9327405208645
2023-05-15,"3 wk ahead inc flu hosp",2023-06-03,"38","quantile",0.99,26.5236750329808
2023-05-15,"4 wk ahead inc flu hosp",2023-06-10,"38","quantile",0.01,0.230822683596416
2023-05-15,"4 wk ahead inc flu hosp",2023-06-10,"38","quantile",0.025,0.253028383512247
2023-05-15,"4 wk ahead inc flu hosp",2023-06-10,"38","quantile",0.05,0.340571823715499
2023-05-15,"4 wk ahead inc flu hosp",2023-06-10,"38","quantile",0.1,0.483746772307143
2023-05-15,"4 wk ahead inc flu hosp",2023-06-10,"38","quantile",0.15,0.643857707715772
2023-05-15,"4 wk ahead inc flu hosp",2023-06-10,"38","quantile",0.2,0.922857057482139
2023-05-15,"4 wk ahead inc flu hosp",2023-06-10,"38","quantile",0.25,1.35553050034501
2023-05-15,"4 wk ahead inc flu hosp",2023-06-10,"38","quantile",0.3,1.71966832479819
2023-05-15,"4 wk ahead inc flu hosp",2023-06-10,"38","quantile",0.35,2.01265315471232
2023-05-15,"4 wk ahead inc flu hosp",2023-06-10,"38","quantile",0.4,2.39965867452014
2023-05-15,"4 wk ahead inc flu hosp",2023-06-10,"38","quantile",0.45,3.27689926493588
2023-05-15,"4 wk ahead inc flu hosp",2023-06-10,"38","quantile",0.5,4.18401533489544
2023-05-15,"4 wk ahead inc flu hosp",2023-06-10,"38","quantile",0.55,4.9613685016674
2023-05-15,"4 wk ahead inc flu hosp",2023-06-10,"38","quantile",0.6,6.10970896791443
2023-05-15,"4 wk ahead inc flu hosp",2023-06-10,"38","quantile",0.65,7.10426135772079
2023-05-15,"4 wk ahead inc flu hosp",2023-06-10,"38","quantile",0.7,9.07111885021143
2023-05-15,"4 wk ahead inc flu hosp",2023-06-10,"38","quantile",0.75,10.9028284513141
2023-05-15,"4 wk ahead inc flu hosp",2023-06-10,"38","quantile",0.8,14.163843033499
2023-05-15,"4 wk ahead inc flu hosp",2023-06-10,"38","quantile",0.85,15.8615806967923
2023-05-15,"4 wk ahead inc flu hosp",2023-06-10,"38","quantile",0.9,19.521276736867
2023-05-15,"4 wk ahead inc flu hosp",2023-06-10,"38","quantile",0.95,25.7140632450065
2023-05-15,"4 wk ahead inc flu hosp",2023-06-10,"38","quantile",0.975,30.9501602547053
2023-05-15,"4 wk ahead inc flu hosp",2023-06-10,"38","quantile",0.99,36.8465873286317
2023-05-15,"1 wk ahead inc flu hosp",2023-05-20,"39","quantile",0.01,2.73189502422248
2023-05-15,"1 wk ahead inc flu hosp",2023-05-20,"39","quantile",0.025,3.36725064230762
2023-05-15,"1 wk ahead inc flu hosp",2023-05-20,"39","quantile",0.05,4.82034418479808
2023-05-15,"1 wk ahead inc flu hosp",2023-05-20,"39","quantile",0.1,6.32791922825596
2023-05-15,"1 wk ahead inc flu hosp",2023-05-20,"39","quantile",0.15,8.1529110172753
2023-05-15,"1 wk ahead inc flu hosp",2023-05-20,"39","quantile",0.2,9.3442294373524
2023-05-15,"1 wk ahead inc flu hosp",2023-05-20,"39","quantile",0.25,10.8414036238293
2023-05-15,"1 wk ahead inc flu hosp",2023-05-20,"39","quantile",0.3,12.0372818089831
2023-05-15,"1 wk ahead inc flu hosp",2023-05-20,"39","quantile",0.35,13.628361647128
2023-05-15,"1 wk ahead inc flu hosp",2023-05-20,"39","quantile",0.4,15.4280734472791
2023-05-15,"1 wk ahead inc flu hosp",2023-05-20,"39","quantile",0.45,16.6720874766305
2023-05-15,"1 wk ahead inc flu hosp",2023-05-20,"39","quantile",0.5,17.9823814968601
2023-05-15,"1 wk ahead inc flu hosp",2023-05-20,"39","quantile",0.55,20.0086452863325
2023-05-15,"1 wk ahead inc flu hosp",2023-05-20,"39","quantile",0.6,21.4639336045337
2023-05-15,"1 wk ahead inc flu hosp",2023-05-20,"39","quantile",0.65,23.0022127745619
2023-05-15,"1 wk ahead inc flu hosp",2023-05-20,"39","quantile",0.7,24.7480756250058
2023-05-15,"1 wk ahead inc flu hosp",2023-05-20,"39","quantile",0.75,27.073770085443
2023-05-15,"1 wk ahead inc flu hosp",2023-05-20,"39","quantile",0.8,29.6700095788024
2023-05-15,"1 wk ahead inc flu hosp",2023-05-20,"39","quantile",0.85,34.4471209370272
2023-05-15,"1 wk ahead inc flu hosp",2023-05-20,"39","quantile",0.9,38.6706821008264
2023-05-15,"1 wk ahead inc flu hosp",2023-05-20,"39","quantile",0.95,47.5017418440019
2023-05-15,"1 wk ahead inc flu hosp",2023-05-20,"39","quantile",0.975,62.8132273402027
2023-05-15,"1 wk ahead inc flu hosp",2023-05-20,"39","quantile",0.99,74.0323218283969
2023-05-15,"2 wk ahead inc flu hosp",2023-05-27,"39","quantile",0.01,2.01127336071829
2023-05-15,"2 wk ahead inc flu hosp",2023-05-27,"39","quantile",0.025,2.62368097297449
2023-05-15,"2 wk ahead inc flu hosp",2023-05-27,"39","quantile",0.05,3.44143407863558
2023-05-15,"2 wk ahead inc flu hosp",2023-05-27,"39","quantile",0.1,4.96676537449464
2023-05-15,"2 wk ahead inc flu hosp",2023-05-27,"39","quantile",0.15,6.3448799431514
2023-05-15,"2 wk ahead inc flu hosp",2023-05-27,"39","quantile",0.2,7.61632701581818
2023-05-15,"2 wk ahead inc flu hosp",2023-05-27,"39","quantile",0.25,9.33673526498917
2023-05-15,"2 wk ahead inc flu hosp",2023-05-27,"39","quantile",0.3,10.30089886146
2023-05-15,"2 wk ahead inc flu hosp",2023-05-27,"39","quantile",0.35,11.315320914346
2023-05-15,"2 wk ahead inc flu hosp",2023-05-27,"39","quantile",0.4,12.9512204952437
2023-05-15,"2 wk ahead inc flu hosp",2023-05-27,"39","quantile",0.45,15.0596098389737
2023-05-15,"2 wk ahead inc flu hosp",2023-05-27,"39","quantile",0.5,17.4745895710642
2023-05-15,"2 wk ahead inc flu hosp",2023-05-27,"39","quantile",0.55,19.627942376023
2023-05-15,"2 wk ahead inc flu hosp",2023-05-27,"39","quantile",0.6,22.8048130763953
2023-05-15,"2 wk ahead inc flu hosp",2023-05-27,"39","quantile",0.65,25.6963385389978
2023-05-15,"2 wk ahead inc flu hosp",2023-05-27,"39","quantile",0.7,28.5216134992338
2023-05-15,"2 wk ahead inc flu hosp",2023-05-27,"39","quantile",0.75,31.6518581363614
2023-05-15,"2 wk ahead inc flu hosp",2023-05-27,"39","quantile",0.8,36.6081168816561
2023-05-15,"2 wk ahead inc flu hosp",2023-05-27,"39","quantile",0.85,42.5948438422136
2023-05-15,"2 wk ahead inc flu hosp",2023-05-27,"39","quantile",0.9,49.5034816797704
2023-05-15,"2 wk ahead inc flu hosp",2023-05-27,"39","quantile",0.95,62.400112947451
2023-05-15,"2 wk ahead inc flu hosp",2023-05-27,"39","quantile",0.975,76.0236942361251
2023-05-15,"2 wk ahead inc flu hosp",2023-05-27,"39","quantile",0.99,97.4576873344089
2023-05-15,"3 wk ahead inc flu hosp",2023-06-03,"39","quantile",0.01,1.60631579651544
2023-05-15,"3 wk ahead inc flu hosp",2023-06-03,"39","quantile",0.025,2.17413816176005
2023-05-15,"3 wk ahead inc flu hosp",2023-06-03,"39","quantile",0.05,3.03810064189768
2023-05-15,"3 wk ahead inc flu hosp",2023-06-03,"39","quantile",0.1,4.24920253753651
2023-05-15,"3 wk ahead inc flu hosp",2023-06-03,"39","quantile",0.15,5.62663116595459
2023-05-15,"3 wk ahead inc flu hosp",2023-06-03,"39","quantile",0.2,6.71500069527998
2023-05-15,"3 wk ahead inc flu hosp",2023-06-03,"39","quantile",0.25,8.30345617107984
2023-05-15,"3 wk ahead inc flu hosp",2023-06-03,"39","quantile",0.3,9.32490034882828
2023-05-15,"3 wk ahead inc flu hosp",2023-06-03,"39","quantile",0.35,10.324929637771
2023-05-15,"3 wk ahead inc flu hosp",2023-06-03,"39","quantile",0.4,11.8913743160381
2023-05-15,"3 wk ahead inc flu hosp",2023-06-03,"39","quantile",0.45,14.1421132241607
2023-05-15,"3 wk ahead inc flu hosp",2023-06-03,"39","quantile",0.5,16.7950390614289
2023-05-15,"3 wk ahead inc flu hosp",2023-06-03,"39","quantile",0.55,19.5729841237135
2023-05-15,"3 wk ahead inc flu hosp",2023-06-03,"39","quantile",0.6,22.530451165595
2023-05-15,"3 wk ahead inc flu hosp",2023-06-03,"39","quantile",0.65,26.9608352638984
2023-05-15,"3 wk ahead inc flu hosp",2023-06-03,"39","quantile",0.7,30.6965575977379
2023-05-15,"3 wk ahead inc flu hosp",2023-06-03,"39","quantile",0.75,34.517350502232
2023-05-15,"3 wk ahead inc flu hosp",2023-06-03,"39","quantile",0.8,39.7786767792558
2023-05-15,"3 wk ahead inc flu hosp",2023-06-03,"39","quantile",0.85,46.7571846290133
2023-05-15,"3 wk ahead inc flu hosp",2023-06-03,"39","quantile",0.9,56.492453667905
2023-05-15,"3 wk ahead inc flu hosp",2023-06-03,"39","quantile",0.95,73.5210505134689
2023-05-15,"3 wk ahead inc flu hosp",2023-06-03,"39","quantile",0.975,91.1000632284321
2023-05-15,"3 wk ahead inc flu hosp",2023-06-03,"39","quantile",0.99,126.196836506297
2023-05-15,"4 wk ahead inc flu hosp",2023-06-10,"39","quantile",0.01,1.44760033857347
2023-05-15,"4 wk ahead inc flu hosp",2023-06-10,"39","quantile",0.025,2.03964474063886
2023-05-15,"4 wk ahead inc flu hosp",2023-06-10,"39","quantile",0.05,2.78689086165961
2023-05-15,"4 wk ahead inc flu hosp",2023-06-10,"39","quantile",0.1,4.01091296438316
2023-05-15,"4 wk ahead inc flu hosp",2023-06-10,"39","quantile",0.15,5.39923736116739
2023-05-15,"4 wk ahead inc flu hosp",2023-06-10,"39","quantile",0.2,6.61043734945363
2023-05-15,"4 wk ahead inc flu hosp",2023-06-10,"39","quantile",0.25,8.43361379798322
2023-05-15,"4 wk ahead inc flu hosp",2023-06-10,"39","quantile",0.3,9.57514840432601
2023-05-15,"4 wk ahead inc flu hosp",2023-06-10,"39","quantile",0.35,11.1044074297918
2023-05-15,"4 wk ahead inc flu hosp",2023-06-10,"39","quantile",0.4,13.0716507369029
2023-05-15,"4 wk ahead inc flu hosp",2023-06-10,"39","quantile",0.45,15.0066719465089
2023-05-15,"4 wk ahead inc flu hosp",2023-06-10,"39","quantile",0.5,18.5633362525282
2023-05-15,"4 wk ahead inc flu hosp",2023-06-10,"39","quantile",0.55,21.9708437527979
2023-05-15,"4 wk ahead inc flu hosp",2023-06-10,"39","quantile",0.6,25.4099284807855
2023-05-15,"4 wk ahead inc flu hosp",2023-06-10,"39","quantile",0.65,29.6133485803274
2023-05-15,"4 wk ahead inc flu hosp",2023-06-10,"39","quantile",0.7,34.3518298345204
2023-05-15,"4 wk ahead inc flu hosp",2023-06-10,"39","quantile",0.75,39.6014958107939
2023-05-15,"4 wk ahead inc flu hosp",2023-06-10,"39","quantile",0.8,46.8637565887541
2023-05-15,"4 wk ahead inc flu hosp",2023-06-10,"39","quantile",0.85,55.9542167065924
2023-05-15,"4 wk ahead inc flu hosp",2023-06-10,"39","quantile",0.9,69.1177509421768
2023-05-15,"4 wk ahead inc flu hosp",2023-06-10,"39","quantile",0.95,96.5994895459984
2023-05-15,"4 wk ahead inc flu hosp",2023-06-10,"39","quantile",0.975,119.073273005113
2023-05-15,"4 wk ahead inc flu hosp",2023-06-10,"39","quantile",0.99,172.478437734499
2023-05-15,"1 wk ahead inc flu hosp",2023-05-20,"40","quantile",0.01,2.33149969843562
2023-05-15,"1 wk ahead inc flu hosp",2023-05-20,"40","quantile",0.025,2.79754424893867
2023-05-15,"1 wk ahead inc flu hosp",2023-05-20,"40","quantile",0.05,3.62425244194056
2023-05-15,"1 wk ahead inc flu hosp",2023-05-20,"40","quantile",0.1,4.91151589545824
2023-05-15,"1 wk ahead inc flu hosp",2023-05-20,"40","quantile",0.15,5.80902847456278
2023-05-15,"1 wk ahead inc flu hosp",2023-05-20,"40","quantile",0.2,6.90895176080976
2023-05-15,"1 wk ahead inc flu hosp",2023-05-20,"40","quantile",0.25,7.95789767333428
2023-05-15,"1 wk ahead inc flu hosp",2023-05-20,"40","quantile",0.3,8.87034967688647
2023-05-15,"1 wk ahead inc flu hosp",2023-05-20,"40","quantile",0.35,10.4250320828212
2023-05-15,"1 wk ahead inc flu hosp",2023-05-20,"40","quantile",0.4,11.6297580226041
2023-05-15,"1 wk ahead inc flu hosp",2023-05-20,"40","quantile",0.45,13.347917580723
2023-05-15,"1 wk ahead inc flu hosp",2023-05-20,"40","quantile",0.5,14.2803864756395
2023-05-15,"1 wk ahead inc flu hosp",2023-05-20,"40","quantile",0.55,16.0951805221006
2023-05-15,"1 wk ahead inc flu hosp",2023-05-20,"40","quantile",0.6,17.3657208190038
2023-05-15,"1 wk ahead inc flu hosp",2023-05-20,"40","quantile",0.65,18.8494272828678
2023-05-15,"1 wk ahead inc flu hosp",2023-05-20,"40","quantile",0.7,21.1810514246957
2023-05-15,"1 wk ahead inc flu hosp",2023-05-20,"40","quantile",0.75,22.677336588091
2023-05-15,"1 wk ahead inc flu hosp",2023-05-20,"40","quantile",0.8,26.3098994607366
2023-05-15,"1 wk ahead inc flu hosp",2023-05-20,"40","quantile",0.85,29.4490279368751
2023-05-15,"1 wk ahead inc flu hosp",2023-05-20,"40","quantile",0.9,32.998961771856
2023-05-15,"1 wk ahead inc flu hosp",2023-05-20,"40","quantile",0.95,39.3056449500903
2023-05-15,"1 wk ahead inc flu hosp",2023-05-20,"40","quantile",0.975,44.848110382463
2023-05-15,"1 wk ahead inc flu hosp",2023-05-20,"40","quantile",0.99,53.2510031925884
2023-05-15,"2 wk ahead inc flu hosp",2023-05-27,"40","quantile",0.01,1.8538381685749
2023-05-15,"2 wk ahead inc flu hosp",2023-05-27,"40","quantile",0.025,2.29166208111542
2023-05-15,"2 wk ahead inc flu hosp",2023-05-27,"40","quantile",0.05,2.89435447193154
2023-05-15,"2 wk ahead inc flu hosp",2023-05-27,"40","quantile",0.1,4.05919409961712
2023-05-15,"2 wk ahead inc flu hosp",2023-05-27,"40","quantile",0.15,4.90342800111775
2023-05-15,"2 wk ahead inc flu hosp",2023-05-27,"40","quantile",0.2,5.75856266839886
2023-05-15,"2 wk ahead inc flu hosp",2023-05-27,"40","quantile",0.25,6.92142835266929
2023-05-15,"2 wk ahead inc flu hosp",2023-05-27,"40","quantile",0.3,7.90552273941133
2023-05-15,"2 wk ahead inc flu hosp",2023-05-27,"40","quantile",0.35,9.13660022322884
2023-05-15,"2 wk ahead inc flu hosp",2023-05-27,"40","quantile",0.4,10.9036732231715
2023-05-15,"2 wk ahead inc flu hosp",2023-05-27,"40","quantile",0.45,12.7717028933061
2023-05-15,"2 wk ahead inc flu hosp",2023-05-27,"40","quantile",0.5,14.2692557786239
2023-05-15,"2 wk ahead inc flu hosp",2023-05-27,"40","quantile",0.55,15.8119645634583
2023-05-15,"2 wk ahead inc flu hosp",2023-05-27,"40","quantile",0.6,17.5768910248651
2023-05-15,"2 wk ahead inc flu hosp",2023-05-27,"40","quantile",0.65,19.7438683960657
2023-05-15,"2 wk ahead inc flu hosp",2023-05-27,"40","quantile",0.7,22.0313023241762
2023-05-15,"2 wk ahead inc flu hosp",2023-05-27,"40","quantile",0.75,24.3378159774982
2023-05-15,"2 wk ahead inc flu hosp",2023-05-27,"40","quantile",0.8,28.0204650749797
2023-05-15,"2 wk ahead inc flu hosp",2023-05-27,"40","quantile",0.85,32.0714217946246
2023-05-15,"2 wk ahead inc flu hosp",2023-05-27,"40","quantile",0.9,36.9837460172243
2023-05-15,"2 wk ahead inc flu hosp",2023-05-27,"40","quantile",0.95,46.3397131570818
2023-05-15,"2 wk ahead inc flu hosp",2023-05-27,"40","quantile",0.975,54.2149302517043
2023-05-15,"2 wk ahead inc flu hosp",2023-05-27,"40","quantile",0.99,64.657576954374
2023-05-15,"3 wk ahead inc flu hosp",2023-06-03,"40","quantile",0.01,1.86032520676125
2023-05-15,"3 wk ahead inc flu hosp",2023-06-03,"40","quantile",0.025,2.21215715356976
2023-05-15,"3 wk ahead inc flu hosp",2023-06-03,"40","quantile",0.05,2.82169453279757
2023-05-15,"3 wk ahead inc flu hosp",2023-06-03,"40","quantile",0.1,3.87118063522887
2023-05-15,"3 wk ahead inc flu hosp",2023-06-03,"40","quantile",0.15,4.90274813693045
2023-05-15,"3 wk ahead inc flu hosp",2023-06-03,"40","quantile",0.2,5.72103328370441
2023-05-15,"3 wk ahead inc flu hosp",2023-06-03,"40","quantile",0.25,6.57729246976343
2023-05-15,"3 wk ahead inc flu hosp",2023-06-03,"40","quantile",0.3,7.37104757241103
2023-05-15,"3 wk ahead inc flu hosp",2023-06-03,"40","quantile",0.35,8.22892344419329
2023-05-15,"3 wk ahead inc flu hosp",2023-06-03,"40","quantile",0.4,9.6422455291456
2023-05-15,"3 wk ahead inc flu hosp",2023-06-03,"40","quantile",0.45,11.1076927239895
2023-05-15,"3 wk ahead inc flu hosp",2023-06-03,"40","quantile",0.5,13.1268087244425
2023-05-15,"3 wk ahead inc flu hosp",2023-06-03,"40","quantile",0.55,16.2015298899487
2023-05-15,"3 wk ahead inc flu hosp",2023-06-03,"40","quantile",0.6,18.274359588734
2023-05-15,"3 wk ahead inc flu hosp",2023-06-03,"40","quantile",0.65,20.3053016997489
2023-05-15,"3 wk ahead inc flu hosp",2023-06-03,"40","quantile",0.7,23.0960688199024
2023-05-15,"3 wk ahead inc flu hosp",2023-06-03,"40","quantile",0.75,26.0036775967894
2023-05-15,"3 wk ahead inc flu hosp",2023-06-03,"40","quantile",0.8,30.1556043395542
2023-05-15,"3 wk ahead inc flu hosp",2023-06-03,"40","quantile",0.85,35.3795935437949
2023-05-15,"3 wk ahead inc flu hosp",2023-06-03,"40","quantile",0.9,40.5632790907314
2023-05-15,"3 wk ahead inc flu hosp",2023-06-03,"40","quantile",0.95,50.953416259474
2023-05-15,"3 wk ahead inc flu hosp",2023-06-03,"40","quantile",0.975,60.3755764712661
2023-05-15,"3 wk ahead inc flu hosp",2023-06-03,"40","quantile",0.99,74.6769516115334
2023-05-15,"4 wk ahead inc flu hosp",2023-06-10,"40","quantile",0.01,1.81451132207068
2023-05-15,"4 wk ahead inc flu hosp",2023-06-10,"40","quantile",0.025,2.16170275248797
2023-05-15,"4 wk ahead inc flu hosp",2023-06-10,"40","quantile",0.05,2.79833088362578
2023-05-15,"4 wk ahead inc flu hosp",2023-06-10,"40","quantile",0.1,3.58369244099821
2023-05-15,"4 wk ahead inc flu hosp",2023-06-10,"40","quantile",0.15,4.41797071789946
2023-05-15,"4 wk ahead inc flu hosp",2023-06-10,"40","quantile",0.2,5.70249338751949
2023-05-15,"4 wk ahead inc flu hosp",2023-06-10,"40","quantile",0.25,6.50455075704117
2023-05-15,"4 wk ahead inc flu hosp",2023-06-10,"40","quantile",0.3,7.25875124992231
2023-05-15,"4 wk ahead inc flu hosp",2023-06-10,"40","quantile",0.35,8.06348955944653
2023-05-15,"4 wk ahead inc flu hosp",2023-06-10,"40","quantile",0.4,9.21086857352104
2023-05-15,"4 wk ahead inc flu hosp",2023-06-10,"40","quantile",0.45,11.0607884408606
2023-05-15,"4 wk ahead inc flu hosp",2023-06-10,"40","quantile",0.5,14.2292997989008
2023-05-15,"4 wk ahead inc flu hosp",2023-06-10,"40","quantile",0.55,16.7557198114541
2023-05-15,"4 wk ahead inc flu hosp",2023-06-10,"40","quantile",0.6,19.8777540584295
2023-05-15,"4 wk ahead inc flu hosp",2023-06-10,"40","quantile",0.65,22.8698925885223
2023-05-15,"4 wk ahead inc flu hosp",2023-06-10,"40","quantile",0.7,26.5222301040951
2023-05-15,"4 wk ahead inc flu hosp",2023-06-10,"40","quantile",0.75,30.2726269300026
2023-05-15,"4 wk ahead inc flu hosp",2023-06-10,"40","quantile",0.8,35.0351266007888
2023-05-15,"4 wk ahead inc flu hosp",2023-06-10,"40","quantile",0.85,42.5677932466075
2023-05-15,"4 wk ahead inc flu hosp",2023-06-10,"40","quantile",0.9,48.6900403381612
2023-05-15,"4 wk ahead inc flu hosp",2023-06-10,"40","quantile",0.95,61.5609902748169
2023-05-15,"4 wk ahead inc flu hosp",2023-06-10,"40","quantile",0.975,72.9880253522626
2023-05-15,"4 wk ahead inc flu hosp",2023-06-10,"40","quantile",0.99,92.7689965830185
2023-05-15,"1 wk ahead inc flu hosp",2023-05-20,"41","quantile",0.01,0.162326602791481
2023-05-15,"1 wk ahead inc flu hosp",2023-05-20,"41","quantile",0.025,0.181368818344129
2023-05-15,"1 wk ahead inc flu hosp",2023-05-20,"41","quantile",0.05,0.200214681802735
2023-05-15,"1 wk ahead inc flu hosp",2023-05-20,"41","quantile",0.1,0.221611889993051
2023-05-15,"1 wk ahead inc flu hosp",2023-05-20,"41","quantile",0.15,0.260875963218604
2023-05-15,"1 wk ahead inc flu hosp",2023-05-20,"41","quantile",0.2,0.317196376347474
2023-05-15,"1 wk ahead inc flu hosp",2023-05-20,"41","quantile",0.25,0.433423184057049
2023-05-15,"1 wk ahead inc flu hosp",2023-05-20,"41","quantile",0.3,0.549444452220308
2023-05-15,"1 wk ahead inc flu hosp",2023-05-20,"41","quantile",0.35,0.759342224109746
2023-05-15,"1 wk ahead inc flu hosp",2023-05-20,"41","quantile",0.4,0.895814154935349
2023-05-15,"1 wk ahead inc flu hosp",2023-05-20,"41","quantile",0.45,1.03787433615146
2023-05-15,"1 wk ahead inc flu hosp",2023-05-20,"41","quantile",0.5,1.34411205764474
2023-05-15,"1 wk ahead inc flu hosp",2023-05-20,"41","quantile",0.55,2.04126264948296
2023-05-15,"1 wk ahead inc flu hosp",2023-05-20,"41","quantile",0.6,2.59543772565503
2023-05-15,"1 wk ahead inc flu hosp",2023-05-20,"41","quantile",0.65,3.15167852055506
2023-05-15,"1 wk ahead inc flu hosp",2023-05-20,"41","quantile",0.7,4.1553678601312
2023-05-15,"1 wk ahead inc flu hosp",2023-05-20,"41","quantile",0.75,5.35959074933414
2023-05-15,"1 wk ahead inc flu hosp",2023-05-20,"41","quantile",0.8,6.64173297890815
2023-05-15,"1 wk ahead inc flu hosp",2023-05-20,"41","quantile",0.85,8.64141432888953
2023-05-15,"1 wk ahead inc flu hosp",2023-05-20,"41","quantile",0.9,10.0661335504117
2023-05-15,"1 wk ahead inc flu hosp",2023-05-20,"41","quantile",0.95,13.0745642353207
2023-05-15,"1 wk ahead inc flu hosp",2023-05-20,"41","quantile",0.975,15.8561753329156
2023-05-15,"1 wk ahead inc flu hosp",2023-05-20,"41","quantile",0.99,19.3605051229985
2023-05-15,"2 wk ahead inc flu hosp",2023-05-27,"41","quantile",0.01,0.145747567384831
2023-05-15,"2 wk ahead inc flu hosp",2023-05-27,"41","quantile",0.025,0.162497494918131
2023-05-15,"2 wk ahead inc flu hosp",2023-05-27,"41","quantile",0.05,0.178809198660412
2023-05-15,"2 wk ahead inc flu hosp",2023-05-27,"41","quantile",0.1,0.198458850159312
2023-05-15,"2 wk ahead inc flu hosp",2023-05-27,"41","quantile",0.15,0.221449751962334
2023-05-15,"2 wk ahead inc flu hosp",2023-05-27,"41","quantile",0.2,0.238167311228838
2023-05-15,"2 wk ahead inc flu hosp",2023-05-27,"41","quantile",0.25,0.313022179190632
2023-05-15,"2 wk ahead inc flu hosp",2023-05-27,"41","quantile",0.3,0.344774576635338
2023-05-15,"2 wk ahead inc flu hosp",2023-05-27,"41","quantile",0.35,0.734810416746211
2023-05-15,"2 wk ahead inc flu hosp",2023-05-27,"41","quantile",0.4,1.02161921560396
2023-05-15,"2 wk ahead inc flu hosp",2023-05-27,"41","quantile",0.45,1.21379515489629
2023-05-15,"2 wk ahead inc flu hosp",2023-05-27,"41","quantile",0.5,1.57588280186682
2023-05-15,"2 wk ahead inc flu hosp",2023-05-27,"41","quantile",0.55,2.63120825148301
2023-05-15,"2 wk ahead inc flu hosp",2023-05-27,"41","quantile",0.6,3.63358235735036
2023-05-15,"2 wk ahead inc flu hosp",2023-05-27,"41","quantile",0.65,4.6384369884944
2023-05-15,"2 wk ahead inc flu hosp",2023-05-27,"41","quantile",0.7,6.29628859573566
2023-05-15,"2 wk ahead inc flu hosp",2023-05-27,"41","quantile",0.75,8.11569928504769
2023-05-15,"2 wk ahead inc flu hosp",2023-05-27,"41","quantile",0.8,10.266553703757
2023-05-15,"2 wk ahead inc flu hosp",2023-05-27,"41","quantile",0.85,13.7319485865837
2023-05-15,"2 wk ahead inc flu hosp",2023-05-27,"41","quantile",0.9,16.4934032023649
2023-05-15,"2 wk ahead inc flu hosp",2023-05-27,"41","quantile",0.95,22.0143621809032
2023-05-15,"2 wk ahead inc flu hosp",2023-05-27,"41","quantile",0.975,26.5247313854226
2023-05-15,"2 wk ahead inc flu hosp",2023-05-27,"41","quantile",0.99,33.0796796184014
2023-05-15,"3 wk ahead inc flu hosp",2023-06-03,"41","quantile",0.01,0.145506767962595
2023-05-15,"3 wk ahead inc flu hosp",2023-06-03,"41","quantile",0.025,0.159461782062258
2023-05-15,"3 wk ahead inc flu hosp",2023-06-03,"41","quantile",0.05,0.172836089576609
2023-05-15,"3 wk ahead inc flu hosp",2023-06-03,"41","quantile",0.1,0.194647369695016
2023-05-15,"3 wk ahead inc flu hosp",2023-06-03,"41","quantile",0.15,0.208641948680986
2023-05-15,"3 wk ahead inc flu hosp",2023-06-03,"41","quantile",0.2,0.233474471118871
2023-05-15,"3 wk ahead inc flu hosp",2023-06-03,"41","quantile",0.25,0.266038085124368
2023-05-15,"3 wk ahead inc flu hosp",2023-06-03,"41","quantile",0.3,0.303064735444443
2023-05-15,"3 wk ahead inc flu hosp",2023-06-03,"41","quantile",0.35,0.705168486087589
2023-05-15,"3 wk ahead inc flu hosp",2023-06-03,"41","quantile",0.4,0.865980950680593
2023-05-15,"3 wk ahead inc flu hosp",2023-06-03,"41","quantile",0.45,1.02902817593637
2023-05-15,"3 wk ahead inc flu hosp",2023-06-03,"41","quantile",0.5,2.1971811294501
2023-05-15,"3 wk ahead inc flu hosp",2023-06-03,"41","quantile",0.55,3.64374582796379
2023-05-15,"3 wk ahead inc flu hosp",2023-06-03,"41","quantile",0.6,5.41243623345639
2023-05-15,"3 wk ahead inc flu hosp",2023-06-03,"41","quantile",0.65,7.08944365578916
2023-05-15,"3 wk ahead inc flu hosp",2023-06-03,"41","quantile",0.7,9.46579874271909
2023-05-15,"3 wk ahead inc flu hosp",2023-06-03,"41","quantile",0.75,11.5821612110906
2023-05-15,"3 wk ahead inc flu hosp",2023-06-03,"41","quantile",0.8,13.7575950871156
2023-05-15,"3 wk ahead inc flu hosp",2023-06-03,"41","quantile",0.85,16.7386844544275
2023-05-15,"3 wk ahead inc flu hosp",2023-06-03,"41","quantile",0.9,20.7337708721851
2023-05-15,"3 wk ahead inc flu hosp",2023-06-03,"41","quantile",0.95,28.5290716143666
2023-05-15,"3 wk ahead inc flu hosp",2023-06-03,"41","quantile",0.975,33.5605345010136
2023-05-15,"3 wk ahead inc flu hosp",2023-06-03,"41","quantile",0.99,44.4668520562743
2023-05-15,"4 wk ahead inc flu hosp",2023-06-10,"41","quantile",0.01,0.164760885758719
2023-05-15,"4 wk ahead inc flu hosp",2023-06-10,"41","quantile",0.025,0.178661986878508
2023-05-15,"4 wk ahead inc flu hosp",2023-06-10,"41","quantile",0.05,0.190591227362739
2023-05-15,"4 wk ahead inc flu hosp",2023-06-10,"41","quantile",0.1,0.212433850563659
2023-05-15,"4 wk ahead inc flu hosp",2023-06-10,"41","quantile",0.15,0.233139813774229
2023-05-15,"4 wk ahead inc flu hosp",2023-06-10,"41","quantile",0.2,0.266246667529765
2023-05-15,"4 wk ahead inc flu hosp",2023-06-10,"41","quantile",0.25,0.3318812721526
2023-05-15,"4 wk ahead inc flu hosp",2023-06-10,"41","quantile",0.3,0.705074494828557
2023-05-15,"4 wk ahead inc flu hosp",2023-06-10,"41","quantile",0.35,1.35464647018026
2023-05-15,"4 wk ahead inc flu hosp",2023-06-10,"41","quantile",0.4,2.20969316914644
2023-05-15,"4 wk ahead inc flu hosp",2023-06-10,"41","quantile",0.45,3.28392696720105
2023-05-15,"4 wk ahead inc flu hosp",2023-06-10,"41","quantile",0.5,4.29887105463879
2023-05-15,"4 wk ahead inc flu hosp",2023-06-10,"41","quantile",0.55,6.37100598677791
2023-05-15,"4 wk ahead inc flu hosp",2023-06-10,"41","quantile",0.6,8.16440529521873
2023-05-15,"4 wk ahead inc flu hosp",2023-06-10,"41","quantile",0.65,10.3325829615331
2023-05-15,"4 wk ahead inc flu hosp",2023-06-10,"41","quantile",0.7,12.566256850209
2023-05-15,"4 wk ahead inc flu hosp",2023-06-10,"41","quantile",0.75,15.3499012555841
2023-05-15,"4 wk ahead inc flu hosp",2023-06-10,"41","quantile",0.8,18.7748560279948
2023-05-15,"4 wk ahead inc flu hosp",2023-06-10,"41","quantile",0.85,22.9860314689106
2023-05-15,"4 wk ahead inc flu hosp",2023-06-10,"41","quantile",0.9,27.2404216798405
2023-05-15,"4 wk ahead inc flu hosp",2023-06-10,"41","quantile",0.95,36.5364945460887
2023-05-15,"4 wk ahead inc flu hosp",2023-06-10,"41","quantile",0.975,45.9296876744764
2023-05-15,"4 wk ahead inc flu hosp",2023-06-10,"41","quantile",0.99,62.4609796677181
2023-05-15,"1 wk ahead inc flu hosp",2023-05-20,"42","quantile",0.01,16.2372498706354
2023-05-15,"1 wk ahead inc flu hosp",2023-05-20,"42","quantile",0.025,19.1395804417518
2023-05-15,"1 wk ahead inc flu hosp",2023-05-20,"42","quantile",0.05,22.0093475036966
2023-05-15,"1 wk ahead inc flu hosp",2023-05-20,"42","quantile",0.1,26.5168054436955
2023-05-15,"1 wk ahead inc flu hosp",2023-05-20,"42","quantile",0.15,30.5695084140344
2023-05-15,"1 wk ahead inc flu hosp",2023-05-20,"42","quantile",0.2,34.8778401849288
2023-05-15,"1 wk ahead inc flu hosp",2023-05-20,"42","quantile",0.25,37.9319778658099
2023-05-15,"1 wk ahead inc flu hosp",2023-05-20,"42","quantile",0.3,40.9055539746223
2023-05-15,"1 wk ahead inc flu hosp",2023-05-20,"42","quantile",0.35,43.4816585813662
2023-05-15,"1 wk ahead inc flu hosp",2023-05-20,"42","quantile",0.4,46.1291318175478
2023-05-15,"1 wk ahead inc flu hosp",2023-05-20,"42","quantile",0.45,49.3886289659577
2023-05-15,"1 wk ahead inc flu hosp",2023-05-20,"42","quantile",0.5,53.3495272671879
2023-05-15,"1 wk ahead inc flu hosp",2023-05-20,"42","quantile",0.55,56.6354894372455
2023-05-15,"1 wk ahead inc flu hosp",2023-05-20,"42","quantile",0.6,59.9521606615977
2023-05-15,"1 wk ahead inc flu hosp",2023-05-20,"42","quantile",0.65,63.7173161159952
2023-05-15,"1 wk ahead inc flu hosp",2023-05-20,"42","quantile",0.7,68.3575574631538
2023-05-15,"1 wk ahead inc flu hosp",2023-05-20,"42","quantile",0.75,73.9835145318548
2023-05-15,"1 wk ahead inc flu hosp",2023-05-20,"42","quantile",0.8,77.9647075789618
2023-05-15,"1 wk ahead inc flu hosp",2023-05-20,"42","quantile",0.85,85.0523655140103
2023-05-15,"1 wk ahead inc flu hosp",2023-05-20,"42","quantile",0.9,94.9492219759303
2023-05-15,"1 wk ahead inc flu hosp",2023-05-20,"42","quantile",0.95,109.644019150288
2023-05-15,"1 wk ahead inc flu hosp",2023-05-20,"42","quantile",0.975,120.588658600895
2023-05-15,"1 wk ahead inc flu hosp",2023-05-20,"42","quantile",0.99,142.657613554355
2023-05-15,"2 wk ahead inc flu hosp",2023-05-27,"42","quantile",0.01,12.909507211932
2023-05-15,"2 wk ahead inc flu hosp",2023-05-27,"42","quantile",0.025,15.2756751174356
2023-05-15,"2 wk ahead inc flu hosp",2023-05-27,"42","quantile",0.05,18.2634544113396
2023-05-15,"2 wk ahead inc flu hosp",2023-05-27,"42","quantile",0.1,21.9609968675376
2023-05-15,"2 wk ahead inc flu hosp",2023-05-27,"42","quantile",0.15,25.4826195963133
2023-05-15,"2 wk ahead inc flu hosp",2023-05-27,"42","quantile",0.2,28.3947188952924
2023-05-15,"2 wk ahead inc flu hosp",2023-05-27,"42","quantile",0.25,31.5203546968096
2023-05-15,"2 wk ahead inc flu hosp",2023-05-27,"42","quantile",0.3,34.8078766562643
2023-05-15,"2 wk ahead inc flu hosp",2023-05-27,"42","quantile",0.35,38.269288614591
2023-05-15,"2 wk ahead inc flu hosp",2023-05-27,"42","quantile",0.4,41.8041113157676
2023-05-15,"2 wk ahead inc flu hosp",2023-05-27,"42","quantile",0.45,46.6088155175621
2023-05-15,"2 wk ahead inc flu hosp",2023-05-27,"42","quantile",0.5,50.931590642329
2023-05-15,"2 wk ahead inc flu hosp",2023-05-27,"42","quantile",0.55,54.594406849227
2023-05-15,"2 wk ahead inc flu hosp",2023-05-27,"42","quantile",0.6,61.4254193435644
2023-05-15,"2 wk ahead inc flu hosp",2023-05-27,"42","quantile",0.65,66.2692512914507
2023-05-15,"2 wk ahead inc flu hosp",2023-05-27,"42","quantile",0.7,71.8113151512419
2023-05-15,"2 wk ahead inc flu hosp",2023-05-27,"42","quantile",0.75,78.792196878026
2023-05-15,"2 wk ahead inc flu hosp",2023-05-27,"42","quantile",0.8,85.6477793394506
2023-05-15,"2 wk ahead inc flu hosp",2023-05-27,"42","quantile",0.85,95.5645743224063
2023-05-15,"2 wk ahead inc flu hosp",2023-05-27,"42","quantile",0.9,107.193984262212
2023-05-15,"2 wk ahead inc flu hosp",2023-05-27,"42","quantile",0.95,129.690176266069
2023-05-15,"2 wk ahead inc flu hosp",2023-05-27,"42","quantile",0.975,147.54626944123
2023-05-15,"2 wk ahead inc flu hosp",2023-05-27,"42","quantile",0.99,176.784153920457
2023-05-15,"3 wk ahead inc flu hosp",2023-06-03,"42","quantile",0.01,11.6655705676525
2023-05-15,"3 wk ahead inc flu hosp",2023-06-03,"42","quantile",0.025,14.1168024787972
2023-05-15,"3 wk ahead inc flu hosp",2023-06-03,"42","quantile",0.05,16.5718758119673
2023-05-15,"3 wk ahead inc flu hosp",2023-06-03,"42","quantile",0.1,20.2759492515178
2023-05-15,"3 wk ahead inc flu hosp",2023-06-03,"42","quantile",0.15,23.2309526325673
2023-05-15,"3 wk ahead inc flu hosp",2023-06-03,"42","quantile",0.2,26.3351290783443
2023-05-15,"3 wk ahead inc flu hosp",2023-06-03,"42","quantile",0.25,28.6223231601948
2023-05-15,"3 wk ahead inc flu hosp",2023-06-03,"42","quantile",0.3,31.8298566162719
2023-05-15,"3 wk ahead inc flu hosp",2023-06-03,"42","quantile",0.35,36.7161643590238
2023-05-15,"3 wk ahead inc flu hosp",2023-06-03,"42","quantile",0.4,40.2740965945207
2023-05-15,"3 wk ahead inc flu hosp",2023-06-03,"42","quantile",0.45,44.8105611704769
2023-05-15,"3 wk ahead inc flu hosp",2023-06-03,"42","quantile",0.5,49.0491827040861
2023-05-15,"3 wk ahead inc flu hosp",2023-06-03,"42","quantile",0.55,54.1630621651931
2023-05-15,"3 wk ahead inc flu hosp",2023-06-03,"42","quantile",0.6,60.8920575529925
2023-05-15,"3 wk ahead inc flu hosp",2023-06-03,"42","quantile",0.65,65.1933276548835
2023-05-15,"3 wk ahead inc flu hosp",2023-06-03,"42","quantile",0.7,72.2821530791
2023-05-15,"3 wk ahead inc flu hosp",2023-06-03,"42","quantile",0.75,81.9225155059009
2023-05-15,"3 wk ahead inc flu hosp",2023-06-03,"42","quantile",0.8,89.2110418501315
2023-05-15,"3 wk ahead inc flu hosp",2023-06-03,"42","quantile",0.85,101.781935084019
2023-05-15,"3 wk ahead inc flu hosp",2023-06-03,"42","quantile",0.9,116.078462471316
2023-05-15,"3 wk ahead inc flu hosp",2023-06-03,"42","quantile",0.95,139.384131051924
2023-05-15,"3 wk ahead inc flu hosp",2023-06-03,"42","quantile",0.975,159.293905518496
2023-05-15,"3 wk ahead inc flu hosp",2023-06-03,"42","quantile",0.99,198.34342340224
2023-05-15,"4 wk ahead inc flu hosp",2023-06-10,"42","quantile",0.01,10.3348345538576
2023-05-15,"4 wk ahead inc flu hosp",2023-06-10,"42","quantile",0.025,12.5296647998431
2023-05-15,"4 wk ahead inc flu hosp",2023-06-10,"42","quantile",0.05,15.0033730216262
2023-05-15,"4 wk ahead inc flu hosp",2023-06-10,"42","quantile",0.1,18.4622622345446
2023-05-15,"4 wk ahead inc flu hosp",2023-06-10,"42","quantile",0.15,21.6989459826633
2023-05-15,"4 wk ahead inc flu hosp",2023-06-10,"42","quantile",0.2,24.7881770717871
2023-05-15,"4 wk ahead inc flu hosp",2023-06-10,"42","quantile",0.25,27.4260663636703
2023-05-15,"4 wk ahead inc flu hosp",2023-06-10,"42","quantile",0.3,30.0174826928848
2023-05-15,"4 wk ahead inc flu hosp",2023-06-10,"42","quantile",0.35,33.1547074325915
2023-05-15,"4 wk ahead inc flu hosp",2023-06-10,"42","quantile",0.4,36.8987886011657
2023-05-15,"4 wk ahead inc flu hosp",2023-06-10,"42","quantile",0.45,41.3606336691398
2023-05-15,"4 wk ahead inc flu hosp",2023-06-10,"42","quantile",0.5,48.2765231916092
2023-05-15,"4 wk ahead inc flu hosp",2023-06-10,"42","quantile",0.55,54.4251036937457
2023-05-15,"4 wk ahead inc flu hosp",2023-06-10,"42","quantile",0.6,61.4214679028323
2023-05-15,"4 wk ahead inc flu hosp",2023-06-10,"42","quantile",0.65,67.8549573795997
2023-05-15,"4 wk ahead inc flu hosp",2023-06-10,"42","quantile",0.7,74.6782772608504
2023-05-15,"4 wk ahead inc flu hosp",2023-06-10,"42","quantile",0.75,83.8253004118155
2023-05-15,"4 wk ahead inc flu hosp",2023-06-10,"42","quantile",0.8,93.6814791216101
2023-05-15,"4 wk ahead inc flu hosp",2023-06-10,"42","quantile",0.85,106.681299211309
2023-05-15,"4 wk ahead inc flu hosp",2023-06-10,"42","quantile",0.9,127.982032061907
2023-05-15,"4 wk ahead inc flu hosp",2023-06-10,"42","quantile",0.95,154.358017799695
2023-05-15,"4 wk ahead inc flu hosp",2023-06-10,"42","quantile",0.975,183.450837707901
2023-05-15,"4 wk ahead inc flu hosp",2023-06-10,"42","quantile",0.99,232.412870963978
2023-05-15,"1 wk ahead inc flu hosp",2023-05-20,"44","quantile",0.01,0.227878586179436
2023-05-15,"1 wk ahead inc flu hosp",2023-05-20,"44","quantile",0.025,0.320560344162868
2023-05-15,"1 wk ahead inc flu hosp",2023-05-20,"44","quantile",0.05,0.470809401919604
2023-05-15,"1 wk ahead inc flu hosp",2023-05-20,"44","quantile",0.1,0.842899719310808
2023-05-15,"1 wk ahead inc flu hosp",2023-05-20,"44","quantile",0.15,1.15149530931609
2023-05-15,"1 wk ahead inc flu hosp",2023-05-20,"44","quantile",0.2,1.35977446248793
2023-05-15,"1 wk ahead inc flu hosp",2023-05-20,"44","quantile",0.25,1.66619800224698
2023-05-15,"1 wk ahead inc flu hosp",2023-05-20,"44","quantile",0.3,1.96432509496162
2023-05-15,"1 wk ahead inc flu hosp",2023-05-20,"44","quantile",0.35,2.31783890088929
2023-05-15,"1 wk ahead inc flu hosp",2023-05-20,"44","quantile",0.4,2.65663224213361
2023-05-15,"1 wk ahead inc flu hosp",2023-05-20,"44","quantile",0.45,3.00015543295599
2023-05-15,"1 wk ahead inc flu hosp",2023-05-20,"44","quantile",0.5,3.46390901222922
2023-05-15,"1 wk ahead inc flu hosp",2023-05-20,"44","quantile",0.55,3.80830941543809
2023-05-15,"1 wk ahead inc flu hosp",2023-05-20,"44","quantile",0.6,4.23849691118994
2023-05-15,"1 wk ahead inc flu hosp",2023-05-20,"44","quantile",0.65,4.57122072724207
2023-05-15,"1 wk ahead inc flu hosp",2023-05-20,"44","quantile",0.7,5.12236303018758
2023-05-15,"1 wk ahead inc flu hosp",2023-05-20,"44","quantile",0.75,5.80668157975934
2023-05-15,"1 wk ahead inc flu hosp",2023-05-20,"44","quantile",0.8,6.33819996652248
2023-05-15,"1 wk ahead inc flu hosp",2023-05-20,"44","quantile",0.85,7.22459666082691
2023-05-15,"1 wk ahead inc flu hosp",2023-05-20,"44","quantile",0.9,8.32907808322443
2023-05-15,"1 wk ahead inc flu hosp",2023-05-20,"44","quantile",0.95,10.5844150013029
2023-05-15,"1 wk ahead inc flu hosp",2023-05-20,"44","quantile",0.975,12.2744541603489
2023-05-15,"1 wk ahead inc flu hosp",2023-05-20,"44","quantile",0.99,13.8823975987278
2023-05-15,"2 wk ahead inc flu hosp",2023-05-27,"44","quantile",0.01,0.0721652907092009
2023-05-15,"2 wk ahead inc flu hosp",2023-05-27,"44","quantile",0.025,0.182017808635588
2023-05-15,"2 wk ahead inc flu hosp",2023-05-27,"44","quantile",0.05,0.307458420039828
2023-05-15,"2 wk ahead inc flu hosp",2023-05-27,"44","quantile",0.1,0.450678367873278
2023-05-15,"2 wk ahead inc flu hosp",2023-05-27,"44","quantile",0.15,0.777496443155142
2023-05-15,"2 wk ahead inc flu hosp",2023-05-27,"44","quantile",0.2,1.02088484483512
2023-05-15,"2 wk ahead inc flu hosp",2023-05-27,"44","quantile",0.25,1.3157922366471
2023-05-15,"2 wk ahead inc flu hosp",2023-05-27,"44","quantile",0.3,1.6797646027184
2023-05-15,"2 wk ahead inc flu hosp",2023-05-27,"44","quantile",0.35,2.16201802158646
2023-05-15,"2 wk ahead inc flu hosp",2023-05-27,"44","quantile",0.4,2.63950648730366
2023-05-15,"2 wk ahead inc flu hosp",2023-05-27,"44","quantile",0.45,3.28398230423262
2023-05-15,"2 wk ahead inc flu hosp",2023-05-27,"44","quantile",0.5,3.98236970469127
2023-05-15,"2 wk ahead inc flu hosp",2023-05-27,"44","quantile",0.55,4.4382518202823
2023-05-15,"2 wk ahead inc flu hosp",2023-05-27,"44","quantile",0.6,5.002129889621
2023-05-15,"2 wk ahead inc flu hosp",2023-05-27,"44","quantile",0.65,5.7185123022763
2023-05-15,"2 wk ahead inc flu hosp",2023-05-27,"44","quantile",0.7,6.50349507631516
2023-05-15,"2 wk ahead inc flu hosp",2023-05-27,"44","quantile",0.75,7.20574758308081
2023-05-15,"2 wk ahead inc flu hosp",2023-05-27,"44","quantile",0.8,8.84681953571294
2023-05-15,"2 wk ahead inc flu hosp",2023-05-27,"44","quantile",0.85,10.0079608150189
2023-05-15,"2 wk ahead inc flu hosp",2023-05-27,"44","quantile",0.9,11.3336110673584
2023-05-15,"2 wk ahead inc flu hosp",2023-05-27,"44","quantile",0.95,14.1251257933152
2023-05-15,"2 wk ahead inc flu hosp",2023-05-27,"44","quantile",0.975,16.7080843169935
2023-05-15,"2 wk ahead inc flu hosp",2023-05-27,"44","quantile",0.99,19.7924820534585
2023-05-15,"3 wk ahead inc flu hosp",2023-06-03,"44","quantile",0.01,0.0807732371904389
2023-05-15,"3 wk ahead inc flu hosp",2023-06-03,"44","quantile",0.025,0.108762555674046
2023-05-15,"3 wk ahead inc flu hosp",2023-06-03,"44","quantile",0.05,0.357478363476
2023-05-15,"3 wk ahead inc flu hosp",2023-06-03,"44","quantile",0.1,0.673253722714123
2023-05-15,"3 wk ahead inc flu hosp",2023-06-03,"44","quantile",0.15,1.10163119589518
2023-05-15,"3 wk ahead inc flu hosp",2023-06-03,"44","quantile",0.2,1.72744007336293
2023-05-15,"3 wk ahead inc flu hosp",2023-06-03,"44","quantile",0.25,2.02882645013133
2023-05-15,"3 wk ahead inc flu hosp",2023-06-03,"44","quantile",0.3,2.45304923989285
2023-05-15,"3 wk ahead inc flu hosp",2023-06-03,"44","quantile",0.35,2.85751962930398
2023-05-15,"3 wk ahead inc flu hosp",2023-06-03,"44","quantile",0.4,3.28136637738235
2023-05-15,"3 wk ahead inc flu hosp",2023-06-03,"44","quantile",0.45,4.15502467725076
2023-05-15,"3 wk ahead inc flu hosp",2023-06-03,"44","quantile",0.5,5.06523238236713
2023-05-15,"3 wk ahead inc flu hosp",2023-06-03,"44","quantile",0.55,6.21860015573768
2023-05-15,"3 wk ahead inc flu hosp",2023-06-03,"44","quantile",0.6,7.06031844977737
2023-05-15,"3 wk ahead inc flu hosp",2023-06-03,"44","quantile",0.65,8.14537334521809
2023-05-15,"3 wk ahead inc flu hosp",2023-06-03,"44","quantile",0.7,9.42994241458695
2023-05-15,"3 wk ahead inc flu hosp",2023-06-03,"44","quantile",0.75,10.5212333344977
2023-05-15,"3 wk ahead inc flu hosp",2023-06-03,"44","quantile",0.8,12.0968112110053
2023-05-15,"3 wk ahead inc flu hosp",2023-06-03,"44","quantile",0.85,13.572434484051
2023-05-15,"3 wk ahead inc flu hosp",2023-06-03,"44","quantile",0.9,15.6427445241619
2023-05-15,"3 wk ahead inc flu hosp",2023-06-03,"44","quantile",0.95,18.9363161177722
2023-05-15,"3 wk ahead inc flu hosp",2023-06-03,"44","quantile",0.975,21.7933585539644
2023-05-15,"3 wk ahead inc flu hosp",2023-06-03,"44","quantile",0.99,24.9355714417255
2023-05-15,"4 wk ahead inc flu hosp",2023-06-10,"44","quantile",0.01,0.0523501353454762
2023-05-15,"4 wk ahead inc flu hosp",2023-06-10,"44","quantile",0.025,0.0843583056999055
2023-05-15,"4 wk ahead inc flu hosp",2023-06-10,"44","quantile",0.05,0.202026469948243
2023-05-15,"4 wk ahead inc flu hosp",2023-06-10,"44","quantile",0.1,0.667454202593115
2023-05-15,"4 wk ahead inc flu hosp",2023-06-10,"44","quantile",0.15,1.12044039120053
2023-05-15,"4 wk ahead inc flu hosp",2023-06-10,"44","quantile",0.2,1.52028075217081
2023-05-15,"4 wk ahead inc flu hosp",2023-06-10,"44","quantile",0.25,2.08086602617556
2023-05-15,"4 wk ahead inc flu hosp",2023-06-10,"44","quantile",0.3,2.67940884787583
2023-05-15,"4 wk ahead inc flu hosp",2023-06-10,"44","quantile",0.35,3.2754914730584
2023-05-15,"4 wk ahead inc flu hosp",2023-06-10,"44","quantile",0.4,3.88637051609338
2023-05-15,"4 wk ahead inc flu hosp",2023-06-10,"44","quantile",0.45,4.80857507770032
2023-05-15,"4 wk ahead inc flu hosp",2023-06-10,"44","quantile",0.5,5.83583783492626
2023-05-15,"4 wk ahead inc flu hosp",2023-06-10,"44","quantile",0.55,6.91732390601836
2023-05-15,"4 wk ahead inc flu hosp",2023-06-10,"44","quantile",0.6,8.20436112902937
2023-05-15,"4 wk ahead inc flu hosp",2023-06-10,"44","quantile",0.65,10.1735895494131
2023-05-15,"4 wk ahead inc flu hosp",2023-06-10,"44","quantile",0.7,11.8105929399486
2023-05-15,"4 wk ahead inc flu hosp",2023-06-10,"44","quantile",0.75,13.4835212872625
2023-05-15,"4 wk ahead inc flu hosp",2023-06-10,"44","quantile",0.8,15.4518289475188
2023-05-15,"4 wk ahead inc flu hosp",2023-06-10,"44","quantile",0.85,18.088067834736
2023-05-15,"4 wk ahead inc flu hosp",2023-06-10,"44","quantile",0.9,21.2057689532251
2023-05-15,"4 wk ahead inc flu hosp",2023-06-10,"44","quantile",0.95,25.3286086968414
2023-05-15,"4 wk ahead inc flu hosp",2023-06-10,"44","quantile",0.975,29.3319941203461
2023-05-15,"4 wk ahead inc flu hosp",2023-06-10,"44","quantile",0.99,34.8088100519332
2023-05-15,"1 wk ahead inc flu hosp",2023-05-20,"45","quantile",0.01,5.19244349062103
2023-05-15,"1 wk ahead inc flu hosp",2023-05-20,"45","quantile",0.025,6.23982436702943
2023-05-15,"1 wk ahead inc flu hosp",2023-05-20,"45","quantile",0.05,7.74061250414332
2023-05-15,"1 wk ahead inc flu hosp",2023-05-20,"45","quantile",0.1,9.93742478996782
2023-05-15,"1 wk ahead inc flu hosp",2023-05-20,"45","quantile",0.15,11.377512862821
2023-05-15,"1 wk ahead inc flu hosp",2023-05-20,"45","quantile",0.2,13.143965777255
2023-05-15,"1 wk ahead inc flu hosp",2023-05-20,"45","quantile",0.25,14.3106834715319
2023-05-15,"1 wk ahead inc flu hosp",2023-05-20,"45","quantile",0.3,15.8072338467056
2023-05-15,"1 wk ahead inc flu hosp",2023-05-20,"45","quantile",0.35,16.878015436993
2023-05-15,"1 wk ahead inc flu hosp",2023-05-20,"45","quantile",0.4,17.9860062672054
2023-05-15,"1 wk ahead inc flu hosp",2023-05-20,"45","quantile",0.45,19.1093151043581
2023-05-15,"1 wk ahead inc flu hosp",2023-05-20,"45","quantile",0.5,20.4136512905858
2023-05-15,"1 wk ahead inc flu hosp",2023-05-20,"45","quantile",0.55,21.7905626848671
2023-05-15,"1 wk ahead inc flu hosp",2023-05-20,"45","quantile",0.6,23.0118402477553
2023-05-15,"1 wk ahead inc flu hosp",2023-05-20,"45","quantile",0.65,24.364506165114
2023-05-15,"1 wk ahead inc flu hosp",2023-05-20,"45","quantile",0.7,25.8774049175516
2023-05-15,"1 wk ahead inc flu hosp",2023-05-20,"45","quantile",0.75,28.2373108369131
2023-05-15,"1 wk ahead inc flu hosp",2023-05-20,"45","quantile",0.8,30.2650210977609
2023-05-15,"1 wk ahead inc flu hosp",2023-05-20,"45","quantile",0.85,32.7136543638958
2023-05-15,"1 wk ahead inc flu hosp",2023-05-20,"45","quantile",0.9,36.0508906256553
2023-05-15,"1 wk ahead inc flu hosp",2023-05-20,"45","quantile",0.95,42.4751180058541
2023-05-15,"1 wk ahead inc flu hosp",2023-05-20,"45","quantile",0.975,48.8371985528879
2023-05-15,"1 wk ahead inc flu hosp",2023-05-20,"45","quantile",0.99,55.1763621893856
2023-05-15,"2 wk ahead inc flu hosp",2023-05-27,"45","quantile",0.01,3.63127467358434
2023-05-15,"2 wk ahead inc flu hosp",2023-05-27,"45","quantile",0.025,4.725314851444
2023-05-15,"2 wk ahead inc flu hosp",2023-05-27,"45","quantile",0.05,6.12889242957652
2023-05-15,"2 wk ahead inc flu hosp",2023-05-27,"45","quantile",0.1,7.64621078292458
2023-05-15,"2 wk ahead inc flu hosp",2023-05-27,"45","quantile",0.15,9.00719162527949
2023-05-15,"2 wk ahead inc flu hosp",2023-05-27,"45","quantile",0.2,10.248581739887
2023-05-15,"2 wk ahead inc flu hosp",2023-05-27,"45","quantile",0.25,11.535225449009
2023-05-15,"2 wk ahead inc flu hosp",2023-05-27,"45","quantile",0.3,13.1595742123811
2023-05-15,"2 wk ahead inc flu hosp",2023-05-27,"45","quantile",0.35,14.6992205446168
2023-05-15,"2 wk ahead inc flu hosp",2023-05-27,"45","quantile",0.4,16.1496132046101
2023-05-15,"2 wk ahead inc flu hosp",2023-05-27,"45","quantile",0.45,17.6308730754117
2023-05-15,"2 wk ahead inc flu hosp",2023-05-27,"45","quantile",0.5,19.3767209426742
2023-05-15,"2 wk ahead inc flu hosp",2023-05-27,"45","quantile",0.55,21.414280062468
2023-05-15,"2 wk ahead inc flu hosp",2023-05-27,"45","quantile",0.6,23.1896847984754
2023-05-15,"2 wk ahead inc flu hosp",2023-05-27,"45","quantile",0.65,24.8936486072237
2023-05-15,"2 wk ahead inc flu hosp",2023-05-27,"45","quantile",0.7,27.7998814506901
2023-05-15,"2 wk ahead inc flu hosp",2023-05-27,"45","quantile",0.75,30.0771322544966
2023-05-15,"2 wk ahead inc flu hosp",2023-05-27,"45","quantile",0.8,32.3727506243452
2023-05-15,"2 wk ahead inc flu hosp",2023-05-27,"45","quantile",0.85,35.3739723875709
2023-05-15,"2 wk ahead inc flu hosp",2023-05-27,"45","quantile",0.9,40.9057150499411
2023-05-15,"2 wk ahead inc flu hosp",2023-05-27,"45","quantile",0.95,47.9428107600674
2023-05-15,"2 wk ahead inc flu hosp",2023-05-27,"45","quantile",0.975,55.3148781456739
2023-05-15,"2 wk ahead inc flu hosp",2023-05-27,"45","quantile",0.99,64.7123651504904
2023-05-15,"3 wk ahead inc flu hosp",2023-06-03,"45","quantile",0.01,3.49134501981712
2023-05-15,"3 wk ahead inc flu hosp",2023-06-03,"45","quantile",0.025,4.16934175503783
2023-05-15,"3 wk ahead inc flu hosp",2023-06-03,"45","quantile",0.05,5.14595434231255
2023-05-15,"3 wk ahead inc flu hosp",2023-06-03,"45","quantile",0.1,6.92961118536341
2023-05-15,"3 wk ahead inc flu hosp",2023-06-03,"45","quantile",0.15,7.97317787300044
2023-05-15,"3 wk ahead inc flu hosp",2023-06-03,"45","quantile",0.2,9.15342597791594
2023-05-15,"3 wk ahead inc flu hosp",2023-06-03,"45","quantile",0.25,11.1358204230005
2023-05-15,"3 wk ahead inc flu hosp",2023-06-03,"45","quantile",0.3,12.7134036139294
2023-05-15,"3 wk ahead inc flu hosp",2023-06-03,"45","quantile",0.35,14.2360969692743
2023-05-15,"3 wk ahead inc flu hosp",2023-06-03,"45","quantile",0.4,16.010408394327
2023-05-15,"3 wk ahead inc flu hosp",2023-06-03,"45","quantile",0.45,18.0852848416289
2023-05-15,"3 wk ahead inc flu hosp",2023-06-03,"45","quantile",0.5,20.1807370623692
2023-05-15,"3 wk ahead inc flu hosp",2023-06-03,"45","quantile",0.55,22.1653289143125
2023-05-15,"3 wk ahead inc flu hosp",2023-06-03,"45","quantile",0.6,23.7523504836932
2023-05-15,"3 wk ahead inc flu hosp",2023-06-03,"45","quantile",0.65,25.5762764447587
2023-05-15,"3 wk ahead inc flu hosp",2023-06-03,"45","quantile",0.7,28.0056327541111
2023-05-15,"3 wk ahead inc flu hosp",2023-06-03,"45","quantile",0.75,31.2402551248766
2023-05-15,"3 wk ahead inc flu hosp",2023-06-03,"45","quantile",0.8,34.3859832306358
2023-05-15,"3 wk ahead inc flu hosp",2023-06-03,"45","quantile",0.85,39.0909974104018
2023-05-15,"3 wk ahead inc flu hosp",2023-06-03,"45","quantile",0.9,43.8922322939949
2023-05-15,"3 wk ahead inc flu hosp",2023-06-03,"45","quantile",0.95,53.1155652732135
2023-05-15,"3 wk ahead inc flu hosp",2023-06-03,"45","quantile",0.975,62.6214391899662
2023-05-15,"3 wk ahead inc flu hosp",2023-06-03,"45","quantile",0.99,76.3207324993491
2023-05-15,"4 wk ahead inc flu hosp",2023-06-10,"45","quantile",0.01,3.67414771994116
2023-05-15,"4 wk ahead inc flu hosp",2023-06-10,"45","quantile",0.025,4.36066919334466
2023-05-15,"4 wk ahead inc flu hosp",2023-06-10,"45","quantile",0.05,5.14013362645344
2023-05-15,"4 wk ahead inc flu hosp",2023-06-10,"45","quantile",0.1,6.30238032959368
2023-05-15,"4 wk ahead inc flu hosp",2023-06-10,"45","quantile",0.15,7.26595010951386
2023-05-15,"4 wk ahead inc flu hosp",2023-06-10,"45","quantile",0.2,8.46885706378642
2023-05-15,"4 wk ahead inc flu hosp",2023-06-10,"45","quantile",0.25,9.30028399152792
2023-05-15,"4 wk ahead inc flu hosp",2023-06-10,"45","quantile",0.3,10.6835230264049
2023-05-15,"4 wk ahead inc flu hosp",2023-06-10,"45","quantile",0.35,13.3135231921152
2023-05-15,"4 wk ahead inc flu hosp",2023-06-10,"45","quantile",0.4,15.0574834768107
2023-05-15,"4 wk ahead inc flu hosp",2023-06-10,"45","quantile",0.45,17.4875832139765
2023-05-15,"4 wk ahead inc flu hosp",2023-06-10,"45","quantile",0.5,20.1859989555843
2023-05-15,"4 wk ahead inc flu hosp",2023-06-10,"45","quantile",0.55,21.9245361461137
2023-05-15,"4 wk ahead inc flu hosp",2023-06-10,"45","quantile",0.6,23.9370065489183
2023-05-15,"4 wk ahead inc flu hosp",2023-06-10,"45","quantile",0.65,26.6160177377133
2023-05-15,"4 wk ahead inc flu hosp",2023-06-10,"45","quantile",0.7,29.7351952329852
2023-05-15,"4 wk ahead inc flu hosp",2023-06-10,"45","quantile",0.75,33.4259990191932
2023-05-15,"4 wk ahead inc flu hosp",2023-06-10,"45","quantile",0.8,36.6455554469882
2023-05-15,"4 wk ahead inc flu hosp",2023-06-10,"45","quantile",0.85,41.4893080058858
2023-05-15,"4 wk ahead inc flu hosp",2023-06-10,"45","quantile",0.9,46.9380242219696
2023-05-15,"4 wk ahead inc flu hosp",2023-06-10,"45","quantile",0.95,58.1636149867713
2023-05-15,"4 wk ahead inc flu hosp",2023-06-10,"45","quantile",0.975,69.7576488313857
2023-05-15,"4 wk ahead inc flu hosp",2023-06-10,"45","quantile",0.99,89.6473164285057
2023-05-15,"1 wk ahead inc flu hosp",2023-05-20,"46","quantile",0.01,1.32985772854457
2023-05-15,"1 wk ahead inc flu hosp",2023-05-20,"46","quantile",0.025,1.70483131786066
2023-05-15,"1 wk ahead inc flu hosp",2023-05-20,"46","quantile",0.05,2.08427493546918
2023-05-15,"1 wk ahead inc flu hosp",2023-05-20,"46","quantile",0.1,2.83776184504753
2023-05-15,"1 wk ahead inc flu hosp",2023-05-20,"46","quantile",0.15,3.5041585506652
2023-05-15,"1 wk ahead inc flu hosp",2023-05-20,"46","quantile",0.2,4.14249947407913
2023-05-15,"1 wk ahead inc flu hosp",2023-05-20,"46","quantile",0.25,4.96890340584073
2023-05-15,"1 wk ahead inc flu hosp",2023-05-20,"46","quantile",0.3,5.58946198873215
2023-05-15,"1 wk ahead inc flu hosp",2023-05-20,"46","quantile",0.35,6.28116983989145
2023-05-15,"1 wk ahead inc flu hosp",2023-05-20,"46","quantile",0.4,6.85904218192055
2023-05-15,"1 wk ahead inc flu hosp",2023-05-20,"46","quantile",0.45,7.27741590810934
2023-05-15,"1 wk ahead inc flu hosp",2023-05-20,"46","quantile",0.5,7.96773961586428
2023-05-15,"1 wk ahead inc flu hosp",2023-05-20,"46","quantile",0.55,8.62237206694124
2023-05-15,"1 wk ahead inc flu hosp",2023-05-20,"46","quantile",0.6,9.3567932880128
2023-05-15,"1 wk ahead inc flu hosp",2023-05-20,"46","quantile",0.65,10.2384596165194
2023-05-15,"1 wk ahead inc flu hosp",2023-05-20,"46","quantile",0.7,11.6772091856987
2023-05-15,"1 wk ahead inc flu hosp",2023-05-20,"46","quantile",0.75,12.3696624125968
2023-05-15,"1 wk ahead inc flu hosp",2023-05-20,"46","quantile",0.8,13.5916648969488
2023-05-15,"1 wk ahead inc flu hosp",2023-05-20,"46","quantile",0.85,15.0911785507284
2023-05-15,"1 wk ahead inc flu hosp",2023-05-20,"46","quantile",0.9,16.4758014215069
2023-05-15,"1 wk ahead inc flu hosp",2023-05-20,"46","quantile",0.95,19.9034236005157
2023-05-15,"1 wk ahead inc flu hosp",2023-05-20,"46","quantile",0.975,21.9633339824846
2023-05-15,"1 wk ahead inc flu hosp",2023-05-20,"46","quantile",0.99,26.2700959320542
2023-05-15,"2 wk ahead inc flu hosp",2023-05-27,"46","quantile",0.01,1.06589319892707
2023-05-15,"2 wk ahead inc flu hosp",2023-05-27,"46","quantile",0.025,1.24796297099435
2023-05-15,"2 wk ahead inc flu hosp",2023-05-27,"46","quantile",0.05,1.64410432671255
2023-05-15,"2 wk ahead inc flu hosp",2023-05-27,"46","quantile",0.1,2.13749111783175
2023-05-15,"2 wk ahead inc flu hosp",2023-05-27,"46","quantile",0.15,2.54966616988441
2023-05-15,"2 wk ahead inc flu hosp",2023-05-27,"46","quantile",0.2,3.10896125508005
2023-05-15,"2 wk ahead inc flu hosp",2023-05-27,"46","quantile",0.25,3.82850742680434
2023-05-15,"2 wk ahead inc flu hosp",2023-05-27,"46","quantile",0.3,4.53538318048473
2023-05-15,"2 wk ahead inc flu hosp",2023-05-27,"46","quantile",0.35,5.25956683534907
2023-05-15,"2 wk ahead inc flu hosp",2023-05-27,"46","quantile",0.4,5.99826186674545
2023-05-15,"2 wk ahead inc flu hosp",2023-05-27,"46","quantile",0.45,7.01117606635887
2023-05-15,"2 wk ahead inc flu hosp",2023-05-27,"46","quantile",0.5,7.96713949897846
2023-05-15,"2 wk ahead inc flu hosp",2023-05-27,"46","quantile",0.55,9.10869910425517
2023-05-15,"2 wk ahead inc flu hosp",2023-05-27,"46","quantile",0.6,10.1648789237266
2023-05-15,"2 wk ahead inc flu hosp",2023-05-27,"46","quantile",0.65,11.1549625203176
2023-05-15,"2 wk ahead inc flu hosp",2023-05-27,"46","quantile",0.7,12.0822910829871
2023-05-15,"2 wk ahead inc flu hosp",2023-05-27,"46","quantile",0.75,13.3030440099153
2023-05-15,"2 wk ahead inc flu hosp",2023-05-27,"46","quantile",0.8,14.8979635015957
2023-05-15,"2 wk ahead inc flu hosp",2023-05-27,"46","quantile",0.85,16.7857803512637
2023-05-15,"2 wk ahead inc flu hosp",2023-05-27,"46","quantile",0.9,19.1502702134931
2023-05-15,"2 wk ahead inc flu hosp",2023-05-27,"46","quantile",0.95,22.9694682617904
2023-05-15,"2 wk ahead inc flu hosp",2023-05-27,"46","quantile",0.975,25.614790237667
2023-05-15,"2 wk ahead inc flu hosp",2023-05-27,"46","quantile",0.99,31.3974390726745
2023-05-15,"3 wk ahead inc flu hosp",2023-06-03,"46","quantile",0.01,1.00249553808861
2023-05-15,"3 wk ahead inc flu hosp",2023-06-03,"46","quantile",0.025,1.22992098730803
2023-05-15,"3 wk ahead inc flu hosp",2023-06-03,"46","quantile",0.05,1.52557751484719
2023-05-15,"3 wk ahead inc flu hosp",2023-06-03,"46","quantile",0.1,1.95929009561741
2023-05-15,"3 wk ahead inc flu hosp",2023-06-03,"46","quantile",0.15,2.34280652875965
2023-05-15,"3 wk ahead inc flu hosp",2023-06-03,"46","quantile",0.2,2.87597171191875
2023-05-15,"3 wk ahead inc flu hosp",2023-06-03,"46","quantile",0.25,3.59961689868284
2023-05-15,"3 wk ahead inc flu hosp",2023-06-03,"46","quantile",0.3,4.24679340140969
2023-05-15,"3 wk ahead inc flu hosp",2023-06-03,"46","quantile",0.35,5.1332645811143
2023-05-15,"3 wk ahead inc flu hosp",2023-06-03,"46","quantile",0.4,5.78518079126005
2023-05-15,"3 wk ahead inc flu hosp",2023-06-03,"46","quantile",0.45,6.71739567208185
2023-05-15,"3 wk ahead inc flu hosp",2023-06-03,"46","quantile",0.5,8.00674969404436
2023-05-15,"3 wk ahead inc flu hosp",2023-06-03,"46","quantile",0.55,8.97192207148545
2023-05-15,"3 wk ahead inc flu hosp",2023-06-03,"46","quantile",0.6,10.127808391565
2023-05-15,"3 wk ahead inc flu hosp",2023-06-03,"46","quantile",0.65,11.6774991618264
2023-05-15,"3 wk ahead inc flu hosp",2023-06-03,"46","quantile",0.7,12.96836140349
2023-05-15,"3 wk ahead inc flu hosp",2023-06-03,"46","quantile",0.75,14.2919415637069
2023-05-15,"3 wk ahead inc flu hosp",2023-06-03,"46","quantile",0.8,15.9304224874571
2023-05-15,"3 wk ahead inc flu hosp",2023-06-03,"46","quantile",0.85,19.0721389201929
2023-05-15,"3 wk ahead inc flu hosp",2023-06-03,"46","quantile",0.9,21.8846508279197
2023-05-15,"3 wk ahead inc flu hosp",2023-06-03,"46","quantile",0.95,27.1007666892542
2023-05-15,"3 wk ahead inc flu hosp",2023-06-03,"46","quantile",0.975,30.2591285236262
2023-05-15,"3 wk ahead inc flu hosp",2023-06-03,"46","quantile",0.99,35.3487365612488
2023-05-15,"4 wk ahead inc flu hosp",2023-06-10,"46","quantile",0.01,0.991643369233461
2023-05-15,"4 wk ahead inc flu hosp",2023-06-10,"46","quantile",0.025,1.31421962417099
2023-05-15,"4 wk ahead inc flu hosp",2023-06-10,"46","quantile",0.05,1.66357644270933
2023-05-15,"4 wk ahead inc flu hosp",2023-06-10,"46","quantile",0.1,2.0592675621104
2023-05-15,"4 wk ahead inc flu hosp",2023-06-10,"46","quantile",0.15,2.45687583084089
2023-05-15,"4 wk ahead inc flu hosp",2023-06-10,"46","quantile",0.2,3.11970493055685
2023-05-15,"4 wk ahead inc flu hosp",2023-06-10,"46","quantile",0.25,3.70320129957007
2023-05-15,"4 wk ahead inc flu hosp",2023-06-10,"46","quantile",0.3,4.16369356809955
2023-05-15,"4 wk ahead inc flu hosp",2023-06-10,"46","quantile",0.35,5.03107087561396
2023-05-15,"4 wk ahead inc flu hosp",2023-06-10,"46","quantile",0.4,5.92643579539913
2023-05-15,"4 wk ahead inc flu hosp",2023-06-10,"46","quantile",0.45,6.78394345797274
2023-05-15,"4 wk ahead inc flu hosp",2023-06-10,"46","quantile",0.5,8.84250299192807
2023-05-15,"4 wk ahead inc flu hosp",2023-06-10,"46","quantile",0.55,10.1018637389153
2023-05-15,"4 wk ahead inc flu hosp",2023-06-10,"46","quantile",0.6,12.0515927938962
2023-05-15,"4 wk ahead inc flu hosp",2023-06-10,"46","quantile",0.65,13.2561688222738
2023-05-15,"4 wk ahead inc flu hosp",2023-06-10,"46","quantile",0.7,14.7763721293716
2023-05-15,"4 wk ahead inc flu hosp",2023-06-10,"46","quantile",0.75,16.8101647706828
2023-05-15,"4 wk ahead inc flu hosp",2023-06-10,"46","quantile",0.8,18.804681848759
2023-05-15,"4 wk ahead inc flu hosp",2023-06-10,"46","quantile",0.85,21.4401179143862
2023-05-15,"4 wk ahead inc flu hosp",2023-06-10,"46","quantile",0.9,25.303424110265
2023-05-15,"4 wk ahead inc flu hosp",2023-06-10,"46","quantile",0.95,30.7027446840529
2023-05-15,"4 wk ahead inc flu hosp",2023-06-10,"46","quantile",0.975,36.4696545454225
2023-05-15,"4 wk ahead inc flu hosp",2023-06-10,"46","quantile",0.99,43.550940645336
2023-05-15,"1 wk ahead inc flu hosp",2023-05-20,"47","quantile",0.01,3.7724503523585
2023-05-15,"1 wk ahead inc flu hosp",2023-05-20,"47","quantile",0.025,4.39682207435874
2023-05-15,"1 wk ahead inc flu hosp",2023-05-20,"47","quantile",0.05,5.66463903952887
2023-05-15,"1 wk ahead inc flu hosp",2023-05-20,"47","quantile",0.1,6.69703952028645
2023-05-15,"1 wk ahead inc flu hosp",2023-05-20,"47","quantile",0.15,8.07537499176475
2023-05-15,"1 wk ahead inc flu hosp",2023-05-20,"47","quantile",0.2,9.30574082808399
2023-05-15,"1 wk ahead inc flu hosp",2023-05-20,"47","quantile",0.25,10.3895144912084
2023-05-15,"1 wk ahead inc flu hosp",2023-05-20,"47","quantile",0.3,11.2553660421026
2023-05-15,"1 wk ahead inc flu hosp",2023-05-20,"47","quantile",0.35,12.3162451679143
2023-05-15,"1 wk ahead inc flu hosp",2023-05-20,"47","quantile",0.4,13.9900855270174
2023-05-15,"1 wk ahead inc flu hosp",2023-05-20,"47","quantile",0.45,15.0299480067486
2023-05-15,"1 wk ahead inc flu hosp",2023-05-20,"47","quantile",0.5,16.3750200277842
2023-05-15,"1 wk ahead inc flu hosp",2023-05-20,"47","quantile",0.55,17.853598447981
2023-05-15,"1 wk ahead inc flu hosp",2023-05-20,"47","quantile",0.6,19.1067589588942
2023-05-15,"1 wk ahead inc flu hosp",2023-05-20,"47","quantile",0.65,20.7144390229037
2023-05-15,"1 wk ahead inc flu hosp",2023-05-20,"47","quantile",0.7,22.9233969423218
2023-05-15,"1 wk ahead inc flu hosp",2023-05-20,"47","quantile",0.75,24.9068745140379
2023-05-15,"1 wk ahead inc flu hosp",2023-05-20,"47","quantile",0.8,27.3537315277489
2023-05-15,"1 wk ahead inc flu hosp",2023-05-20,"47","quantile",0.85,30.5484972525745
2023-05-15,"1 wk ahead inc flu hosp",2023-05-20,"47","quantile",0.9,34.7960368294393
2023-05-15,"1 wk ahead inc flu hosp",2023-05-20,"47","quantile",0.95,41.8028532675049
2023-05-15,"1 wk ahead inc flu hosp",2023-05-20,"47","quantile",0.975,48.7319308688472
2023-05-15,"1 wk ahead inc flu hosp",2023-05-20,"47","quantile",0.99,65.0635694744059
2023-05-15,"2 wk ahead inc flu hosp",2023-05-27,"47","quantile",0.01,3.64014038081519
2023-05-15,"2 wk ahead inc flu hosp",2023-05-27,"47","quantile",0.025,4.14395070810767
2023-05-15,"2 wk ahead inc flu hosp",2023-05-27,"47","quantile",0.05,5.07085487565307
2023-05-15,"2 wk ahead inc flu hosp",2023-05-27,"47","quantile",0.1,6.04831563149017
2023-05-15,"2 wk ahead inc flu hosp",2023-05-27,"47","quantile",0.15,6.80254025882525
2023-05-15,"2 wk ahead inc flu hosp",2023-05-27,"47","quantile",0.2,7.54123941200014
2023-05-15,"2 wk ahead inc flu hosp",2023-05-27,"47","quantile",0.25,8.41024096975989
2023-05-15,"2 wk ahead inc flu hosp",2023-05-27,"47","quantile",0.3,9.25702092008301
2023-05-15,"2 wk ahead inc flu hosp",2023-05-27,"47","quantile",0.35,10.0864804830487
2023-05-15,"2 wk ahead inc flu hosp",2023-05-27,"47","quantile",0.4,11.0030632345102
2023-05-15,"2 wk ahead inc flu hosp",2023-05-27,"47","quantile",0.45,12.1417231627095
2023-05-15,"2 wk ahead inc flu hosp",2023-05-27,"47","quantile",0.5,13.8544847594006
2023-05-15,"2 wk ahead inc flu hosp",2023-05-27,"47","quantile",0.55,15.3818128962036
2023-05-15,"2 wk ahead inc flu hosp",2023-05-27,"47","quantile",0.6,16.8532383168152
2023-05-15,"2 wk ahead inc flu hosp",2023-05-27,"47","quantile",0.65,18.3484087693139
2023-05-15,"2 wk ahead inc flu hosp",2023-05-27,"47","quantile",0.7,20.0336819460007
2023-05-15,"2 wk ahead inc flu hosp",2023-05-27,"47","quantile",0.75,23.4239388710901
2023-05-15,"2 wk ahead inc flu hosp",2023-05-27,"47","quantile",0.8,26.5295972850128
2023-05-15,"2 wk ahead inc flu hosp",2023-05-27,"47","quantile",0.85,30.5165015413747
2023-05-15,"2 wk ahead inc flu hosp",2023-05-27,"47","quantile",0.9,36.9439653292072
2023-05-15,"2 wk ahead inc flu hosp",2023-05-27,"47","quantile",0.95,45.0116822348118
2023-05-15,"2 wk ahead inc flu hosp",2023-05-27,"47","quantile",0.975,55.4375079788046
2023-05-15,"2 wk ahead inc flu hosp",2023-05-27,"47","quantile",0.99,72.7607230542951
2023-05-15,"3 wk ahead inc flu hosp",2023-06-03,"47","quantile",0.01,3.29643298015733
2023-05-15,"3 wk ahead inc flu hosp",2023-06-03,"47","quantile",0.025,3.58787522726518
2023-05-15,"3 wk ahead inc flu hosp",2023-06-03,"47","quantile",0.05,4.41062034072573
2023-05-15,"3 wk ahead inc flu hosp",2023-06-03,"47","quantile",0.1,5.41124454368584
2023-05-15,"3 wk ahead inc flu hosp",2023-06-03,"47","quantile",0.15,6.02424235889945
2023-05-15,"3 wk ahead inc flu hosp",2023-06-03,"47","quantile",0.2,6.61292269123626
2023-05-15,"3 wk ahead inc flu hosp",2023-06-03,"47","quantile",0.25,7.34501395271962
2023-05-15,"3 wk ahead inc flu hosp",2023-06-03,"47","quantile",0.3,8.06434453475664
2023-05-15,"3 wk ahead inc flu hosp",2023-06-03,"47","quantile",0.35,8.99948095310253
2023-05-15,"3 wk ahead inc flu hosp",2023-06-03,"47","quantile",0.4,10.3297244226055
2023-05-15,"3 wk ahead inc flu hosp",2023-06-03,"47","quantile",0.45,11.4585337598709
2023-05-15,"3 wk ahead inc flu hosp",2023-06-03,"47","quantile",0.5,13.0725046096337
2023-05-15,"3 wk ahead inc flu hosp",2023-06-03,"47","quantile",0.55,14.8649648562192
2023-05-15,"3 wk ahead inc flu hosp",2023-06-03,"47","quantile",0.6,16.727544197978
2023-05-15,"3 wk ahead inc flu hosp",2023-06-03,"47","quantile",0.65,19.3849712035737
2023-05-15,"3 wk ahead inc flu hosp",2023-06-03,"47","quantile",0.7,23.0092539793181
2023-05-15,"3 wk ahead inc flu hosp",2023-06-03,"47","quantile",0.75,26.3466238548356
2023-05-15,"3 wk ahead inc flu hosp",2023-06-03,"47","quantile",0.8,29.8131626753032
2023-05-15,"3 wk ahead inc flu hosp",2023-06-03,"47","quantile",0.85,34.0496014114751
2023-05-15,"3 wk ahead inc flu hosp",2023-06-03,"47","quantile",0.9,41.3743840222195
2023-05-15,"3 wk ahead inc flu hosp",2023-06-03,"47","quantile",0.95,52.7222548189936
2023-05-15,"3 wk ahead inc flu hosp",2023-06-03,"47","quantile",0.975,66.0808399532782
2023-05-15,"3 wk ahead inc flu hosp",2023-06-03,"47","quantile",0.99,84.1172282828141
2023-05-15,"4 wk ahead inc flu hosp",2023-06-10,"47","quantile",0.01,3.63150768921522
2023-05-15,"4 wk ahead inc flu hosp",2023-06-10,"47","quantile",0.025,4.01410803272563
2023-05-15,"4 wk ahead inc flu hosp",2023-06-10,"47","quantile",0.05,5.13105943793527
2023-05-15,"4 wk ahead inc flu hosp",2023-06-10,"47","quantile",0.1,5.93494133386245
2023-05-15,"4 wk ahead inc flu hosp",2023-06-10,"47","quantile",0.15,6.59316877786273
2023-05-15,"4 wk ahead inc flu hosp",2023-06-10,"47","quantile",0.2,7.49533542248451
2023-05-15,"4 wk ahead inc flu hosp",2023-06-10,"47","quantile",0.25,8.2070116870042
2023-05-15,"4 wk ahead inc flu hosp",2023-06-10,"47","quantile",0.3,8.85901759116346
2023-05-15,"4 wk ahead inc flu hosp",2023-06-10,"47","quantile",0.35,9.67132226166557
2023-05-15,"4 wk ahead inc flu hosp",2023-06-10,"47","quantile",0.4,11.0808476076695
2023-05-15,"4 wk ahead inc flu hosp",2023-06-10,"47","quantile",0.45,12.1549182443817
2023-05-15,"4 wk ahead inc flu hosp",2023-06-10,"47","quantile",0.5,13.9769220844393
2023-05-15,"4 wk ahead inc flu hosp",2023-06-10,"47","quantile",0.55,16.153925165023
2023-05-15,"4 wk ahead inc flu hosp",2023-06-10,"47","quantile",0.6,18.5925503898897
2023-05-15,"4 wk ahead inc flu hosp",2023-06-10,"47","quantile",0.65,21.4322751928895
2023-05-15,"4 wk ahead inc flu hosp",2023-06-10,"47","quantile",0.7,26.1378725222931
2023-05-15,"4 wk ahead inc flu hosp",2023-06-10,"47","quantile",0.75,31.3728922743555
2023-05-15,"4 wk ahead inc flu hosp",2023-06-10,"47","quantile",0.8,36.1341063523267
2023-05-15,"4 wk ahead inc flu hosp",2023-06-10,"47","quantile",0.85,41.8276820463873
2023-05-15,"4 wk ahead inc flu hosp",2023-06-10,"47","quantile",0.9,49.5873487075197
2023-05-15,"4 wk ahead inc flu hosp",2023-06-10,"47","quantile",0.95,66.5634070167862
2023-05-15,"4 wk ahead inc flu hosp",2023-06-10,"47","quantile",0.975,84.3183280680808
2023-05-15,"4 wk ahead inc flu hosp",2023-06-10,"47","quantile",0.99,109.183906410425
2023-05-15,"1 wk ahead inc flu hosp",2023-05-20,"48","quantile",0.01,29.3517546616352
2023-05-15,"1 wk ahead inc flu hosp",2023-05-20,"48","quantile",0.025,35.0886806009187
2023-05-15,"1 wk ahead inc flu hosp",2023-05-20,"48","quantile",0.05,41.8954306194439
2023-05-15,"1 wk ahead inc flu hosp",2023-05-20,"48","quantile",0.1,50.749680049815
2023-05-15,"1 wk ahead inc flu hosp",2023-05-20,"48","quantile",0.15,58.3253943096737
2023-05-15,"1 wk ahead inc flu hosp",2023-05-20,"48","quantile",0.2,63.6067374593792
2023-05-15,"1 wk ahead inc flu hosp",2023-05-20,"48","quantile",0.25,69.0708061032447
2023-05-15,"1 wk ahead inc flu hosp",2023-05-20,"48","quantile",0.3,74.2418738070804
2023-05-15,"1 wk ahead inc flu hosp",2023-05-20,"48","quantile",0.35,79.186788237486
2023-05-15,"1 wk ahead inc flu hosp",2023-05-20,"48","quantile",0.4,85.534190733914
2023-05-15,"1 wk ahead inc flu hosp",2023-05-20,"48","quantile",0.45,90.9762331382595
2023-05-15,"1 wk ahead inc flu hosp",2023-05-20,"48","quantile",0.5,95.4651143161792
2023-05-15,"1 wk ahead inc flu hosp",2023-05-20,"48","quantile",0.55,100.757661880634
2023-05-15,"1 wk ahead inc flu hosp",2023-05-20,"48","quantile",0.6,106.06209136455
2023-05-15,"1 wk ahead inc flu hosp",2023-05-20,"48","quantile",0.65,111.767028882032
2023-05-15,"1 wk ahead inc flu hosp",2023-05-20,"48","quantile",0.7,118.49452463056
2023-05-15,"1 wk ahead inc flu hosp",2023-05-20,"48","quantile",0.75,126.931615830342
2023-05-15,"1 wk ahead inc flu hosp",2023-05-20,"48","quantile",0.8,134.475233407667
2023-05-15,"1 wk ahead inc flu hosp",2023-05-20,"48","quantile",0.85,144.97421970316
2023-05-15,"1 wk ahead inc flu hosp",2023-05-20,"48","quantile",0.9,159.014686098153
2023-05-15,"1 wk ahead inc flu hosp",2023-05-20,"48","quantile",0.95,182.76949718601
2023-05-15,"1 wk ahead inc flu hosp",2023-05-20,"48","quantile",0.975,201.835369157392
2023-05-15,"1 wk ahead inc flu hosp",2023-05-20,"48","quantile",0.99,227.530434159426
2023-05-15,"2 wk ahead inc flu hosp",2023-05-27,"48","quantile",0.01,24.8822850034057
2023-05-15,"2 wk ahead inc flu hosp",2023-05-27,"48","quantile",0.025,29.3839402910071
2023-05-15,"2 wk ahead inc flu hosp",2023-05-27,"48","quantile",0.05,34.4640193970242
2023-05-15,"2 wk ahead inc flu hosp",2023-05-27,"48","quantile",0.1,42.232897112938
2023-05-15,"2 wk ahead inc flu hosp",2023-05-27,"48","quantile",0.15,48.1694116333209
2023-05-15,"2 wk ahead inc flu hosp",2023-05-27,"48","quantile",0.2,53.0913929584193
2023-05-15,"2 wk ahead inc flu hosp",2023-05-27,"48","quantile",0.25,58.224863104021
2023-05-15,"2 wk ahead inc flu hosp",2023-05-27,"48","quantile",0.3,63.7667998980998
2023-05-15,"2 wk ahead inc flu hosp",2023-05-27,"48","quantile",0.35,70.3678891626821
2023-05-15,"2 wk ahead inc flu hosp",2023-05-27,"48","quantile",0.4,76.005470761584
2023-05-15,"2 wk ahead inc flu hosp",2023-05-27,"48","quantile",0.45,82.5663733783657
2023-05-15,"2 wk ahead inc flu hosp",2023-05-27,"48","quantile",0.5,89.5929783258255
2023-05-15,"2 wk ahead inc flu hosp",2023-05-27,"48","quantile",0.55,96.4780686039714
2023-05-15,"2 wk ahead inc flu hosp",2023-05-27,"48","quantile",0.6,105.523633614245
2023-05-15,"2 wk ahead inc flu hosp",2023-05-27,"48","quantile",0.65,112.652405458282
2023-05-15,"2 wk ahead inc flu hosp",2023-05-27,"48","quantile",0.7,121.558093668132
2023-05-15,"2 wk ahead inc flu hosp",2023-05-27,"48","quantile",0.75,133.321986355094
2023-05-15,"2 wk ahead inc flu hosp",2023-05-27,"48","quantile",0.8,142.879390052346
2023-05-15,"2 wk ahead inc flu hosp",2023-05-27,"48","quantile",0.85,155.771007278317
2023-05-15,"2 wk ahead inc flu hosp",2023-05-27,"48","quantile",0.9,180.012508665481
2023-05-15,"2 wk ahead inc flu hosp",2023-05-27,"48","quantile",0.95,210.407324826621
2023-05-15,"2 wk ahead inc flu hosp",2023-05-27,"48","quantile",0.975,236.451396875174
2023-05-15,"2 wk ahead inc flu hosp",2023-05-27,"48","quantile",0.99,277.425424408637
2023-05-15,"3 wk ahead inc flu hosp",2023-06-03,"48","quantile",0.01,22.2837425162456
2023-05-15,"3 wk ahead inc flu hosp",2023-06-03,"48","quantile",0.025,25.6817937864841
2023-05-15,"3 wk ahead inc flu hosp",2023-06-03,"48","quantile",0.05,30.4889570597552
2023-05-15,"3 wk ahead inc flu hosp",2023-06-03,"48","quantile",0.1,36.8999011415458
2023-05-15,"3 wk ahead inc flu hosp",2023-06-03,"48","quantile",0.15,41.6024081471634
2023-05-15,"3 wk ahead inc flu hosp",2023-06-03,"48","quantile",0.2,45.6600737995973
2023-05-15,"3 wk ahead inc flu hosp",2023-06-03,"48","quantile",0.25,50.7296500651104
2023-05-15,"3 wk ahead inc flu hosp",2023-06-03,"48","quantile",0.3,55.8626696225831
2023-05-15,"3 wk ahead inc flu hosp",2023-06-03,"48","quantile",0.35,60.4786711570982
2023-05-15,"3 wk ahead inc flu hosp",2023-06-03,"48","quantile",0.4,67.9061556726996
2023-05-15,"3 wk ahead inc flu hosp",2023-06-03,"48","quantile",0.45,75.7479297725956
2023-05-15,"3 wk ahead inc flu hosp",2023-06-03,"48","quantile",0.5,84.0705276543974
2023-05-15,"3 wk ahead inc flu hosp",2023-06-03,"48","quantile",0.55,91.7795045594695
2023-05-15,"3 wk ahead inc flu hosp",2023-06-03,"48","quantile",0.6,99.0328065636948
2023-05-15,"3 wk ahead inc flu hosp",2023-06-03,"48","quantile",0.65,107.282306111706
2023-05-15,"3 wk ahead inc flu hosp",2023-06-03,"48","quantile",0.7,121.388256048672
2023-05-15,"3 wk ahead inc flu hosp",2023-06-03,"48","quantile",0.75,134.328430888719
2023-05-15,"3 wk ahead inc flu hosp",2023-06-03,"48","quantile",0.8,146.796614681793
2023-05-15,"3 wk ahead inc flu hosp",2023-06-03,"48","quantile",0.85,159.898405862526
2023-05-15,"3 wk ahead inc flu hosp",2023-06-03,"48","quantile",0.9,179.258424670746
2023-05-15,"3 wk ahead inc flu hosp",2023-06-03,"48","quantile",0.95,217.714546944535
2023-05-15,"3 wk ahead inc flu hosp",2023-06-03,"48","quantile",0.975,252.065591135651
2023-05-15,"3 wk ahead inc flu hosp",2023-06-03,"48","quantile",0.99,316.236009733651
2023-05-15,"4 wk ahead inc flu hosp",2023-06-10,"48","quantile",0.01,21.4507232338236
2023-05-15,"4 wk ahead inc flu hosp",2023-06-10,"48","quantile",0.025,24.9862227141235
2023-05-15,"4 wk ahead inc flu hosp",2023-06-10,"48","quantile",0.05,28.6083053589155
2023-05-15,"4 wk ahead inc flu hosp",2023-06-10,"48","quantile",0.1,34.7983636781527
2023-05-15,"4 wk ahead inc flu hosp",2023-06-10,"48","quantile",0.15,40.5604782468556
2023-05-15,"4 wk ahead inc flu hosp",2023-06-10,"48","quantile",0.2,45.6512434362965
2023-05-15,"4 wk ahead inc flu hosp",2023-06-10,"48","quantile",0.25,50.3473166690053
2023-05-15,"4 wk ahead inc flu hosp",2023-06-10,"48","quantile",0.3,55.1798830809971
2023-05-15,"4 wk ahead inc flu hosp",2023-06-10,"48","quantile",0.35,60.5941936273194
2023-05-15,"4 wk ahead inc flu hosp",2023-06-10,"48","quantile",0.4,66.5185006216211
2023-05-15,"4 wk ahead inc flu hosp",2023-06-10,"48","quantile",0.45,77.1566119803896
2023-05-15,"4 wk ahead inc flu hosp",2023-06-10,"48","quantile",0.5,87.5557216014539
2023-05-15,"4 wk ahead inc flu hosp",2023-06-10,"48","quantile",0.55,95.2749582257592
2023-05-15,"4 wk ahead inc flu hosp",2023-06-10,"48","quantile",0.6,104.871526665255
2023-05-15,"4 wk ahead inc flu hosp",2023-06-10,"48","quantile",0.65,114.762354788084
2023-05-15,"4 wk ahead inc flu hosp",2023-06-10,"48","quantile",0.7,126.528367501962
2023-05-15,"4 wk ahead inc flu hosp",2023-06-10,"48","quantile",0.75,142.735030321927
2023-05-15,"4 wk ahead inc flu hosp",2023-06-10,"48","quantile",0.8,156.609188843579
2023-05-15,"4 wk ahead inc flu hosp",2023-06-10,"48","quantile",0.85,173.761500267325
2023-05-15,"4 wk ahead inc flu hosp",2023-06-10,"48","quantile",0.9,198.907515617799
2023-05-15,"4 wk ahead inc flu hosp",2023-06-10,"48","quantile",0.95,245.208937472319
2023-05-15,"4 wk ahead inc flu hosp",2023-06-10,"48","quantile",0.975,295.653368054447
2023-05-15,"4 wk ahead inc flu hosp",2023-06-10,"48","quantile",0.99,387.518192775422
2023-05-15,"1 wk ahead inc flu hosp",2023-05-20,"49","quantile",0.01,0.261160156082515
2023-05-15,"1 wk ahead inc flu hosp",2023-05-20,"49","quantile",0.025,0.491156578725829
2023-05-15,"1 wk ahead inc flu hosp",2023-05-20,"49","quantile",0.05,0.807179978238683
2023-05-15,"1 wk ahead inc flu hosp",2023-05-20,"49","quantile",0.1,1.24687736987641
2023-05-15,"1 wk ahead inc flu hosp",2023-05-20,"49","quantile",0.15,1.92189101931211
2023-05-15,"1 wk ahead inc flu hosp",2023-05-20,"49","quantile",0.2,2.34055768835571
2023-05-15,"1 wk ahead inc flu hosp",2023-05-20,"49","quantile",0.25,2.80905377974906
2023-05-15,"1 wk ahead inc flu hosp",2023-05-20,"49","quantile",0.3,3.31828480983363
2023-05-15,"1 wk ahead inc flu hosp",2023-05-20,"49","quantile",0.35,4.10502913717683
2023-05-15,"1 wk ahead inc flu hosp",2023-05-20,"49","quantile",0.4,4.79703444809544
2023-05-15,"1 wk ahead inc flu hosp",2023-05-20,"49","quantile",0.45,5.28037730231679
2023-05-15,"1 wk ahead inc flu hosp",2023-05-20,"49","quantile",0.5,5.89541515097112
2023-05-15,"1 wk ahead inc flu hosp",2023-05-20,"49","quantile",0.55,6.76139552180887
2023-05-15,"1 wk ahead inc flu hosp",2023-05-20,"49","quantile",0.6,7.55049570746915
2023-05-15,"1 wk ahead inc flu hosp",2023-05-20,"49","quantile",0.65,8.36299662110405
2023-05-15,"1 wk ahead inc flu hosp",2023-05-20,"49","quantile",0.7,9.33411233931348
2023-05-15,"1 wk ahead inc flu hosp",2023-05-20,"49","quantile",0.75,10.8683500404983
2023-05-15,"1 wk ahead inc flu hosp",2023-05-20,"49","quantile",0.8,11.817993529088
2023-05-15,"1 wk ahead inc flu hosp",2023-05-20,"49","quantile",0.85,13.1942236202427
2023-05-15,"1 wk ahead inc flu hosp",2023-05-20,"49","quantile",0.9,14.7322174966285
2023-05-15,"1 wk ahead inc flu hosp",2023-05-20,"49","quantile",0.95,17.6888208807598
2023-05-15,"1 wk ahead inc flu hosp",2023-05-20,"49","quantile",0.975,20.4668727258111
2023-05-15,"1 wk ahead inc flu hosp",2023-05-20,"49","quantile",0.99,24.8592877803832
2023-05-15,"2 wk ahead inc flu hosp",2023-05-27,"49","quantile",0.01,0.261395380248859
2023-05-15,"2 wk ahead inc flu hosp",2023-05-27,"49","quantile",0.025,0.402514633064443
2023-05-15,"2 wk ahead inc flu hosp",2023-05-27,"49","quantile",0.05,0.577091763354026
2023-05-15,"2 wk ahead inc flu hosp",2023-05-27,"49","quantile",0.1,0.84294156800364
2023-05-15,"2 wk ahead inc flu hosp",2023-05-27,"49","quantile",0.15,1.22817284916444
2023-05-15,"2 wk ahead inc flu hosp",2023-05-27,"49","quantile",0.2,1.6319151855002
2023-05-15,"2 wk ahead inc flu hosp",2023-05-27,"49","quantile",0.25,2.02735145344199
2023-05-15,"2 wk ahead inc flu hosp",2023-05-27,"49","quantile",0.3,2.51751397806435
2023-05-15,"2 wk ahead inc flu hosp",2023-05-27,"49","quantile",0.35,3.22915895068131
2023-05-15,"2 wk ahead inc flu hosp",2023-05-27,"49","quantile",0.4,3.96856287696265
2023-05-15,"2 wk ahead inc flu hosp",2023-05-27,"49","quantile",0.45,4.93044413433048
2023-05-15,"2 wk ahead inc flu hosp",2023-05-27,"49","quantile",0.5,6.03053604719783
2023-05-15,"2 wk ahead inc flu hosp",2023-05-27,"49","quantile",0.55,7.1946552666019
2023-05-15,"2 wk ahead inc flu hosp",2023-05-27,"49","quantile",0.6,8.19977370894672
2023-05-15,"2 wk ahead inc flu hosp",2023-05-27,"49","quantile",0.65,9.2086405321114
2023-05-15,"2 wk ahead inc flu hosp",2023-05-27,"49","quantile",0.7,10.1272541786785
2023-05-15,"2 wk ahead inc flu hosp",2023-05-27,"49","quantile",0.75,11.8007655553774
2023-05-15,"2 wk ahead inc flu hosp",2023-05-27,"49","quantile",0.8,13.0348367986349
2023-05-15,"2 wk ahead inc flu hosp",2023-05-27,"49","quantile",0.85,14.9859152086523
2023-05-15,"2 wk ahead inc flu hosp",2023-05-27,"49","quantile",0.9,17.2185265518132
2023-05-15,"2 wk ahead inc flu hosp",2023-05-27,"49","quantile",0.95,21.7113335873646
2023-05-15,"2 wk ahead inc flu hosp",2023-05-27,"49","quantile",0.975,25.8490049951616
2023-05-15,"2 wk ahead inc flu hosp",2023-05-27,"49","quantile",0.99,31.9259779472432
2023-05-15,"3 wk ahead inc flu hosp",2023-06-03,"49","quantile",0.01,0.294840907797542
2023-05-15,"3 wk ahead inc flu hosp",2023-06-03,"49","quantile",0.025,0.442450053077526
2023-05-15,"3 wk ahead inc flu hosp",2023-06-03,"49","quantile",0.05,0.552501440880473
2023-05-15,"3 wk ahead inc flu hosp",2023-06-03,"49","quantile",0.1,0.794040911616099
2023-05-15,"3 wk ahead inc flu hosp",2023-06-03,"49","quantile",0.15,1.05312207610456
2023-05-15,"3 wk ahead inc flu hosp",2023-06-03,"49","quantile",0.2,1.50153223255349
2023-05-15,"3 wk ahead inc flu hosp",2023-06-03,"49","quantile",0.25,2.02464541267303
2023-05-15,"3 wk ahead inc flu hosp",2023-06-03,"49","quantile",0.3,2.45257380877638
2023-05-15,"3 wk ahead inc flu hosp",2023-06-03,"49","quantile",0.35,3.00943336966898
2023-05-15,"3 wk ahead inc flu hosp",2023-06-03,"49","quantile",0.4,3.81487747940625
2023-05-15,"3 wk ahead inc flu hosp",2023-06-03,"49","quantile",0.45,4.72833213939146
2023-05-15,"3 wk ahead inc flu hosp",2023-06-03,"49","quantile",0.5,5.57516859117198
2023-05-15,"3 wk ahead inc flu hosp",2023-06-03,"49","quantile",0.55,7.35218630688272
2023-05-15,"3 wk ahead inc flu hosp",2023-06-03,"49","quantile",0.6,8.41278987137408
2023-05-15,"3 wk ahead inc flu hosp",2023-06-03,"49","quantile",0.65,9.840037947465
2023-05-15,"3 wk ahead inc flu hosp",2023-06-03,"49","quantile",0.7,11.1735817867256
2023-05-15,"3 wk ahead inc flu hosp",2023-06-03,"49","quantile",0.75,12.9215923877923
2023-05-15,"3 wk ahead inc flu hosp",2023-06-03,"49","quantile",0.8,14.3131522074299
2023-05-15,"3 wk ahead inc flu hosp",2023-06-03,"49","quantile",0.85,16.2966480596382
2023-05-15,"3 wk ahead inc flu hosp",2023-06-03,"49","quantile",0.9,19.6476911065587
2023-05-15,"3 wk ahead inc flu hosp",2023-06-03,"49","quantile",0.95,25.1692969737323
2023-05-15,"3 wk ahead inc flu hosp",2023-06-03,"49","quantile",0.975,30.5742311389268
2023-05-15,"3 wk ahead inc flu hosp",2023-06-03,"49","quantile",0.99,39.2117629514906
2023-05-15,"4 wk ahead inc flu hosp",2023-06-10,"49","quantile",0.01,0.236949299886991
2023-05-15,"4 wk ahead inc flu hosp",2023-06-10,"49","quantile",0.025,0.349369965762737
2023-05-15,"4 wk ahead inc flu hosp",2023-06-10,"49","quantile",0.05,0.451082759101433
2023-05-15,"4 wk ahead inc flu hosp",2023-06-10,"49","quantile",0.1,0.635473110480676
2023-05-15,"4 wk ahead inc flu hosp",2023-06-10,"49","quantile",0.15,0.833871323660295
2023-05-15,"4 wk ahead inc flu hosp",2023-06-10,"49","quantile",0.2,1.27383356740754
2023-05-15,"4 wk ahead inc flu hosp",2023-06-10,"49","quantile",0.25,1.96571214970806
2023-05-15,"4 wk ahead inc flu hosp",2023-06-10,"49","quantile",0.3,2.83714996512033
2023-05-15,"4 wk ahead inc flu hosp",2023-06-10,"49","quantile",0.35,3.78322845625157
2023-05-15,"4 wk ahead inc flu hosp",2023-06-10,"49","quantile",0.4,4.57310504073235
2023-05-15,"4 wk ahead inc flu hosp",2023-06-10,"49","quantile",0.45,5.72583992587585
2023-05-15,"4 wk ahead inc flu hosp",2023-06-10,"49","quantile",0.5,7.01213045786683
2023-05-15,"4 wk ahead inc flu hosp",2023-06-10,"49","quantile",0.55,8.15870620946547
2023-05-15,"4 wk ahead inc flu hosp",2023-06-10,"49","quantile",0.6,9.93949963552198
2023-05-15,"4 wk ahead inc flu hosp",2023-06-10,"49","quantile",0.65,11.3074578758949
2023-05-15,"4 wk ahead inc flu hosp",2023-06-10,"49","quantile",0.7,12.8080245995121
2023-05-15,"4 wk ahead inc flu hosp",2023-06-10,"49","quantile",0.75,15.1309362892497
2023-05-15,"4 wk ahead inc flu hosp",2023-06-10,"49","quantile",0.8,17.633784039948
2023-05-15,"4 wk ahead inc flu hosp",2023-06-10,"49","quantile",0.85,22.0830116219744
2023-05-15,"4 wk ahead inc flu hosp",2023-06-10,"49","quantile",0.9,29.4815835430272
2023-05-15,"4 wk ahead inc flu hosp",2023-06-10,"49","quantile",0.95,38.2363183874695
2023-05-15,"4 wk ahead inc flu hosp",2023-06-10,"49","quantile",0.975,46.5165942093187
2023-05-15,"4 wk ahead inc flu hosp",2023-06-10,"49","quantile",0.99,61.1862523860669
2023-05-15,"1 wk ahead inc flu hosp",2023-05-20,"50","quantile",0.01,0.0868049129955934
2023-05-15,"1 wk ahead inc flu hosp",2023-05-20,"50","quantile",0.025,0.0880947570374686
2023-05-15,"1 wk ahead inc flu hosp",2023-05-20,"50","quantile",0.05,0.0888016001553533
2023-05-15,"1 wk ahead inc flu hosp",2023-05-20,"50","quantile",0.1,0.0933244639594212
2023-05-15,"1 wk ahead inc flu hosp",2023-05-20,"50","quantile",0.15,0.0991606392975152
2023-05-15,"1 wk ahead inc flu hosp",2023-05-20,"50","quantile",0.2,0.117121222763134
2023-05-15,"1 wk ahead inc flu hosp",2023-05-20,"50","quantile",0.25,0.198265822661866
2023-05-15,"1 wk ahead inc flu hosp",2023-05-20,"50","quantile",0.3,0.33384778441349
2023-05-15,"1 wk ahead inc flu hosp",2023-05-20,"50","quantile",0.35,0.47990368124178
2023-05-15,"1 wk ahead inc flu hosp",2023-05-20,"50","quantile",0.4,0.567549975785147
2023-05-15,"1 wk ahead inc flu hosp",2023-05-20,"50","quantile",0.45,0.658637898550137
2023-05-15,"1 wk ahead inc flu hosp",2023-05-20,"50","quantile",0.5,0.721919716301064
2023-05-15,"1 wk ahead inc flu hosp",2023-05-20,"50","quantile",0.55,0.975506103345096
2023-05-15,"1 wk ahead inc flu hosp",2023-05-20,"50","quantile",0.6,1.30479625378141
2023-05-15,"1 wk ahead inc flu hosp",2023-05-20,"50","quantile",0.65,1.44124250802557
2023-05-15,"1 wk ahead inc flu hosp",2023-05-20,"50","quantile",0.7,1.77855538371642
2023-05-15,"1 wk ahead inc flu hosp",2023-05-20,"50","quantile",0.75,2.28484194485968
2023-05-15,"1 wk ahead inc flu hosp",2023-05-20,"50","quantile",0.8,2.90493597445969
2023-05-15,"1 wk ahead inc flu hosp",2023-05-20,"50","quantile",0.85,3.90051804671752
2023-05-15,"1 wk ahead inc flu hosp",2023-05-20,"50","quantile",0.9,4.40486610378705
2023-05-15,"1 wk ahead inc flu hosp",2023-05-20,"50","quantile",0.95,5.14877331164709
2023-05-15,"1 wk ahead inc flu hosp",2023-05-20,"50","quantile",0.975,5.87141905183783
2023-05-15,"1 wk ahead inc flu hosp",2023-05-20,"50","quantile",0.99,7.19147089637158
2023-05-15,"2 wk ahead inc flu hosp",2023-05-27,"50","quantile",0.01,0.0700966708346927
2023-05-15,"2 wk ahead inc flu hosp",2023-05-27,"50","quantile",0.025,0.0704303222778512
2023-05-15,"2 wk ahead inc flu hosp",2023-05-27,"50","quantile",0.05,0.0728371442065687
2023-05-15,"2 wk ahead inc flu hosp",2023-05-27,"50","quantile",0.1,0.0743896799008966
2023-05-15,"2 wk ahead inc flu hosp",2023-05-27,"50","quantile",0.15,0.0756381471191621
2023-05-15,"2 wk ahead inc flu hosp",2023-05-27,"50","quantile",0.2,0.0940466828708589
2023-05-15,"2 wk ahead inc flu hosp",2023-05-27,"50","quantile",0.25,0.11294110070871
2023-05-15,"2 wk ahead inc flu hosp",2023-05-27,"50","quantile",0.3,0.246146123671532
2023-05-15,"2 wk ahead inc flu hosp",2023-05-27,"50","quantile",0.35,0.339328861503411
2023-05-15,"2 wk ahead inc flu hosp",2023-05-27,"50","quantile",0.4,0.412219781792219
2023-05-15,"2 wk ahead inc flu hosp",2023-05-27,"50","quantile",0.45,0.538730353978884
2023-05-15,"2 wk ahead inc flu hosp",2023-05-27,"50","quantile",0.5,0.814074669198333
2023-05-15,"2 wk ahead inc flu hosp",2023-05-27,"50","quantile",0.55,1.2052503402636
2023-05-15,"2 wk ahead inc flu hosp",2023-05-27,"50","quantile",0.6,1.83741296871906
2023-05-15,"2 wk ahead inc flu hosp",2023-05-27,"50","quantile",0.65,2.15493249513733
2023-05-15,"2 wk ahead inc flu hosp",2023-05-27,"50","quantile",0.7,2.6410227031099
2023-05-15,"2 wk ahead inc flu hosp",2023-05-27,"50","quantile",0.75,3.07390833214865
2023-05-15,"2 wk ahead inc flu hosp",2023-05-27,"50","quantile",0.8,3.61930280484456
2023-05-15,"2 wk ahead inc flu hosp",2023-05-27,"50","quantile",0.85,4.67256154745236
2023-05-15,"2 wk ahead inc flu hosp",2023-05-27,"50","quantile",0.9,5.6218587422083
2023-05-15,"2 wk ahead inc flu hosp",2023-05-27,"50","quantile",0.95,7.1542562135136
2023-05-15,"2 wk ahead inc flu hosp",2023-05-27,"50","quantile",0.975,8.75486760050608
2023-05-15,"2 wk ahead inc flu hosp",2023-05-27,"50","quantile",0.99,11.2362206603259
2023-05-15,"3 wk ahead inc flu hosp",2023-06-03,"50","quantile",0.01,0.0795324835543762
2023-05-15,"3 wk ahead inc flu hosp",2023-06-03,"50","quantile",0.025,0.0806365539401611
2023-05-15,"3 wk ahead inc flu hosp",2023-06-03,"50","quantile",0.05,0.0807733385020447
2023-05-15,"3 wk ahead inc flu hosp",2023-06-03,"50","quantile",0.1,0.0825121467157719
2023-05-15,"3 wk ahead inc flu hosp",2023-06-03,"50","quantile",0.15,0.0842026114238947
2023-05-15,"3 wk ahead inc flu hosp",2023-06-03,"50","quantile",0.2,0.0929376921324305
2023-05-15,"3 wk ahead inc flu hosp",2023-06-03,"50","quantile",0.25,0.104889448173232
2023-05-15,"3 wk ahead inc flu hosp",2023-06-03,"50","quantile",0.3,0.237039411086944
2023-05-15,"3 wk ahead inc flu hosp",2023-06-03,"50","quantile",0.35,0.261398233353918
2023-05-15,"3 wk ahead inc flu hosp",2023-06-03,"50","quantile",0.4,0.337028754332677
2023-05-15,"3 wk ahead inc flu hosp",2023-06-03,"50","quantile",0.45,1.18637476411574
2023-05-15,"3 wk ahead inc flu hosp",2023-06-03,"50","quantile",0.5,1.89601466774916
2023-05-15,"3 wk ahead inc flu hosp",2023-06-03,"50","quantile",0.55,2.33208473274617
2023-05-15,"3 wk ahead inc flu hosp",2023-06-03,"50","quantile",0.6,3.19306166490804
2023-05-15,"3 wk ahead inc flu hosp",2023-06-03,"50","quantile",0.65,3.5156584548494
2023-05-15,"3 wk ahead inc flu hosp",2023-06-03,"50","quantile",0.7,4.07538303414554
2023-05-15,"3 wk ahead inc flu hosp",2023-06-03,"50","quantile",0.75,4.57593536388825
2023-05-15,"3 wk ahead inc flu hosp",2023-06-03,"50","quantile",0.8,4.9968606910927
2023-05-15,"3 wk ahead inc flu hosp",2023-06-03,"50","quantile",0.85,6.13526278917514
2023-05-15,"3 wk ahead inc flu hosp",2023-06-03,"50","quantile",0.9,7.40606949636551
2023-05-15,"3 wk ahead inc flu hosp",2023-06-03,"50","quantile",0.95,9.34495625467867
2023-05-15,"3 wk ahead inc flu hosp",2023-06-03,"50","quantile",0.975,11.3356545072745
2023-05-15,"3 wk ahead inc flu hosp",2023-06-03,"50","quantile",0.99,14.4681420190364
2023-05-15,"4 wk ahead inc flu hosp",2023-06-10,"50","quantile",0.01,0.0906895454407549
2023-05-15,"4 wk ahead inc flu hosp",2023-06-10,"50","quantile",0.025,0.0917320184777576
2023-05-15,"4 wk ahead inc flu hosp",2023-06-10,"50","quantile",0.05,0.0922645456947886
2023-05-15,"4 wk ahead inc flu hosp",2023-06-10,"50","quantile",0.1,0.0949703543773636
2023-05-15,"4 wk ahead inc flu hosp",2023-06-10,"50","quantile",0.15,0.0974277183912052
2023-05-15,"4 wk ahead inc flu hosp",2023-06-10,"50","quantile",0.2,0.114937583972073
2023-05-15,"4 wk ahead inc flu hosp",2023-06-10,"50","quantile",0.25,0.136078570327747
2023-05-15,"4 wk ahead inc flu hosp",2023-06-10,"50","quantile",0.3,0.282732657347629
2023-05-15,"4 wk ahead inc flu hosp",2023-06-10,"50","quantile",0.35,0.318092483046341
2023-05-15,"4 wk ahead inc flu hosp",2023-06-10,"50","quantile",0.4,0.399029503616956
2023-05-15,"4 wk ahead inc flu hosp",2023-06-10,"50","quantile",0.45,0.614769084468371
2023-05-15,"4 wk ahead inc flu hosp",2023-06-10,"50","quantile",0.5,0.97634191557439
2023-05-15,"4 wk ahead inc flu hosp",2023-06-10,"50","quantile",0.55,1.62412890001735
2023-05-15,"4 wk ahead inc flu hosp",2023-06-10,"50","quantile",0.6,3.68848709596165
2023-05-15,"4 wk ahead inc flu hosp",2023-06-10,"50","quantile",0.65,4.37670602096811
2023-05-15,"4 wk ahead inc flu hosp",2023-06-10,"50","quantile",0.7,5.3389461192807
2023-05-15,"4 wk ahead inc flu hosp",2023-06-10,"50","quantile",0.75,5.9635614381781
2023-05-15,"4 wk ahead inc flu hosp",2023-06-10,"50","quantile",0.8,6.54180047492068
2023-05-15,"4 wk ahead inc flu hosp",2023-06-10,"50","quantile",0.85,8.07879938921797
2023-05-15,"4 wk ahead inc flu hosp",2023-06-10,"50","quantile",0.9,9.19420764301468
2023-05-15,"4 wk ahead inc flu hosp",2023-06-10,"50","quantile",0.95,11.4148395035791
2023-05-15,"4 wk ahead inc flu hosp",2023-06-10,"50","quantile",0.975,13.8586014887551
2023-05-15,"4 wk ahead inc flu hosp",2023-06-10,"50","quantile",0.99,17.9634805211003
2023-05-15,"1 wk ahead inc flu hosp",2023-05-20,"51","quantile",0.01,11.4033102257185
2023-05-15,"1 wk ahead inc flu hosp",2023-05-20,"51","quantile",0.025,14.0198231372251
2023-05-15,"1 wk ahead inc flu hosp",2023-05-20,"51","quantile",0.05,17.3793237495201
2023-05-15,"1 wk ahead inc flu hosp",2023-05-20,"51","quantile",0.1,21.0595175173198
2023-05-15,"1 wk ahead inc flu hosp",2023-05-20,"51","quantile",0.15,24.4081870147954
2023-05-15,"1 wk ahead inc flu hosp",2023-05-20,"51","quantile",0.2,26.6812206147737
2023-05-15,"1 wk ahead inc flu hosp",2023-05-20,"51","quantile",0.25,29.1509079784671
2023-05-15,"1 wk ahead inc flu hosp",2023-05-20,"51","quantile",0.3,31.1715328496402
2023-05-15,"1 wk ahead inc flu hosp",2023-05-20,"51","quantile",0.35,33.7108089163312
2023-05-15,"1 wk ahead inc flu hosp",2023-05-20,"51","quantile",0.4,35.8568184095299
2023-05-15,"1 wk ahead inc flu hosp",2023-05-20,"51","quantile",0.45,37.6931626122419
2023-05-15,"1 wk ahead inc flu hosp",2023-05-20,"51","quantile",0.5,39.6976712908376
2023-05-15,"1 wk ahead inc flu hosp",2023-05-20,"51","quantile",0.55,41.6016335680246
2023-05-15,"1 wk ahead inc flu hosp",2023-05-20,"51","quantile",0.6,43.5728549071417
2023-05-15,"1 wk ahead inc flu hosp",2023-05-20,"51","quantile",0.65,46.3487021897736
2023-05-15,"1 wk ahead inc flu hosp",2023-05-20,"51","quantile",0.7,50.3071222108741
2023-05-15,"1 wk ahead inc flu hosp",2023-05-20,"51","quantile",0.75,53.0342164017342
2023-05-15,"1 wk ahead inc flu hosp",2023-05-20,"51","quantile",0.8,56.2134150811371
2023-05-15,"1 wk ahead inc flu hosp",2023-05-20,"51","quantile",0.85,59.5458693607864
2023-05-15,"1 wk ahead inc flu hosp",2023-05-20,"51","quantile",0.9,65.8966979223545
2023-05-15,"1 wk ahead inc flu hosp",2023-05-20,"51","quantile",0.95,73.3205511779136
2023-05-15,"1 wk ahead inc flu hosp",2023-05-20,"51","quantile",0.975,82.6967994799983
2023-05-15,"1 wk ahead inc flu hosp",2023-05-20,"51","quantile",0.99,94.8873878189724
2023-05-15,"2 wk ahead inc flu hosp",2023-05-27,"51","quantile",0.01,8.36547272735891
2023-05-15,"2 wk ahead inc flu hosp",2023-05-27,"51","quantile",0.025,10.7734412556893
2023-05-15,"2 wk ahead inc flu hosp",2023-05-27,"51","quantile",0.05,13.6024420968688
2023-05-15,"2 wk ahead inc flu hosp",2023-05-27,"51","quantile",0.1,17.0981750897185
2023-05-15,"2 wk ahead inc flu hosp",2023-05-27,"51","quantile",0.15,20.0346876743279
2023-05-15,"2 wk ahead inc flu hosp",2023-05-27,"51","quantile",0.2,22.7320752297668
2023-05-15,"2 wk ahead inc flu hosp",2023-05-27,"51","quantile",0.25,25.4840703873724
2023-05-15,"2 wk ahead inc flu hosp",2023-05-27,"51","quantile",0.3,27.7490190259259
2023-05-15,"2 wk ahead inc flu hosp",2023-05-27,"51","quantile",0.35,30.034282230013
2023-05-15,"2 wk ahead inc flu hosp",2023-05-27,"51","quantile",0.4,32.5061031132024
2023-05-15,"2 wk ahead inc flu hosp",2023-05-27,"51","quantile",0.45,34.994693672101
2023-05-15,"2 wk ahead inc flu hosp",2023-05-27,"51","quantile",0.5,37.5298105249783
2023-05-15,"2 wk ahead inc flu hosp",2023-05-27,"51","quantile",0.55,40.4669239725025
2023-05-15,"2 wk ahead inc flu hosp",2023-05-27,"51","quantile",0.6,43.349355098015
2023-05-15,"2 wk ahead inc flu hosp",2023-05-27,"51","quantile",0.65,46.6949469301391
2023-05-15,"2 wk ahead inc flu hosp",2023-05-27,"51","quantile",0.7,50.0520913496342
2023-05-15,"2 wk ahead inc flu hosp",2023-05-27,"51","quantile",0.75,54.3112270487089
2023-05-15,"2 wk ahead inc flu hosp",2023-05-27,"51","quantile",0.8,58.9757942932626
2023-05-15,"2 wk ahead inc flu hosp",2023-05-27,"51","quantile",0.85,64.5327877428252
2023-05-15,"2 wk ahead inc flu hosp",2023-05-27,"51","quantile",0.9,72.9473738631239
2023-05-15,"2 wk ahead inc flu hosp",2023-05-27,"51","quantile",0.95,85.571543167981
2023-05-15,"2 wk ahead inc flu hosp",2023-05-27,"51","quantile",0.975,98.9006339196047
2023-05-15,"2 wk ahead inc flu hosp",2023-05-27,"51","quantile",0.99,117.078576477702
2023-05-15,"3 wk ahead inc flu hosp",2023-06-03,"51","quantile",0.01,7.58198521171676
2023-05-15,"3 wk ahead inc flu hosp",2023-06-03,"51","quantile",0.025,9.82973359167268
2023-05-15,"3 wk ahead inc flu hosp",2023-06-03,"51","quantile",0.05,11.9616021814084
2023-05-15,"3 wk ahead inc flu hosp",2023-06-03,"51","quantile",0.1,15.1282630079677
2023-05-15,"3 wk ahead inc flu hosp",2023-06-03,"51","quantile",0.15,17.4803280344022
2023-05-15,"3 wk ahead inc flu hosp",2023-06-03,"51","quantile",0.2,20.0409673854405
2023-05-15,"3 wk ahead inc flu hosp",2023-06-03,"51","quantile",0.25,22.8418669645021
2023-05-15,"3 wk ahead inc flu hosp",2023-06-03,"51","quantile",0.3,24.9960385314811
2023-05-15,"3 wk ahead inc flu hosp",2023-06-03,"51","quantile",0.35,27.1183278333121
2023-05-15,"3 wk ahead inc flu hosp",2023-06-03,"51","quantile",0.4,29.4307889709785
2023-05-15,"3 wk ahead inc flu hosp",2023-06-03,"51","quantile",0.45,31.6428234700756
2023-05-15,"3 wk ahead inc flu hosp",2023-06-03,"51","quantile",0.5,34.2070747533737
2023-05-15,"3 wk ahead inc flu hosp",2023-06-03,"51","quantile",0.55,37.3865376026591
2023-05-15,"3 wk ahead inc flu hosp",2023-06-03,"51","quantile",0.6,40.1218064666225
2023-05-15,"3 wk ahead inc flu hosp",2023-06-03,"51","quantile",0.65,44.7684857775844
2023-05-15,"3 wk ahead inc flu hosp",2023-06-03,"51","quantile",0.7,50.0241834882881
2023-05-15,"3 wk ahead inc flu hosp",2023-06-03,"51","quantile",0.75,55.7309439470307
2023-05-15,"3 wk ahead inc flu hosp",2023-06-03,"51","quantile",0.8,60.6615159832662
2023-05-15,"3 wk ahead inc flu hosp",2023-06-03,"51","quantile",0.85,66.8478135945057
2023-05-15,"3 wk ahead inc flu hosp",2023-06-03,"51","quantile",0.9,75.7556126346524
2023-05-15,"3 wk ahead inc flu hosp",2023-06-03,"51","quantile",0.95,92.1731539168662
2023-05-15,"3 wk ahead inc flu hosp",2023-06-03,"51","quantile",0.975,107.045639452215
2023-05-15,"3 wk ahead inc flu hosp",2023-06-03,"51","quantile",0.99,133.996115518191
2023-05-15,"4 wk ahead inc flu hosp",2023-06-10,"51","quantile",0.01,7.24849717229648
2023-05-15,"4 wk ahead inc flu hosp",2023-06-10,"51","quantile",0.025,9.18929318918087
2023-05-15,"4 wk ahead inc flu hosp",2023-06-10,"51","quantile",0.05,11.655937388572
2023-05-15,"4 wk ahead inc flu hosp",2023-06-10,"51","quantile",0.1,15.1332334608284
2023-05-15,"4 wk ahead inc flu hosp",2023-06-10,"51","quantile",0.15,17.7435268072872
2023-05-15,"4 wk ahead inc flu hosp",2023-06-10,"51","quantile",0.2,20.3391743373444
2023-05-15,"4 wk ahead inc flu hosp",2023-06-10,"51","quantile",0.25,23.1207621278564
2023-05-15,"4 wk ahead inc flu hosp",2023-06-10,"51","quantile",0.3,25.6925777420265
2023-05-15,"4 wk ahead inc flu hosp",2023-06-10,"51","quantile",0.35,28.0938490239184
2023-05-15,"4 wk ahead inc flu hosp",2023-06-10,"51","quantile",0.4,30.7569664380869
2023-05-15,"4 wk ahead inc flu hosp",2023-06-10,"51","quantile",0.45,33.7879396010093
2023-05-15,"4 wk ahead inc flu hosp",2023-06-10,"51","quantile",0.5,37.5739738532756
2023-05-15,"4 wk ahead inc flu hosp",2023-06-10,"51","quantile",0.55,41.3364127450132
2023-05-15,"4 wk ahead inc flu hosp",2023-06-10,"51","quantile",0.6,44.6945416336006
2023-05-15,"4 wk ahead inc flu hosp",2023-06-10,"51","quantile",0.65,49.4280327395027
2023-05-15,"4 wk ahead inc flu hosp",2023-06-10,"51","quantile",0.7,56.3671846871288
2023-05-15,"4 wk ahead inc flu hosp",2023-06-10,"51","quantile",0.75,61.1063461479327
2023-05-15,"4 wk ahead inc flu hosp",2023-06-10,"51","quantile",0.8,68.4522139212591
2023-05-15,"4 wk ahead inc flu hosp",2023-06-10,"51","quantile",0.85,75.7030869818742
2023-05-15,"4 wk ahead inc flu hosp",2023-06-10,"51","quantile",0.9,89.5565610597241
2023-05-15,"4 wk ahead inc flu hosp",2023-06-10,"51","quantile",0.95,107.068406250903
2023-05-15,"4 wk ahead inc flu hosp",2023-06-10,"51","quantile",0.975,126.964531937339
2023-05-15,"4 wk ahead inc flu hosp",2023-06-10,"51","quantile",0.99,163.429631038587
2023-05-15,"1 wk ahead inc flu hosp",2023-05-20,"53","quantile",0.01,2.3669672848903
2023-05-15,"1 wk ahead inc flu hosp",2023-05-20,"53","quantile",0.025,2.7764834426518
2023-05-15,"1 wk ahead inc flu hosp",2023-05-20,"53","quantile",0.05,3.35599067400097
2023-05-15,"1 wk ahead inc flu hosp",2023-05-20,"53","quantile",0.1,4.31007776673855
2023-05-15,"1 wk ahead inc flu hosp",2023-05-20,"53","quantile",0.15,5.01980344748433
2023-05-15,"1 wk ahead inc flu hosp",2023-05-20,"53","quantile",0.2,5.78874248502435
2023-05-15,"1 wk ahead inc flu hosp",2023-05-20,"53","quantile",0.25,6.33872151769394
2023-05-15,"1 wk ahead inc flu hosp",2023-05-20,"53","quantile",0.3,6.96565533635699
2023-05-15,"1 wk ahead inc flu hosp",2023-05-20,"53","quantile",0.35,7.5987345852655
2023-05-15,"1 wk ahead inc flu hosp",2023-05-20,"53","quantile",0.4,8.57448002248241
2023-05-15,"1 wk ahead inc flu hosp",2023-05-20,"53","quantile",0.45,10.0074142462356
2023-05-15,"1 wk ahead inc flu hosp",2023-05-20,"53","quantile",0.5,11.0468223701974
2023-05-15,"1 wk ahead inc flu hosp",2023-05-20,"53","quantile",0.55,12.1358641332714
2023-05-15,"1 wk ahead inc flu hosp",2023-05-20,"53","quantile",0.6,13.839369989755
2023-05-15,"1 wk ahead inc flu hosp",2023-05-20,"53","quantile",0.65,15.3033201869183
2023-05-15,"1 wk ahead inc flu hosp",2023-05-20,"53","quantile",0.7,16.9380158176931
2023-05-15,"1 wk ahead inc flu hosp",2023-05-20,"53","quantile",0.75,18.6261281699448
2023-05-15,"1 wk ahead inc flu hosp",2023-05-20,"53","quantile",0.8,20.6698374564922
2023-05-15,"1 wk ahead inc flu hosp",2023-05-20,"53","quantile",0.85,24.4537666180666
2023-05-15,"1 wk ahead inc flu hosp",2023-05-20,"53","quantile",0.9,27.8295173628565
2023-05-15,"1 wk ahead inc flu hosp",2023-05-20,"53","quantile",0.95,37.6373233382807
2023-05-15,"1 wk ahead inc flu hosp",2023-05-20,"53","quantile",0.975,43.3404266531215
2023-05-15,"1 wk ahead inc flu hosp",2023-05-20,"53","quantile",0.99,51.5291438460034
2023-05-15,"2 wk ahead inc flu hosp",2023-05-27,"53","quantile",0.01,2.01540279930877
2023-05-15,"2 wk ahead inc flu hosp",2023-05-27,"53","quantile",0.025,2.31708506225637
2023-05-15,"2 wk ahead inc flu hosp",2023-05-27,"53","quantile",0.05,2.66528478292217
2023-05-15,"2 wk ahead inc flu hosp",2023-05-27,"53","quantile",0.1,3.36156118080385
2023-05-15,"2 wk ahead inc flu hosp",2023-05-27,"53","quantile",0.15,3.97755038471473
2023-05-15,"2 wk ahead inc flu hosp",2023-05-27,"53","quantile",0.2,4.78590164828083
2023-05-15,"2 wk ahead inc flu hosp",2023-05-27,"53","quantile",0.25,5.40188854718598
2023-05-15,"2 wk ahead inc flu hosp",2023-05-27,"53","quantile",0.3,6.01930375093152
2023-05-15,"2 wk ahead inc flu hosp",2023-05-27,"53","quantile",0.35,6.67088659280636
2023-05-15,"2 wk ahead inc flu hosp",2023-05-27,"53","quantile",0.4,7.56817543161495
2023-05-15,"2 wk ahead inc flu hosp",2023-05-27,"53","quantile",0.45,8.82762147172165
2023-05-15,"2 wk ahead inc flu hosp",2023-05-27,"53","quantile",0.5,10.1840216579166
2023-05-15,"2 wk ahead inc flu hosp",2023-05-27,"53","quantile",0.55,12.6421286429335
2023-05-15,"2 wk ahead inc flu hosp",2023-05-27,"53","quantile",0.6,15.1561116406143
2023-05-15,"2 wk ahead inc flu hosp",2023-05-27,"53","quantile",0.65,17.0326421031762
2023-05-15,"2 wk ahead inc flu hosp",2023-05-27,"53","quantile",0.7,19.2588564027847
2023-05-15,"2 wk ahead inc flu hosp",2023-05-27,"53","quantile",0.75,22.0023339790571
2023-05-15,"2 wk ahead inc flu hosp",2023-05-27,"53","quantile",0.8,24.6011147402374
2023-05-15,"2 wk ahead inc flu hosp",2023-05-27,"53","quantile",0.85,31.3053355546909
2023-05-15,"2 wk ahead inc flu hosp",2023-05-27,"53","quantile",0.9,37.8660558660474
2023-05-15,"2 wk ahead inc flu hosp",2023-05-27,"53","quantile",0.95,49.2141076502424
2023-05-15,"2 wk ahead inc flu hosp",2023-05-27,"53","quantile",0.975,58.2965219292824
2023-05-15,"2 wk ahead inc flu hosp",2023-05-27,"53","quantile",0.99,74.3328292297955
2023-05-15,"3 wk ahead inc flu hosp",2023-06-03,"53","quantile",0.01,1.86659047110752
2023-05-15,"3 wk ahead inc flu hosp",2023-06-03,"53","quantile",0.025,2.13143501842761
2023-05-15,"3 wk ahead inc flu hosp",2023-06-03,"53","quantile",0.05,2.41947304176492
2023-05-15,"3 wk ahead inc flu hosp",2023-06-03,"53","quantile",0.1,2.98770725806198
2023-05-15,"3 wk ahead inc flu hosp",2023-06-03,"53","quantile",0.15,3.33620633527006
2023-05-15,"3 wk ahead inc flu hosp",2023-06-03,"53","quantile",0.2,4.1417546776538
2023-05-15,"3 wk ahead inc flu hosp",2023-06-03,"53","quantile",0.25,4.78679487924601
2023-05-15,"3 wk ahead inc flu hosp",2023-06-03,"53","quantile",0.3,5.423505343952
2023-05-15,"3 wk ahead inc flu hosp",2023-06-03,"53","quantile",0.35,6.06615426066225
2023-05-15,"3 wk ahead inc flu hosp",2023-06-03,"53","quantile",0.4,6.95699642060109
2023-05-15,"3 wk ahead inc flu hosp",2023-06-03,"53","quantile",0.45,7.99464275757986
2023-05-15,"3 wk ahead inc flu hosp",2023-06-03,"53","quantile",0.5,9.44404154626336
2023-05-15,"3 wk ahead inc flu hosp",2023-06-03,"53","quantile",0.55,11.7424724112993
2023-05-15,"3 wk ahead inc flu hosp",2023-06-03,"53","quantile",0.6,13.9022381285718
2023-05-15,"3 wk ahead inc flu hosp",2023-06-03,"53","quantile",0.65,16.8552937466604
2023-05-15,"3 wk ahead inc flu hosp",2023-06-03,"53","quantile",0.7,20.5508196458832
2023-05-15,"3 wk ahead inc flu hosp",2023-06-03,"53","quantile",0.75,25.5638758325462
2023-05-15,"3 wk ahead inc flu hosp",2023-06-03,"53","quantile",0.8,29.6026151441845
2023-05-15,"3 wk ahead inc flu hosp",2023-06-03,"53","quantile",0.85,37.0412121626041
2023-05-15,"3 wk ahead inc flu hosp",2023-06-03,"53","quantile",0.9,44.8083842735188
2023-05-15,"3 wk ahead inc flu hosp",2023-06-03,"53","quantile",0.95,58.7561680589859
2023-05-15,"3 wk ahead inc flu hosp",2023-06-03,"53","quantile",0.975,71.0719434261984
2023-05-15,"3 wk ahead inc flu hosp",2023-06-03,"53","quantile",0.99,93.7374890343138
2023-05-15,"4 wk ahead inc flu hosp",2023-06-10,"53","quantile",0.01,1.80867517696318
2023-05-15,"4 wk ahead inc flu hosp",2023-06-10,"53","quantile",0.025,2.12848475060107
2023-05-15,"4 wk ahead inc flu hosp",2023-06-10,"53","quantile",0.05,2.43108011140352
2023-05-15,"4 wk ahead inc flu hosp",2023-06-10,"53","quantile",0.1,2.90890811573192
2023-05-15,"4 wk ahead inc flu hosp",2023-06-10,"53","quantile",0.15,3.32500734370746
2023-05-15,"4 wk ahead inc flu hosp",2023-06-10,"53","quantile",0.2,3.95863589811432
2023-05-15,"4 wk ahead inc flu hosp",2023-06-10,"53","quantile",0.25,4.43540375280644
2023-05-15,"4 wk ahead inc flu hosp",2023-06-10,"53","quantile",0.3,5.02440485385447
2023-05-15,"4 wk ahead inc flu hosp",2023-06-10,"53","quantile",0.35,5.68600948543133
2023-05-15,"4 wk ahead inc flu hosp",2023-06-10,"53","quantile",0.4,6.36250846531
2023-05-15,"4 wk ahead inc flu hosp",2023-06-10,"53","quantile",0.45,7.77431295332048
2023-05-15,"4 wk ahead inc flu hosp",2023-06-10,"53","quantile",0.5,9.31394636487134
2023-05-15,"4 wk ahead inc flu hosp",2023-06-10,"53","quantile",0.55,12.0464961788537
2023-05-15,"4 wk ahead inc flu hosp",2023-06-10,"53","quantile",0.6,15.2584081553595
2023-05-15,"4 wk ahead inc flu hosp",2023-06-10,"53","quantile",0.65,18.6695098530158
2023-05-15,"4 wk ahead inc flu hosp",2023-06-10,"53","quantile",0.7,22.200691453418
2023-05-15,"4 wk ahead inc flu hosp",2023-06-10,"53","quantile",0.75,28.9342077183957
2023-05-15,"4 wk ahead inc flu hosp",2023-06-10,"53","quantile",0.8,34.9967216408471
2023-05-15,"4 wk ahead inc flu hosp",2023-06-10,"53","quantile",0.85,43.9375260392738
2023-05-15,"4 wk ahead inc flu hosp",2023-06-10,"53","quantile",0.9,52.1539824666063
2023-05-15,"4 wk ahead inc flu hosp",2023-06-10,"53","quantile",0.95,68.8247615944861
2023-05-15,"4 wk ahead inc flu hosp",2023-06-10,"53","quantile",0.975,86.4048128898933
2023-05-15,"4 wk ahead inc flu hosp",2023-06-10,"53","quantile",0.99,116.824119211814
2023-05-15,"1 wk ahead inc flu hosp",2023-05-20,"54","quantile",0.01,0.864615632433446
2023-05-15,"1 wk ahead inc flu hosp",2023-05-20,"54","quantile",0.025,1.12301657905289
2023-05-15,"1 wk ahead inc flu hosp",2023-05-20,"54","quantile",0.05,1.37714664070253
2023-05-15,"1 wk ahead inc flu hosp",2023-05-20,"54","quantile",0.1,1.9792312569202
2023-05-15,"1 wk ahead inc flu hosp",2023-05-20,"54","quantile",0.15,2.33192014333603
2023-05-15,"1 wk ahead inc flu hosp",2023-05-20,"54","quantile",0.2,2.76878248564587
2023-05-15,"1 wk ahead inc flu hosp",2023-05-20,"54","quantile",0.25,3.23565868951143
2023-05-15,"1 wk ahead inc flu hosp",2023-05-20,"54","quantile",0.3,3.48918224645821
2023-05-15,"1 wk ahead inc flu hosp",2023-05-20,"54","quantile",0.35,4.04580518529581
2023-05-15,"1 wk ahead inc flu hosp",2023-05-20,"54","quantile",0.4,4.64779141175632
2023-05-15,"1 wk ahead inc flu hosp",2023-05-20,"54","quantile",0.45,5.30023857397175
2023-05-15,"1 wk ahead inc flu hosp",2023-05-20,"54","quantile",0.5,5.88584278082853
2023-05-15,"1 wk ahead inc flu hosp",2023-05-20,"54","quantile",0.55,6.7792990080143
2023-05-15,"1 wk ahead inc flu hosp",2023-05-20,"54","quantile",0.6,7.35359122887492
2023-05-15,"1 wk ahead inc flu hosp",2023-05-20,"54","quantile",0.65,8.17865177487571
2023-05-15,"1 wk ahead inc flu hosp",2023-05-20,"54","quantile",0.7,9.09121219112964
2023-05-15,"1 wk ahead inc flu hosp",2023-05-20,"54","quantile",0.75,10.5129611459478
2023-05-15,"1 wk ahead inc flu hosp",2023-05-20,"54","quantile",0.8,12.1316836842955
2023-05-15,"1 wk ahead inc flu hosp",2023-05-20,"54","quantile",0.85,13.1029956671699
2023-05-15,"1 wk ahead inc flu hosp",2023-05-20,"54","quantile",0.9,14.8438290247883
2023-05-15,"1 wk ahead inc flu hosp",2023-05-20,"54","quantile",0.95,19.1216442515148
2023-05-15,"1 wk ahead inc flu hosp",2023-05-20,"54","quantile",0.975,22.2837954771191
2023-05-15,"1 wk ahead inc flu hosp",2023-05-20,"54","quantile",0.99,25.3623816941321
2023-05-15,"2 wk ahead inc flu hosp",2023-05-27,"54","quantile",0.01,0.713611111741818
2023-05-15,"2 wk ahead inc flu hosp",2023-05-27,"54","quantile",0.025,0.915517589826371
2023-05-15,"2 wk ahead inc flu hosp",2023-05-27,"54","quantile",0.05,1.10794507424616
2023-05-15,"2 wk ahead inc flu hosp",2023-05-27,"54","quantile",0.1,1.39404215291521
2023-05-15,"2 wk ahead inc flu hosp",2023-05-27,"54","quantile",0.15,1.59625983906859
2023-05-15,"2 wk ahead inc flu hosp",2023-05-27,"54","quantile",0.2,2.05011138788169
2023-05-15,"2 wk ahead inc flu hosp",2023-05-27,"54","quantile",0.25,2.48451858364873
2023-05-15,"2 wk ahead inc flu hosp",2023-05-27,"54","quantile",0.3,2.91482224597703
2023-05-15,"2 wk ahead inc flu hosp",2023-05-27,"54","quantile",0.35,3.3340920352024
2023-05-15,"2 wk ahead inc flu hosp",2023-05-27,"54","quantile",0.4,3.90082634634581
2023-05-15,"2 wk ahead inc flu hosp",2023-05-27,"54","quantile",0.45,4.81099439467261
2023-05-15,"2 wk ahead inc flu hosp",2023-05-27,"54","quantile",0.5,5.50931240967124
2023-05-15,"2 wk ahead inc flu hosp",2023-05-27,"54","quantile",0.55,6.73418957612349
2023-05-15,"2 wk ahead inc flu hosp",2023-05-27,"54","quantile",0.6,8.28016998923603
2023-05-15,"2 wk ahead inc flu hosp",2023-05-27,"54","quantile",0.65,9.45205408383224
2023-05-15,"2 wk ahead inc flu hosp",2023-05-27,"54","quantile",0.7,10.9978829984913
2023-05-15,"2 wk ahead inc flu hosp",2023-05-27,"54","quantile",0.75,13.0077337800268
2023-05-15,"2 wk ahead inc flu hosp",2023-05-27,"54","quantile",0.8,15.3594790081249
2023-05-15,"2 wk ahead inc flu hosp",2023-05-27,"54","quantile",0.85,17.0786776513683
2023-05-15,"2 wk ahead inc flu hosp",2023-05-27,"54","quantile",0.9,19.625616082005
2023-05-15,"2 wk ahead inc flu hosp",2023-05-27,"54","quantile",0.95,23.9694260116053
2023-05-15,"2 wk ahead inc flu hosp",2023-05-27,"54","quantile",0.975,27.8678991948157
2023-05-15,"2 wk ahead inc flu hosp",2023-05-27,"54","quantile",0.99,31.6858874731758
2023-05-15,"3 wk ahead inc flu hosp",2023-06-03,"54","quantile",0.01,0.673283390580135
2023-05-15,"3 wk ahead inc flu hosp",2023-06-03,"54","quantile",0.025,0.75772973410382
2023-05-15,"3 wk ahead inc flu hosp",2023-06-03,"54","quantile",0.05,0.935831048730065
2023-05-15,"3 wk ahead inc flu hosp",2023-06-03,"54","quantile",0.1,1.24663482052813
2023-05-15,"3 wk ahead inc flu hosp",2023-06-03,"54","quantile",0.15,1.51608187518795
2023-05-15,"3 wk ahead inc flu hosp",2023-06-03,"54","quantile",0.2,1.88220222449264
2023-05-15,"3 wk ahead inc flu hosp",2023-06-03,"54","quantile",0.25,2.17228380581341
2023-05-15,"3 wk ahead inc flu hosp",2023-06-03,"54","quantile",0.3,2.43018222500066
2023-05-15,"3 wk ahead inc flu hosp",2023-06-03,"54","quantile",0.35,2.83429413519641
2023-05-15,"3 wk ahead inc flu hosp",2023-06-03,"54","quantile",0.4,3.66933136720343
2023-05-15,"3 wk ahead inc flu hosp",2023-06-03,"54","quantile",0.45,4.51428637927687
2023-05-15,"3 wk ahead inc flu hosp",2023-06-03,"54","quantile",0.5,5.72948926324391
2023-05-15,"3 wk ahead inc flu hosp",2023-06-03,"54","quantile",0.55,7.69584047191144
2023-05-15,"3 wk ahead inc flu hosp",2023-06-03,"54","quantile",0.6,9.58566041188446
2023-05-15,"3 wk ahead inc flu hosp",2023-06-03,"54","quantile",0.65,10.6149317923553
2023-05-15,"3 wk ahead inc flu hosp",2023-06-03,"54","quantile",0.7,12.7841198210798
2023-05-15,"3 wk ahead inc flu hosp",2023-06-03,"54","quantile",0.75,15.0708948704443
2023-05-15,"3 wk ahead inc flu hosp",2023-06-03,"54","quantile",0.8,17.7209596594269
2023-05-15,"3 wk ahead inc flu hosp",2023-06-03,"54","quantile",0.85,20.1701053566092
2023-05-15,"3 wk ahead inc flu hosp",2023-06-03,"54","quantile",0.9,23.0744384756953
2023-05-15,"3 wk ahead inc flu hosp",2023-06-03,"54","quantile",0.95,28.4162683150729
2023-05-15,"3 wk ahead inc flu hosp",2023-06-03,"54","quantile",0.975,33.8818505089816
2023-05-15,"3 wk ahead inc flu hosp",2023-06-03,"54","quantile",0.99,40.9619219934354
2023-05-15,"4 wk ahead inc flu hosp",2023-06-10,"54","quantile",0.01,0.619150377187706
2023-05-15,"4 wk ahead inc flu hosp",2023-06-10,"54","quantile",0.025,0.782283167963233
2023-05-15,"4 wk ahead inc flu hosp",2023-06-10,"54","quantile",0.05,0.937403355272402
2023-05-15,"4 wk ahead inc flu hosp",2023-06-10,"54","quantile",0.1,1.23954543727611
2023-05-15,"4 wk ahead inc flu hosp",2023-06-10,"54","quantile",0.15,1.570753495575
2023-05-15,"4 wk ahead inc flu hosp",2023-06-10,"54","quantile",0.2,1.87746631979413
2023-05-15,"4 wk ahead inc flu hosp",2023-06-10,"54","quantile",0.25,2.2269156209757
2023-05-15,"4 wk ahead inc flu hosp",2023-06-10,"54","quantile",0.3,2.50295776575373
2023-05-15,"4 wk ahead inc flu hosp",2023-06-10,"54","quantile",0.35,2.92109438267681
2023-05-15,"4 wk ahead inc flu hosp",2023-06-10,"54","quantile",0.4,3.52077081567322
2023-05-15,"4 wk ahead inc flu hosp",2023-06-10,"54","quantile",0.45,4.191087506272
2023-05-15,"4 wk ahead inc flu hosp",2023-06-10,"54","quantile",0.5,5.899653570276
2023-05-15,"4 wk ahead inc flu hosp",2023-06-10,"54","quantile",0.55,7.98716648757678
2023-05-15,"4 wk ahead inc flu hosp",2023-06-10,"54","quantile",0.6,9.47270927139769
2023-05-15,"4 wk ahead inc flu hosp",2023-06-10,"54","quantile",0.65,11.1366773745261
2023-05-15,"4 wk ahead inc flu hosp",2023-06-10,"54","quantile",0.7,13.7915582264562
2023-05-15,"4 wk ahead inc flu hosp",2023-06-10,"54","quantile",0.75,17.8059355688688
2023-05-15,"4 wk ahead inc flu hosp",2023-06-10,"54","quantile",0.8,21.2272611200725
2023-05-15,"4 wk ahead inc flu hosp",2023-06-10,"54","quantile",0.85,23.2419425831766
2023-05-15,"4 wk ahead inc flu hosp",2023-06-10,"54","quantile",0.9,26.5023308504241
2023-05-15,"4 wk ahead inc flu hosp",2023-06-10,"54","quantile",0.95,34.6448461681097
2023-05-15,"4 wk ahead inc flu hosp",2023-06-10,"54","quantile",0.975,41.1222086073527
2023-05-15,"4 wk ahead inc flu hosp",2023-06-10,"54","quantile",0.99,53.0223921808301
2023-05-15,"1 wk ahead inc flu hosp",2023-05-20,"55","quantile",0.01,0.244916371330813
2023-05-15,"1 wk ahead inc flu hosp",2023-05-20,"55","quantile",0.025,0.42621842165248
2023-05-15,"1 wk ahead inc flu hosp",2023-05-20,"55","quantile",0.05,0.552661042742948
2023-05-15,"1 wk ahead inc flu hosp",2023-05-20,"55","quantile",0.1,0.833717869382668
2023-05-15,"1 wk ahead inc flu hosp",2023-05-20,"55","quantile",0.15,1.13602267429126
2023-05-15,"1 wk ahead inc flu hosp",2023-05-20,"55","quantile",0.2,1.4514488337656
2023-05-15,"1 wk ahead inc flu hosp",2023-05-20,"55","quantile",0.25,1.68052486160291
2023-05-15,"1 wk ahead inc flu hosp",2023-05-20,"55","quantile",0.3,2.29000072516253
2023-05-15,"1 wk ahead inc flu hosp",2023-05-20,"55","quantile",0.35,2.6259677818252
2023-05-15,"1 wk ahead inc flu hosp",2023-05-20,"55","quantile",0.4,2.99814296091696
2023-05-15,"1 wk ahead inc flu hosp",2023-05-20,"55","quantile",0.45,3.67831429172362
2023-05-15,"1 wk ahead inc flu hosp",2023-05-20,"55","quantile",0.5,4.53013323121203
2023-05-15,"1 wk ahead inc flu hosp",2023-05-20,"55","quantile",0.55,5.31295578692221
2023-05-15,"1 wk ahead inc flu hosp",2023-05-20,"55","quantile",0.6,6.15205880920552
2023-05-15,"1 wk ahead inc flu hosp",2023-05-20,"55","quantile",0.65,7.23581653884506
2023-05-15,"1 wk ahead inc flu hosp",2023-05-20,"55","quantile",0.7,8.32801035700279
2023-05-15,"1 wk ahead inc flu hosp",2023-05-20,"55","quantile",0.75,10.2188232915098
2023-05-15,"1 wk ahead inc flu hosp",2023-05-20,"55","quantile",0.8,12.6361594572074
2023-05-15,"1 wk ahead inc flu hosp",2023-05-20,"55","quantile",0.85,14.8414183856462
2023-05-15,"1 wk ahead inc flu hosp",2023-05-20,"55","quantile",0.9,18.9992632356066
2023-05-15,"1 wk ahead inc flu hosp",2023-05-20,"55","quantile",0.95,23.8710789023984
2023-05-15,"1 wk ahead inc flu hosp",2023-05-20,"55","quantile",0.975,27.9091628814301
2023-05-15,"1 wk ahead inc flu hosp",2023-05-20,"55","quantile",0.99,32.3259079370654
2023-05-15,"2 wk ahead inc flu hosp",2023-05-27,"55","quantile",0.01,0.249699485452949
2023-05-15,"2 wk ahead inc flu hosp",2023-05-27,"55","quantile",0.025,0.426252256873691
2023-05-15,"2 wk ahead inc flu hosp",2023-05-27,"55","quantile",0.05,0.539736029390732
2023-05-15,"2 wk ahead inc flu hosp",2023-05-27,"55","quantile",0.1,0.754815695634165
2023-05-15,"2 wk ahead inc flu hosp",2023-05-27,"55","quantile",0.15,1.01349139384223
2023-05-15,"2 wk ahead inc flu hosp",2023-05-27,"55","quantile",0.2,1.32294798261639
2023-05-15,"2 wk ahead inc flu hosp",2023-05-27,"55","quantile",0.25,1.51383539807803
2023-05-15,"2 wk ahead inc flu hosp",2023-05-27,"55","quantile",0.3,1.97854873947285
2023-05-15,"2 wk ahead inc flu hosp",2023-05-27,"55","quantile",0.35,2.50747058289811
2023-05-15,"2 wk ahead inc flu hosp",2023-05-27,"55","quantile",0.4,2.90678470895111
2023-05-15,"2 wk ahead inc flu hosp",2023-05-27,"55","quantile",0.45,3.59166777306245
2023-05-15,"2 wk ahead inc flu hosp",2023-05-27,"55","quantile",0.5,4.39457273289711
2023-05-15,"2 wk ahead inc flu hosp",2023-05-27,"55","quantile",0.55,5.53853553171841
2023-05-15,"2 wk ahead inc flu hosp",2023-05-27,"55","quantile",0.6,6.68680762925339
2023-05-15,"2 wk ahead inc flu hosp",2023-05-27,"55","quantile",0.65,8.26541739054622
2023-05-15,"2 wk ahead inc flu hosp",2023-05-27,"55","quantile",0.7,10.0479736160226
2023-05-15,"2 wk ahead inc flu hosp",2023-05-27,"55","quantile",0.75,12.2651332466082
2023-05-15,"2 wk ahead inc flu hosp",2023-05-27,"55","quantile",0.8,15.6867466653143
2023-05-15,"2 wk ahead inc flu hosp",2023-05-27,"55","quantile",0.85,19.5970181784949
2023-05-15,"2 wk ahead inc flu hosp",2023-05-27,"55","quantile",0.9,24.655246474045
2023-05-15,"2 wk ahead inc flu hosp",2023-05-27,"55","quantile",0.95,32.5949840951173
2023-05-15,"2 wk ahead inc flu hosp",2023-05-27,"55","quantile",0.975,39.8590099574318
2023-05-15,"2 wk ahead inc flu hosp",2023-05-27,"55","quantile",0.99,48.5313069970607
2023-05-15,"3 wk ahead inc flu hosp",2023-06-03,"55","quantile",0.01,0.270729951557015
2023-05-15,"3 wk ahead inc flu hosp",2023-06-03,"55","quantile",0.025,0.434273173919743
2023-05-15,"3 wk ahead inc flu hosp",2023-06-03,"55","quantile",0.05,0.556322679871222
2023-05-15,"3 wk ahead inc flu hosp",2023-06-03,"55","quantile",0.1,0.740500957951819
2023-05-15,"3 wk ahead inc flu hosp",2023-06-03,"55","quantile",0.15,0.948419931036632
2023-05-15,"3 wk ahead inc flu hosp",2023-06-03,"55","quantile",0.2,1.2438074874578
2023-05-15,"3 wk ahead inc flu hosp",2023-06-03,"55","quantile",0.25,1.36468252113262
2023-05-15,"3 wk ahead inc flu hosp",2023-06-03,"55","quantile",0.3,1.73996047966211
2023-05-15,"3 wk ahead inc flu hosp",2023-06-03,"55","quantile",0.35,2.03897829133838
2023-05-15,"3 wk ahead inc flu hosp",2023-06-03,"55","quantile",0.4,2.42991824682666
2023-05-15,"3 wk ahead inc flu hosp",2023-06-03,"55","quantile",0.45,3.54202857650618
2023-05-15,"3 wk ahead inc flu hosp",2023-06-03,"55","quantile",0.5,4.23514809440745
2023-05-15,"3 wk ahead inc flu hosp",2023-06-03,"55","quantile",0.55,5.39885104977955
2023-05-15,"3 wk ahead inc flu hosp",2023-06-03,"55","quantile",0.6,7.20961387375277
2023-05-15,"3 wk ahead inc flu hosp",2023-06-03,"55","quantile",0.65,9.90621044846188
2023-05-15,"3 wk ahead inc flu hosp",2023-06-03,"55","quantile",0.7,12.0964518041385
2023-05-15,"3 wk ahead inc flu hosp",2023-06-03,"55","quantile",0.75,15.0781732028115
2023-05-15,"3 wk ahead inc flu hosp",2023-06-03,"55","quantile",0.8,18.3394047962812
2023-05-15,"3 wk ahead inc flu hosp",2023-06-03,"55","quantile",0.85,22.5057076432817
2023-05-15,"3 wk ahead inc flu hosp",2023-06-03,"55","quantile",0.9,27.1809488065341
2023-05-15,"3 wk ahead inc flu hosp",2023-06-03,"55","quantile",0.95,38.6550564450514
2023-05-15,"3 wk ahead inc flu hosp",2023-06-03,"55","quantile",0.975,49.128926210969
2023-05-15,"3 wk ahead inc flu hosp",2023-06-03,"55","quantile",0.99,64.7028791572059
2023-05-15,"4 wk ahead inc flu hosp",2023-06-10,"55","quantile",0.01,0.291061344439633
2023-05-15,"4 wk ahead inc flu hosp",2023-06-10,"55","quantile",0.025,0.463317423959985
2023-05-15,"4 wk ahead inc flu hosp",2023-06-10,"55","quantile",0.05,0.561256982960656
2023-05-15,"4 wk ahead inc flu hosp",2023-06-10,"55","quantile",0.1,0.719279887167522
2023-05-15,"4 wk ahead inc flu hosp",2023-06-10,"55","quantile",0.15,0.947721642033125
2023-05-15,"4 wk ahead inc flu hosp",2023-06-10,"55","quantile",0.2,1.15301336613633
2023-05-15,"4 wk ahead inc flu hosp",2023-06-10,"55","quantile",0.25,1.40085804137956
2023-05-15,"4 wk ahead inc flu hosp",2023-06-10,"55","quantile",0.3,1.69242783758946
2023-05-15,"4 wk ahead inc flu hosp",2023-06-10,"55","quantile",0.35,2.15814469729199
2023-05-15,"4 wk ahead inc flu hosp",2023-06-10,"55","quantile",0.4,2.72757800588273
2023-05-15,"4 wk ahead inc flu hosp",2023-06-10,"55","quantile",0.45,3.44992146063568
2023-05-15,"4 wk ahead inc flu hosp",2023-06-10,"55","quantile",0.5,4.96036914486481
2023-05-15,"4 wk ahead inc flu hosp",2023-06-10,"55","quantile",0.55,7.18786374394019
2023-05-15,"4 wk ahead inc flu hosp",2023-06-10,"55","quantile",0.6,9.33939241541242
2023-05-15,"4 wk ahead inc flu hosp",2023-06-10,"55","quantile",0.65,12.2140423767393
2023-05-15,"4 wk ahead inc flu hosp",2023-06-10,"55","quantile",0.7,17.3699805448953
2023-05-15,"4 wk ahead inc flu hosp",2023-06-10,"55","quantile",0.75,21.0769397558679
2023-05-15,"4 wk ahead inc flu hosp",2023-06-10,"55","quantile",0.8,26.5029479285183
2023-05-15,"4 wk ahead inc flu hosp",2023-06-10,"55","quantile",0.85,31.5860084984136
2023-05-15,"4 wk ahead inc flu hosp",2023-06-10,"55","quantile",0.9,37.3000774446797
2023-05-15,"4 wk ahead inc flu hosp",2023-06-10,"55","quantile",0.95,48.4582003461128
2023-05-15,"4 wk ahead inc flu hosp",2023-06-10,"55","quantile",0.975,60.0279828010151
2023-05-15,"4 wk ahead inc flu hosp",2023-06-10,"55","quantile",0.99,85.7559993485824
2023-05-15,"1 wk ahead inc flu hosp",2023-05-20,"56","quantile",0.01,0.0381354481282378
2023-05-15,"1 wk ahead inc flu hosp",2023-05-20,"56","quantile",0.025,0.0516412898862245
2023-05-15,"1 wk ahead inc flu hosp",2023-05-20,"56","quantile",0.05,0.0811552790263167
2023-05-15,"1 wk ahead inc flu hosp",2023-05-20,"56","quantile",0.1,0.134696759712764
2023-05-15,"1 wk ahead inc flu hosp",2023-05-20,"56","quantile",0.15,0.183565696467007
2023-05-15,"1 wk ahead inc flu hosp",2023-05-20,"56","quantile",0.2,0.229512938584102
2023-05-15,"1 wk ahead inc flu hosp",2023-05-20,"56","quantile",0.25,0.334753604236705
2023-05-15,"1 wk ahead inc flu hosp",2023-05-20,"56","quantile",0.3,0.38322913259588
2023-05-15,"1 wk ahead inc flu hosp",2023-05-20,"56","quantile",0.35,0.513990420177073
2023-05-15,"1 wk ahead inc flu hosp",2023-05-20,"56","quantile",0.4,0.641009676909266
2023-05-15,"1 wk ahead inc flu hosp",2023-05-20,"56","quantile",0.45,0.847096875341612
2023-05-15,"1 wk ahead inc flu hosp",2023-05-20,"56","quantile",0.5,1.16363849795942
2023-05-15,"1 wk ahead inc flu hosp",2023-05-20,"56","quantile",0.55,1.40417853121249
2023-05-15,"1 wk ahead inc flu hosp",2023-05-20,"56","quantile",0.6,1.80851993675832
2023-05-15,"1 wk ahead inc flu hosp",2023-05-20,"56","quantile",0.65,2.18462085853564
2023-05-15,"1 wk ahead inc flu hosp",2023-05-20,"56","quantile",0.7,2.60611342240001
2023-05-15,"1 wk ahead inc flu hosp",2023-05-20,"56","quantile",0.75,3.01722357147433
2023-05-15,"1 wk ahead inc flu hosp",2023-05-20,"56","quantile",0.8,3.53091285986515
2023-05-15,"1 wk ahead inc flu hosp",2023-05-20,"56","quantile",0.85,4.16284388695838
2023-05-15,"1 wk ahead inc flu hosp",2023-05-20,"56","quantile",0.9,5.41863084793173
2023-05-15,"1 wk ahead inc flu hosp",2023-05-20,"56","quantile",0.95,6.90508308794051
2023-05-15,"1 wk ahead inc flu hosp",2023-05-20,"56","quantile",0.975,8.34142249830687
2023-05-15,"1 wk ahead inc flu hosp",2023-05-20,"56","quantile",0.99,9.97667608886733
2023-05-15,"2 wk ahead inc flu hosp",2023-05-27,"56","quantile",0.01,0.0393142928920516
2023-05-15,"2 wk ahead inc flu hosp",2023-05-27,"56","quantile",0.025,0.0553234336043139
2023-05-15,"2 wk ahead inc flu hosp",2023-05-27,"56","quantile",0.05,0.0814740878233319
2023-05-15,"2 wk ahead inc flu hosp",2023-05-27,"56","quantile",0.1,0.124722334801062
2023-05-15,"2 wk ahead inc flu hosp",2023-05-27,"56","quantile",0.15,0.15925649854114
2023-05-15,"2 wk ahead inc flu hosp",2023-05-27,"56","quantile",0.2,0.193495530821036
2023-05-15,"2 wk ahead inc flu hosp",2023-05-27,"56","quantile",0.25,0.293852524839253
2023-05-15,"2 wk ahead inc flu hosp",2023-05-27,"56","quantile",0.3,0.341984446658777
2023-05-15,"2 wk ahead inc flu hosp",2023-05-27,"56","quantile",0.35,0.422182135150014
2023-05-15,"2 wk ahead inc flu hosp",2023-05-27,"56","quantile",0.4,0.605777870304662
2023-05-15,"2 wk ahead inc flu hosp",2023-05-27,"56","quantile",0.45,0.934715403526139
2023-05-15,"2 wk ahead inc flu hosp",2023-05-27,"56","quantile",0.5,1.33996919031256
2023-05-15,"2 wk ahead inc flu hosp",2023-05-27,"56","quantile",0.55,1.59264644840213
2023-05-15,"2 wk ahead inc flu hosp",2023-05-27,"56","quantile",0.6,2.14100676711106
2023-05-15,"2 wk ahead inc flu hosp",2023-05-27,"56","quantile",0.65,2.55307721883674
2023-05-15,"2 wk ahead inc flu hosp",2023-05-27,"56","quantile",0.7,2.96405500142975
2023-05-15,"2 wk ahead inc flu hosp",2023-05-27,"56","quantile",0.75,3.6563883923366
2023-05-15,"2 wk ahead inc flu hosp",2023-05-27,"56","quantile",0.8,4.49083288598842
2023-05-15,"2 wk ahead inc flu hosp",2023-05-27,"56","quantile",0.85,5.84241517480559
2023-05-15,"2 wk ahead inc flu hosp",2023-05-27,"56","quantile",0.9,7.3527086705279
2023-05-15,"2 wk ahead inc flu hosp",2023-05-27,"56","quantile",0.95,9.16793339202439
2023-05-15,"2 wk ahead inc flu hosp",2023-05-27,"56","quantile",0.975,10.7131640156148
2023-05-15,"2 wk ahead inc flu hosp",2023-05-27,"56","quantile",0.99,13.3508618630142
2023-05-15,"3 wk ahead inc flu hosp",2023-06-03,"56","quantile",0.01,0.0377953070313264
2023-05-15,"3 wk ahead inc flu hosp",2023-06-03,"56","quantile",0.025,0.0501052215976972
2023-05-15,"3 wk ahead inc flu hosp",2023-06-03,"56","quantile",0.05,0.0727561198062526
2023-05-15,"3 wk ahead inc flu hosp",2023-06-03,"56","quantile",0.1,0.109446795435821
2023-05-15,"3 wk ahead inc flu hosp",2023-06-03,"56","quantile",0.15,0.143971100827853
2023-05-15,"3 wk ahead inc flu hosp",2023-06-03,"56","quantile",0.2,0.184631037902146
2023-05-15,"3 wk ahead inc flu hosp",2023-06-03,"56","quantile",0.25,0.315551368666324
2023-05-15,"3 wk ahead inc flu hosp",2023-06-03,"56","quantile",0.3,0.456780298387651
2023-05-15,"3 wk ahead inc flu hosp",2023-06-03,"56","quantile",0.35,0.572863057603471
2023-05-15,"3 wk ahead inc flu hosp",2023-06-03,"56","quantile",0.4,0.807300389278404
2023-05-15,"3 wk ahead inc flu hosp",2023-06-03,"56","quantile",0.45,1.19015871227031
2023-05-15,"3 wk ahead inc flu hosp",2023-06-03,"56","quantile",0.5,1.57566488187396
2023-05-15,"3 wk ahead inc flu hosp",2023-06-03,"56","quantile",0.55,2.01484244314002
2023-05-15,"3 wk ahead inc flu hosp",2023-06-03,"56","quantile",0.6,2.40498360137033
2023-05-15,"3 wk ahead inc flu hosp",2023-06-03,"56","quantile",0.65,3.01097576421352
2023-05-15,"3 wk ahead inc flu hosp",2023-06-03,"56","quantile",0.7,3.72239117936204
2023-05-15,"3 wk ahead inc flu hosp",2023-06-03,"56","quantile",0.75,4.38146760313746
2023-05-15,"3 wk ahead inc flu hosp",2023-06-03,"56","quantile",0.8,5.71566134699073
2023-05-15,"3 wk ahead inc flu hosp",2023-06-03,"56","quantile",0.85,6.74386202461447
2023-05-15,"3 wk ahead inc flu hosp",2023-06-03,"56","quantile",0.9,8.36076137907285
2023-05-15,"3 wk ahead inc flu hosp",2023-06-03,"56","quantile",0.95,11.5366313047414
2023-05-15,"3 wk ahead inc flu hosp",2023-06-03,"56","quantile",0.975,13.9700787929086
2023-05-15,"3 wk ahead inc flu hosp",2023-06-03,"56","quantile",0.99,17.30412773823
2023-05-15,"4 wk ahead inc flu hosp",2023-06-10,"56","quantile",0.01,0.0400984063424661
2023-05-15,"4 wk ahead inc flu hosp",2023-06-10,"56","quantile",0.025,0.0523368898335532
2023-05-15,"4 wk ahead inc flu hosp",2023-06-10,"56","quantile",0.05,0.0699613149231006
2023-05-15,"4 wk ahead inc flu hosp",2023-06-10,"56","quantile",0.1,0.0945716952472035
2023-05-15,"4 wk ahead inc flu hosp",2023-06-10,"56","quantile",0.15,0.130438378251097
2023-05-15,"4 wk ahead inc flu hosp",2023-06-10,"56","quantile",0.2,0.163475751546699
2023-05-15,"4 wk ahead inc flu hosp",2023-06-10,"56","quantile",0.25,0.291970997600036
2023-05-15,"4 wk ahead inc flu hosp",2023-06-10,"56","quantile",0.3,0.55861489495371
2023-05-15,"4 wk ahead inc flu hosp",2023-06-10,"56","quantile",0.35,0.849491221038179
2023-05-15,"4 wk ahead inc flu hosp",2023-06-10,"56","quantile",0.4,1.04855314035926
2023-05-15,"4 wk ahead inc flu hosp",2023-06-10,"56","quantile",0.45,1.73750412577079
2023-05-15,"4 wk ahead inc flu hosp",2023-06-10,"56","quantile",0.5,2.13063289044038
2023-05-15,"4 wk ahead inc flu hosp",2023-06-10,"56","quantile",0.55,2.76087287093821
2023-05-15,"4 wk ahead inc flu hosp",2023-06-10,"56","quantile",0.6,3.19747245507031
2023-05-15,"4 wk ahead inc flu hosp",2023-06-10,"56","quantile",0.65,3.97580327094634
2023-05-15,"4 wk ahead inc flu hosp",2023-06-10,"56","quantile",0.7,4.9283381636824
2023-05-15,"4 wk ahead inc flu hosp",2023-06-10,"56","quantile",0.75,5.72384471257038
2023-05-15,"4 wk ahead inc flu hosp",2023-06-10,"56","quantile",0.8,6.61149074478847
2023-05-15,"4 wk ahead inc flu hosp",2023-06-10,"56","quantile",0.85,7.85833931186874
2023-05-15,"4 wk ahead inc flu hosp",2023-06-10,"56","quantile",0.9,11.0500859292663
2023-05-15,"4 wk ahead inc flu hosp",2023-06-10,"56","quantile",0.95,14.0134401018632
2023-05-15,"4 wk ahead inc flu hosp",2023-06-10,"56","quantile",0.975,16.888396142439
2023-05-15,"4 wk ahead inc flu hosp",2023-06-10,"56","quantile",0.99,21.4323785434682
2023-05-15,"1 wk ahead inc flu hosp",2023-05-20,"72","quantile",0.01,15.3104356436614
2023-05-15,"1 wk ahead inc flu hosp",2023-05-20,"72","quantile",0.025,19.6711020072695
2023-05-15,"1 wk ahead inc flu hosp",2023-05-20,"72","quantile",0.05,22.3822766962232
2023-05-15,"1 wk ahead inc flu hosp",2023-05-20,"72","quantile",0.1,27.0565228257162
2023-05-15,"1 wk ahead inc flu hosp",2023-05-20,"72","quantile",0.15,29.7788728204007
2023-05-15,"1 wk ahead inc flu hosp",2023-05-20,"72","quantile",0.2,32.2661737051153
2023-05-15,"1 wk ahead inc flu hosp",2023-05-20,"72","quantile",0.25,34.7644782292732
2023-05-15,"1 wk ahead inc flu hosp",2023-05-20,"72","quantile",0.3,36.849423573561
2023-05-15,"1 wk ahead inc flu hosp",2023-05-20,"72","quantile",0.35,38.9913945743602
2023-05-15,"1 wk ahead inc flu hosp",2023-05-20,"72","quantile",0.4,41.100368494009
2023-05-15,"1 wk ahead inc flu hosp",2023-05-20,"72","quantile",0.45,43.0028891916589
2023-05-15,"1 wk ahead inc flu hosp",2023-05-20,"72","quantile",0.5,45.0849716814712
2023-05-15,"1 wk ahead inc flu hosp",2023-05-20,"72","quantile",0.55,47.2815275582457
2023-05-15,"1 wk ahead inc flu hosp",2023-05-20,"72","quantile",0.6,49.1024715223677
2023-05-15,"1 wk ahead inc flu hosp",2023-05-20,"72","quantile",0.65,50.909607311265
2023-05-15,"1 wk ahead inc flu hosp",2023-05-20,"72","quantile",0.7,52.950505967727
2023-05-15,"1 wk ahead inc flu hosp",2023-05-20,"72","quantile",0.75,55.5972626121368
2023-05-15,"1 wk ahead inc flu hosp",2023-05-20,"72","quantile",0.8,59.0210397941835
2023-05-15,"1 wk ahead inc flu hosp",2023-05-20,"72","quantile",0.85,62.6856307844647
2023-05-15,"1 wk ahead inc flu hosp",2023-05-20,"72","quantile",0.9,68.5588285987659
2023-05-15,"1 wk ahead inc flu hosp",2023-05-20,"72","quantile",0.95,75.7062511292192
2023-05-15,"1 wk ahead inc flu hosp",2023-05-20,"72","quantile",0.975,84.2649429549246
2023-05-15,"1 wk ahead inc flu hosp",2023-05-20,"72","quantile",0.99,93.6735532002561
2023-05-15,"2 wk ahead inc flu hosp",2023-05-27,"72","quantile",0.01,10.2765736496131
2023-05-15,"2 wk ahead inc flu hosp",2023-05-27,"72","quantile",0.025,14.0189647843706
2023-05-15,"2 wk ahead inc flu hosp",2023-05-27,"72","quantile",0.05,17.2082886609526
2023-05-15,"2 wk ahead inc flu hosp",2023-05-27,"72","quantile",0.1,21.6931347357804
2023-05-15,"2 wk ahead inc flu hosp",2023-05-27,"72","quantile",0.15,25.0368132000692
2023-05-15,"2 wk ahead inc flu hosp",2023-05-27,"72","quantile",0.2,28.1606490221382
2023-05-15,"2 wk ahead inc flu hosp",2023-05-27,"72","quantile",0.25,31.4620616938485
2023-05-15,"2 wk ahead inc flu hosp",2023-05-27,"72","quantile",0.3,34.3102727372425
2023-05-15,"2 wk ahead inc flu hosp",2023-05-27,"72","quantile",0.35,36.9689364448372
2023-05-15,"2 wk ahead inc flu hosp",2023-05-27,"72","quantile",0.4,39.8425576203127
2023-05-15,"2 wk ahead inc flu hosp",2023-05-27,"72","quantile",0.45,42.0522050940604
2023-05-15,"2 wk ahead inc flu hosp",2023-05-27,"72","quantile",0.5,44.5764869778015
2023-05-15,"2 wk ahead inc flu hosp",2023-05-27,"72","quantile",0.55,47.2996923321786
2023-05-15,"2 wk ahead inc flu hosp",2023-05-27,"72","quantile",0.6,49.57465056194
2023-05-15,"2 wk ahead inc flu hosp",2023-05-27,"72","quantile",0.65,52.6313369907906
2023-05-15,"2 wk ahead inc flu hosp",2023-05-27,"72","quantile",0.7,55.5204271080161
2023-05-15,"2 wk ahead inc flu hosp",2023-05-27,"72","quantile",0.75,58.8741559895469
2023-05-15,"2 wk ahead inc flu hosp",2023-05-27,"72","quantile",0.8,63.4412449733273
2023-05-15,"2 wk ahead inc flu hosp",2023-05-27,"72","quantile",0.85,68.9638926041692
2023-05-15,"2 wk ahead inc flu hosp",2023-05-27,"72","quantile",0.9,75.8553008783961
2023-05-15,"2 wk ahead inc flu hosp",2023-05-27,"72","quantile",0.95,86.2819658381987
2023-05-15,"2 wk ahead inc flu hosp",2023-05-27,"72","quantile",0.975,97.4324967888448
2023-05-15,"2 wk ahead inc flu hosp",2023-05-27,"72","quantile",0.99,114.440034087511
2023-05-15,"3 wk ahead inc flu hosp",2023-06-03,"72","quantile",0.01,7.91878562446866
2023-05-15,"3 wk ahead inc flu hosp",2023-06-03,"72","quantile",0.025,10.9451126907005
2023-05-15,"3 wk ahead inc flu hosp",2023-06-03,"72","quantile",0.05,13.8849218589383
2023-05-15,"3 wk ahead inc flu hosp",2023-06-03,"72","quantile",0.1,18.9447682620056
2023-05-15,"3 wk ahead inc flu hosp",2023-06-03,"72","quantile",0.15,22.4214579308287
2023-05-15,"3 wk ahead inc flu hosp",2023-06-03,"72","quantile",0.2,25.611955800468
2023-05-15,"3 wk ahead inc flu hosp",2023-06-03,"72","quantile",0.25,28.8377404138929
2023-05-15,"3 wk ahead inc flu hosp",2023-06-03,"72","quantile",0.3,31.9743589933349
2023-05-15,"3 wk ahead inc flu hosp",2023-06-03,"72","quantile",0.35,35.5558509705791
2023-05-15,"3 wk ahead inc flu hosp",2023-06-03,"72","quantile",0.4,38.3820848640064
2023-05-15,"3 wk ahead inc flu hosp",2023-06-03,"72","quantile",0.45,40.8104992170356
2023-05-15,"3 wk ahead inc flu hosp",2023-06-03,"72","quantile",0.5,43.7479610063128
2023-05-15,"3 wk ahead inc flu hosp",2023-06-03,"72","quantile",0.55,47.2277270754132
2023-05-15,"3 wk ahead inc flu hosp",2023-06-03,"72","quantile",0.6,50.1928237248208
2023-05-15,"3 wk ahead inc flu hosp",2023-06-03,"72","quantile",0.65,53.3781271817407
2023-05-15,"3 wk ahead inc flu hosp",2023-06-03,"72","quantile",0.7,57.3833333600415
2023-05-15,"3 wk ahead inc flu hosp",2023-06-03,"72","quantile",0.75,61.3208350345295
2023-05-15,"3 wk ahead inc flu hosp",2023-06-03,"72","quantile",0.8,66.4916456591482
2023-05-15,"3 wk ahead inc flu hosp",2023-06-03,"72","quantile",0.85,72.8268067708914
2023-05-15,"3 wk ahead inc flu hosp",2023-06-03,"72","quantile",0.9,82.6367700298865
2023-05-15,"3 wk ahead inc flu hosp",2023-06-03,"72","quantile",0.95,96.0736997420451
2023-05-15,"3 wk ahead inc flu hosp",2023-06-03,"72","quantile",0.975,110.890476415067
2023-05-15,"3 wk ahead inc flu hosp",2023-06-03,"72","quantile",0.99,132.295983735121
2023-05-15,"4 wk ahead inc flu hosp",2023-06-10,"72","quantile",0.01,6.48933714049083
2023-05-15,"4 wk ahead inc flu hosp",2023-06-10,"72","quantile",0.025,9.01028835988869
2023-05-15,"4 wk ahead inc flu hosp",2023-06-10,"72","quantile",0.05,11.9431325270729
2023-05-15,"4 wk ahead inc flu hosp",2023-06-10,"72","quantile",0.1,16.7106249198025
2023-05-15,"4 wk ahead inc flu hosp",2023-06-10,"72","quantile",0.15,19.8671027092765
2023-05-15,"4 wk ahead inc flu hosp",2023-06-10,"72","quantile",0.2,22.8645952978224
2023-05-15,"4 wk ahead inc flu hosp",2023-06-10,"72","quantile",0.25,26.1368979384276
2023-05-15,"4 wk ahead inc flu hosp",2023-06-10,"72","quantile",0.3,29.6718609284904
2023-05-15,"4 wk ahead inc flu hosp",2023-06-10,"72","quantile",0.35,33.4979969486083
2023-05-15,"4 wk ahead inc flu hosp",2023-06-10,"72","quantile",0.4,36.288852739958
2023-05-15,"4 wk ahead inc flu hosp",2023-06-10,"72","quantile",0.45,39.4822244465844
2023-05-15,"4 wk ahead inc flu hosp",2023-06-10,"72","quantile",0.5,42.8473225372105
2023-05-15,"4 wk ahead inc flu hosp",2023-06-10,"72","quantile",0.55,47.4729825709725
2023-05-15,"4 wk ahead inc flu hosp",2023-06-10,"72","quantile",0.6,51.4670250505637
2023-05-15,"4 wk ahead inc flu hosp",2023-06-10,"72","quantile",0.65,55.4533854855342
2023-05-15,"4 wk ahead inc flu hosp",2023-06-10,"72","quantile",0.7,60.2541605566529
2023-05-15,"4 wk ahead inc flu hosp",2023-06-10,"72","quantile",0.75,65.8131407718418
2023-05-15,"4 wk ahead inc flu hosp",2023-06-10,"72","quantile",0.8,72.4231764362332
2023-05-15,"4 wk ahead inc flu hosp",2023-06-10,"72","quantile",0.85,80.2505693134827
2023-05-15,"4 wk ahead inc flu hosp",2023-06-10,"72","quantile",0.9,91.9276161185982
2023-05-15,"4 wk ahead inc flu hosp",2023-06-10,"72","quantile",0.95,108.079311083399
2023-05-15,"4 wk ahead inc flu hosp",2023-06-10,"72","quantile",0.975,127.665884513906
2023-05-15,"4 wk ahead inc flu hosp",2023-06-10,"72","quantile",0.99,158.066345830118
2023-05-15,"1 wk ahead inc flu hosp",2023-05-20,"78","quantile",0.01,0.0714555217538561
2023-05-15,"1 wk ahead inc flu hosp",2023-05-20,"78","quantile",0.025,0.0755591233713286
2023-05-15,"1 wk ahead inc flu hosp",2023-05-20,"78","quantile",0.05,0.0816935099448477
2023-05-15,"1 wk ahead inc flu hosp",2023-05-20,"78","quantile",0.1,0.0871332080023629
2023-05-15,"1 wk ahead inc flu hosp",2023-05-20,"78","quantile",0.15,0.0890933156864984
2023-05-15,"1 wk ahead inc flu hosp",2023-05-20,"78","quantile",0.2,0.109241291114262
2023-05-15,"1 wk ahead inc flu hosp",2023-05-20,"78","quantile",0.25,0.125884778499603
2023-05-15,"1 wk ahead inc flu hosp",2023-05-20,"78","quantile",0.3,0.141202374185835
2023-05-15,"1 wk ahead inc flu hosp",2023-05-20,"78","quantile",0.35,0.162431115678379
2023-05-15,"1 wk ahead inc flu hosp",2023-05-20,"78","quantile",0.4,0.177091921397618
2023-05-15,"1 wk ahead inc flu hosp",2023-05-20,"78","quantile",0.45,0.193260422008378
2023-05-15,"1 wk ahead inc flu hosp",2023-05-20,"78","quantile",0.5,0.213361403942111
2023-05-15,"1 wk ahead inc flu hosp",2023-05-20,"78","quantile",0.55,0.237085207014191
2023-05-15,"1 wk ahead inc flu hosp",2023-05-20,"78","quantile",0.6,0.261511680167109
2023-05-15,"1 wk ahead inc flu hosp",2023-05-20,"78","quantile",0.65,0.288825258570156
2023-05-15,"1 wk ahead inc flu hosp",2023-05-20,"78","quantile",0.7,0.321219183731493
2023-05-15,"1 wk ahead inc flu hosp",2023-05-20,"78","quantile",0.75,0.357806460737593
2023-05-15,"1 wk ahead inc flu hosp",2023-05-20,"78","quantile",0.8,0.40437948857215
2023-05-15,"1 wk ahead inc flu hosp",2023-05-20,"78","quantile",0.85,0.455520025824778
2023-05-15,"1 wk ahead inc flu hosp",2023-05-20,"78","quantile",0.9,0.523565376243288
2023-05-15,"1 wk ahead inc flu hosp",2023-05-20,"78","quantile",0.95,0.696064238774771
2023-05-15,"1 wk ahead inc flu hosp",2023-05-20,"78","quantile",0.975,0.849983243794522
2023-05-15,"1 wk ahead inc flu hosp",2023-05-20,"78","quantile",0.99,1.19442118389336
2023-05-15,"2 wk ahead inc flu hosp",2023-05-27,"78","quantile",0.01,0.0657077932357788
2023-05-15,"2 wk ahead inc flu hosp",2023-05-27,"78","quantile",0.025,0.0759488659671375
2023-05-15,"2 wk ahead inc flu hosp",2023-05-27,"78","quantile",0.05,0.0809598203642028
2023-05-15,"2 wk ahead inc flu hosp",2023-05-27,"78","quantile",0.1,0.0895716333389282
2023-05-15,"2 wk ahead inc flu hosp",2023-05-27,"78","quantile",0.15,0.0906630046027047
2023-05-15,"2 wk ahead inc flu hosp",2023-05-27,"78","quantile",0.2,0.105431051935468
2023-05-15,"2 wk ahead inc flu hosp",2023-05-27,"78","quantile",0.25,0.123261978115354
2023-05-15,"2 wk ahead inc flu hosp",2023-05-27,"78","quantile",0.3,0.137833343573979
2023-05-15,"2 wk ahead inc flu hosp",2023-05-27,"78","quantile",0.35,0.153569401843207
2023-05-15,"2 wk ahead inc flu hosp",2023-05-27,"78","quantile",0.4,0.172238264083862
2023-05-15,"2 wk ahead inc flu hosp",2023-05-27,"78","quantile",0.45,0.18926255771092
2023-05-15,"2 wk ahead inc flu hosp",2023-05-27,"78","quantile",0.5,0.210258857011799
2023-05-15,"2 wk ahead inc flu hosp",2023-05-27,"78","quantile",0.55,0.24424470404802
2023-05-15,"2 wk ahead inc flu hosp",2023-05-27,"78","quantile",0.6,0.278509920403896
2023-05-15,"2 wk ahead inc flu hosp",2023-05-27,"78","quantile",0.65,0.32105003732674
2023-05-15,"2 wk ahead inc flu hosp",2023-05-27,"78","quantile",0.7,0.363166756974393
2023-05-15,"2 wk ahead inc flu hosp",2023-05-27,"78","quantile",0.75,0.414738780235113
2023-05-15,"2 wk ahead inc flu hosp",2023-05-27,"78","quantile",0.8,0.474989744876912
2023-05-15,"2 wk ahead inc flu hosp",2023-05-27,"78","quantile",0.85,0.555870576554521
2023-05-15,"2 wk ahead inc flu hosp",2023-05-27,"78","quantile",0.9,0.667927987210506
2023-05-15,"2 wk ahead inc flu hosp",2023-05-27,"78","quantile",0.95,0.822915112410083
2023-05-15,"2 wk ahead inc flu hosp",2023-05-27,"78","quantile",0.975,1.01734886922062
2023-05-15,"2 wk ahead inc flu hosp",2023-05-27,"78","quantile",0.99,1.36001782163239
2023-05-15,"3 wk ahead inc flu hosp",2023-06-03,"78","quantile",0.01,0.0692465730650084
2023-05-15,"3 wk ahead inc flu hosp",2023-06-03,"78","quantile",0.025,0.0806957670620509
2023-05-15,"3 wk ahead inc flu hosp",2023-06-03,"78","quantile",0.05,0.0821737161704472
2023-05-15,"3 wk ahead inc flu hosp",2023-06-03,"78","quantile",0.1,0.084028080531529
2023-05-15,"3 wk ahead inc flu hosp",2023-06-03,"78","quantile",0.15,0.0854086797152247
2023-05-15,"3 wk ahead inc flu hosp",2023-06-03,"78","quantile",0.2,0.0985910480363028
2023-05-15,"3 wk ahead inc flu hosp",2023-06-03,"78","quantile",0.25,0.11456427693367
2023-05-15,"3 wk ahead inc flu hosp",2023-06-03,"78","quantile",0.3,0.129382766314915
2023-05-15,"3 wk ahead inc flu hosp",2023-06-03,"78","quantile",0.35,0.142643527047975
2023-05-15,"3 wk ahead inc flu hosp",2023-06-03,"78","quantile",0.4,0.152460957935878
2023-05-15,"3 wk ahead inc flu hosp",2023-06-03,"78","quantile",0.45,0.173719059910093
2023-05-15,"3 wk ahead inc flu hosp",2023-06-03,"78","quantile",0.5,0.195215671062473
2023-05-15,"3 wk ahead inc flu hosp",2023-06-03,"78","quantile",0.55,0.232108081401283
2023-05-15,"3 wk ahead inc flu hosp",2023-06-03,"78","quantile",0.6,0.279935628880278
2023-05-15,"3 wk ahead inc flu hosp",2023-06-03,"78","quantile",0.65,0.328431858687299
2023-05-15,"3 wk ahead inc flu hosp",2023-06-03,"78","quantile",0.7,0.394324499578102
2023-05-15,"3 wk ahead inc flu hosp",2023-06-03,"78","quantile",0.75,0.464520730870099
2023-05-15,"3 wk ahead inc flu hosp",2023-06-03,"78","quantile",0.8,0.536575762274824
2023-05-15,"3 wk ahead inc flu hosp",2023-06-03,"78","quantile",0.85,0.625463186865596
2023-05-15,"3 wk ahead inc flu hosp",2023-06-03,"78","quantile",0.9,0.740975736730305
2023-05-15,"3 wk ahead inc flu hosp",2023-06-03,"78","quantile",0.95,0.92168821855485
2023-05-15,"3 wk ahead inc flu hosp",2023-06-03,"78","quantile",0.975,1.27505661993679
2023-05-15,"3 wk ahead inc flu hosp",2023-06-03,"78","quantile",0.99,1.74308687671813
2023-05-15,"4 wk ahead inc flu hosp",2023-06-10,"78","quantile",0.01,0.0666001159804208
2023-05-15,"4 wk ahead inc flu hosp",2023-06-10,"78","quantile",0.025,0.0719517028331757
2023-05-15,"4 wk ahead inc flu hosp",2023-06-10,"78","quantile",0.05,0.0760345841731344
2023-05-15,"4 wk ahead inc flu hosp",2023-06-10,"78","quantile",0.1,0.0856431217704501
2023-05-15,"4 wk ahead inc flu hosp",2023-06-10,"78","quantile",0.15,0.0897687117542539
2023-05-15,"4 wk ahead inc flu hosp",2023-06-10,"78","quantile",0.2,0.101575655255999
2023-05-15,"4 wk ahead inc flu hosp",2023-06-10,"78","quantile",0.25,0.115370820675577
2023-05-15,"4 wk ahead inc flu hosp",2023-06-10,"78","quantile",0.3,0.128588029997689
2023-05-15,"4 wk ahead inc flu hosp",2023-06-10,"78","quantile",0.35,0.141339788607189
2023-05-15,"4 wk ahead inc flu hosp",2023-06-10,"78","quantile",0.4,0.151495245524815
2023-05-15,"4 wk ahead inc flu hosp",2023-06-10,"78","quantile",0.45,0.169912442224366
2023-05-15,"4 wk ahead inc flu hosp",2023-06-10,"78","quantile",0.5,0.196330117498129
2023-05-15,"4 wk ahead inc flu hosp",2023-06-10,"78","quantile",0.55,0.236144829284074
2023-05-15,"4 wk ahead inc flu hosp",2023-06-10,"78","quantile",0.6,0.285519440759674
2023-05-15,"4 wk ahead inc flu hosp",2023-06-10,"78","quantile",0.65,0.345859711557005
2023-05-15,"4 wk ahead inc flu hosp",2023-06-10,"78","quantile",0.7,0.405855700261829
2023-05-15,"4 wk ahead inc flu hosp",2023-06-10,"78","quantile",0.75,0.476096604962977
2023-05-15,"4 wk ahead inc flu hosp",2023-06-10,"78","quantile",0.8,0.561042729378246
2023-05-15,"4 wk ahead inc flu hosp",2023-06-10,"78","quantile",0.85,0.655884317662378
2023-05-15,"4 wk ahead inc flu hosp",2023-06-10,"78","quantile",0.9,0.796424318320758
2023-05-15,"4 wk ahead inc flu hosp",2023-06-10,"78","quantile",0.95,0.973136542979119
2023-05-15,"4 wk ahead inc flu hosp",2023-06-10,"78","quantile",0.975,1.21943068974301
2023-05-15,"4 wk ahead inc flu hosp",2023-06-10,"78","quantile",0.99,1.50770046779994
2023-05-15,"1 wk ahead inc flu hosp",2023-05-20,"US","quantile",0.01,377.153799262096
2023-05-15,"1 wk ahead inc flu hosp",2023-05-20,"US","quantile",0.025,432.787554844092
2023-05-15,"1 wk ahead inc flu hosp",2023-05-20,"US","quantile",0.05,485.332739545029
2023-05-15,"1 wk ahead inc flu hosp",2023-05-20,"US","quantile",0.1,565.31673732031
2023-05-15,"1 wk ahead inc flu hosp",2023-05-20,"US","quantile",0.15,631.298800262186
2023-05-15,"1 wk ahead inc flu hosp",2023-05-20,"US","quantile",0.2,692.529163819169
2023-05-15,"1 wk ahead inc flu hosp",2023-05-20,"US","quantile",0.25,736.347479884329
2023-05-15,"1 wk ahead inc flu hosp",2023-05-20,"US","quantile",0.3,780.416041591374
2023-05-15,"1 wk ahead inc flu hosp",2023-05-20,"US","quantile",0.35,822.732182023719
2023-05-15,"1 wk ahead inc flu hosp",2023-05-20,"US","quantile",0.4,861.655640113556
2023-05-15,"1 wk ahead inc flu hosp",2023-05-20,"US","quantile",0.45,903.249909513635
2023-05-15,"1 wk ahead inc flu hosp",2023-05-20,"US","quantile",0.5,950.149727541405
2023-05-15,"1 wk ahead inc flu hosp",2023-05-20,"US","quantile",0.55,988.997333852062
2023-05-15,"1 wk ahead inc flu hosp",2023-05-20,"US","quantile",0.6,1032.56200391672
2023-05-15,"1 wk ahead inc flu hosp",2023-05-20,"US","quantile",0.65,1070.57976458541
2023-05-15,"1 wk ahead inc flu hosp",2023-05-20,"US","quantile",0.7,1131.05052512531
2023-05-15,"1 wk ahead inc flu hosp",2023-05-20,"US","quantile",0.75,1192.96960523623
2023-05-15,"1 wk ahead inc flu hosp",2023-05-20,"US","quantile",0.8,1283.13764640493
2023-05-15,"1 wk ahead inc flu hosp",2023-05-20,"US","quantile",0.85,1368.01155181446
2023-05-15,"1 wk ahead inc flu hosp",2023-05-20,"US","quantile",0.9,1496.16924745084
2023-05-15,"1 wk ahead inc flu hosp",2023-05-20,"US","quantile",0.95,1654.10125710686
2023-05-15,"1 wk ahead inc flu hosp",2023-05-20,"US","quantile",0.975,1813.1521221658
2023-05-15,"1 wk ahead inc flu hosp",2023-05-20,"US","quantile",0.99,2459.82262428061
2023-05-15,"2 wk ahead inc flu hosp",2023-05-27,"US","quantile",0.01,302.265688651993
2023-05-15,"2 wk ahead inc flu hosp",2023-05-27,"US","quantile",0.025,347.957512235839
2023-05-15,"2 wk ahead inc flu hosp",2023-05-27,"US","quantile",0.05,398.302143768854
2023-05-15,"2 wk ahead inc flu hosp",2023-05-27,"US","quantile",0.1,462.490340654721
2023-05-15,"2 wk ahead inc flu hosp",2023-05-27,"US","quantile",0.15,514.339902615403
2023-05-15,"2 wk ahead inc flu hosp",2023-05-27,"US","quantile",0.2,566.148574338417
2023-05-15,"2 wk ahead inc flu hosp",2023-05-27,"US","quantile",0.25,610.698315376763
2023-05-15,"2 wk ahead inc flu hosp",2023-05-27,"US","quantile",0.3,661.136709899382
2023-05-15,"2 wk ahead inc flu hosp",2023-05-27,"US","quantile",0.35,721.589403901974
2023-05-15,"2 wk ahead inc flu hosp",2023-05-27,"US","quantile",0.4,781.961003675224
2023-05-15,"2 wk ahead inc flu hosp",2023-05-27,"US","quantile",0.45,839.962442824196
2023-05-15,"2 wk ahead inc flu hosp",2023-05-27,"US","quantile",0.5,902.623116428803
2023-05-15,"2 wk ahead inc flu hosp",2023-05-27,"US","quantile",0.55,966.588993666754
2023-05-15,"2 wk ahead inc flu hosp",2023-05-27,"US","quantile",0.6,1024.37759536601
2023-05-15,"2 wk ahead inc flu hosp",2023-05-27,"US","quantile",0.65,1101.67448465602
2023-05-15,"2 wk ahead inc flu hosp",2023-05-27,"US","quantile",0.7,1180.85052729134
2023-05-15,"2 wk ahead inc flu hosp",2023-05-27,"US","quantile",0.75,1255.57474514329
2023-05-15,"2 wk ahead inc flu hosp",2023-05-27,"US","quantile",0.8,1370.04942199212
2023-05-15,"2 wk ahead inc flu hosp",2023-05-27,"US","quantile",0.85,1509.54168336686
2023-05-15,"2 wk ahead inc flu hosp",2023-05-27,"US","quantile",0.9,1682.74810341912
2023-05-15,"2 wk ahead inc flu hosp",2023-05-27,"US","quantile",0.95,1938.11436796291
2023-05-15,"2 wk ahead inc flu hosp",2023-05-27,"US","quantile",0.975,2205.65676097225
2023-05-15,"2 wk ahead inc flu hosp",2023-05-27,"US","quantile",0.99,10426.2396329265
2023-05-15,"3 wk ahead inc flu hosp",2023-06-03,"US","quantile",0.01,272.480540819827
2023-05-15,"3 wk ahead inc flu hosp",2023-06-03,"US","quantile",0.025,304.987925492896
2023-05-15,"3 wk ahead inc flu hosp",2023-06-03,"US","quantile",0.05,351.609623324278
2023-05-15,"3 wk ahead inc flu hosp",2023-06-03,"US","quantile",0.1,412.608393489701
2023-05-15,"3 wk ahead inc flu hosp",2023-06-03,"US","quantile",0.15,458.559845623237
2023-05-15,"3 wk ahead inc flu hosp",2023-06-03,"US","quantile",0.2,508.29161508522
2023-05-15,"3 wk ahead inc flu hosp",2023-06-03,"US","quantile",0.25,550.909288419903
2023-05-15,"3 wk ahead inc flu hosp",2023-06-03,"US","quantile",0.3,599.500379161085
2023-05-15,"3 wk ahead inc flu hosp",2023-06-03,"US","quantile",0.35,648.71018811797
2023-05-15,"3 wk ahead inc flu hosp",2023-06-03,"US","quantile",0.4,715.783931108108
2023-05-15,"3 wk ahead inc flu hosp",2023-06-03,"US","quantile",0.45,791.523004770373
2023-05-15,"3 wk ahead inc flu hosp",2023-06-03,"US","quantile",0.5,869.701525343702
2023-05-15,"3 wk ahead inc flu hosp",2023-06-03,"US","quantile",0.55,940.427976502167
2023-05-15,"3 wk ahead inc flu hosp",2023-06-03,"US","quantile",0.6,1038.37633620825
2023-05-15,"3 wk ahead inc flu hosp",2023-06-03,"US","quantile",0.65,1113.58658199487
2023-05-15,"3 wk ahead inc flu hosp",2023-06-03,"US","quantile",0.7,1205.26320068159
2023-05-15,"3 wk ahead inc flu hosp",2023-06-03,"US","quantile",0.75,1298.94194741267
2023-05-15,"3 wk ahead inc flu hosp",2023-06-03,"US","quantile",0.8,1440.15926583402
2023-05-15,"3 wk ahead inc flu hosp",2023-06-03,"US","quantile",0.85,1611.5062442846
2023-05-15,"3 wk ahead inc flu hosp",2023-06-03,"US","quantile",0.9,1870.47363691884
2023-05-15,"3 wk ahead inc flu hosp",2023-06-03,"US","quantile",0.95,2205.57593340565
2023-05-15,"3 wk ahead inc flu hosp",2023-06-03,"US","quantile",0.975,5490.34227507205
2023-05-15,"3 wk ahead inc flu hosp",2023-06-03,"US","quantile",0.99,12507.2336222955
2023-05-15,"4 wk ahead inc flu hosp",2023-06-10,"US","quantile",0.01,262.764750838196
2023-05-15,"4 wk ahead inc flu hosp",2023-06-10,"US","quantile",0.025,291.829622344647
2023-05-15,"4 wk ahead inc flu hosp",2023-06-10,"US","quantile",0.05,330.439799154171
2023-05-15,"4 wk ahead inc flu hosp",2023-06-10,"US","quantile",0.1,389.784294013365
2023-05-15,"4 wk ahead inc flu hosp",2023-06-10,"US","quantile",0.15,437.950790014513
2023-05-15,"4 wk ahead inc flu hosp",2023-06-10,"US","quantile",0.2,488.007122010906
2023-05-15,"4 wk ahead inc flu hosp",2023-06-10,"US","quantile",0.25,533.970049379266
2023-05-15,"4 wk ahead inc flu hosp",2023-06-10,"US","quantile",0.3,580.65859728201
2023-05-15,"4 wk ahead inc flu hosp",2023-06-10,"US","quantile",0.35,636.017840833043
2023-05-15,"4 wk ahead inc flu hosp",2023-06-10,"US","quantile",0.4,690.437097758809
2023-05-15,"4 wk ahead inc flu hosp",2023-06-10,"US","quantile",0.45,767.40698989837
2023-05-15,"4 wk ahead inc flu hosp",2023-06-10,"US","quantile",0.5,878.114651790089
2023-05-15,"4 wk ahead inc flu hosp",2023-06-10,"US","quantile",0.55,973.881784709789
2023-05-15,"4 wk ahead inc flu hosp",2023-06-10,"US","quantile",0.6,1068.20506831564
2023-05-15,"4 wk ahead inc flu hosp",2023-06-10,"US","quantile",0.65,1165.42248756765
2023-05-15,"4 wk ahead inc flu hosp",2023-06-10,"US","quantile",0.7,1297.94530877234
2023-05-15,"4 wk ahead inc flu hosp",2023-06-10,"US","quantile",0.75,1443.2138258654
2023-05-15,"4 wk ahead inc flu hosp",2023-06-10,"US","quantile",0.8,1616.46946274329
2023-05-15,"4 wk ahead inc flu hosp",2023-06-10,"US","quantile",0.85,1822.55046036975
2023-05-15,"4 wk ahead inc flu hosp",2023-06-10,"US","quantile",0.9,2130.48464809032
2023-05-15,"4 wk ahead inc flu hosp",2023-06-10,"US","quantile",0.95,2671.86607419561
2023-05-15,"4 wk ahead inc flu hosp",2023-06-10,"US","quantile",0.975,7166.10637554945
2023-05-15,"4 wk ahead inc flu hosp",2023-06-10,"US","quantile",0.99,11393.1293270998
