forecast_date,target,target_end_date,location,type,quantile,value
3/6/2023,1 wk ahead inc flu hosp,3/11/2023,1,point,NA,13.69605337
3/6/2023,1 wk ahead inc flu hosp,3/11/2023,1,quantile,0.01,1.950474776
3/6/2023,1 wk ahead inc flu hosp,3/11/2023,1,quantile,0.025,3.090185556
3/6/2023,1 wk ahead inc flu hosp,3/11/2023,1,quantile,0.05,4.262048863
3/6/2023,1 wk ahead inc flu hosp,3/11/2023,1,quantile,0.1,5.848657423
3/6/2023,1 wk ahead inc flu hosp,3/11/2023,1,quantile,0.15,7.069705437
3/6/2023,1 wk ahead inc flu hosp,3/11/2023,1,quantile,0.2,8.130608353
3/6/2023,1 wk ahead inc flu hosp,3/11/2023,1,quantile,0.25,9.106661946
3/6/2023,1 wk ahead inc flu hosp,3/11/2023,1,quantile,0.3,10.0363901
3/6/2023,1 wk ahead inc flu hosp,3/11/2023,1,quantile,0.35,10.94385709
3/6/2023,1 wk ahead inc flu hosp,3/11/2023,1,quantile,0.4,11.84661986
3/6/2023,1 wk ahead inc flu hosp,3/11/2023,1,quantile,0.45,12.75937226
3/6/2023,1 wk ahead inc flu hosp,3/11/2023,1,quantile,0.5,13.69605337
3/6/2023,1 wk ahead inc flu hosp,3/11/2023,1,quantile,0.55,14.67145157
3/6/2023,1 wk ahead inc flu hosp,3/11/2023,1,quantile,0.6,15.70285471
3/6/2023,1 wk ahead inc flu hosp,3/11/2023,1,quantile,0.65,16.81224996
3/6/2023,1 wk ahead inc flu hosp,3/11/2023,1,quantile,0.7,18.02984718
3/6/2023,1 wk ahead inc flu hosp,3/11/2023,1,quantile,0.75,19.40053963
3/6/2023,1 wk ahead inc flu hosp,3/11/2023,1,quantile,0.8,20.99735748
3/6/2023,1 wk ahead inc flu hosp,3/11/2023,1,quantile,0.85,22.95417214
3/6/2023,1 wk ahead inc flu hosp,3/11/2023,1,quantile,0.9,25.56558598
3/6/2023,1 wk ahead inc flu hosp,3/11/2023,1,quantile,0.95,29.75067768
3/6/2023,1 wk ahead inc flu hosp,3/11/2023,1,quantile,0.975,33.69423838
3/6/2023,1 wk ahead inc flu hosp,3/11/2023,1,quantile,0.99,38.65796786
3/6/2023,1 wk ahead inc flu hosp,3/11/2023,2,point,NA,0.517477701
3/6/2023,1 wk ahead inc flu hosp,3/11/2023,2,quantile,0.01,0
3/6/2023,1 wk ahead inc flu hosp,3/11/2023,2,quantile,0.025,0
3/6/2023,1 wk ahead inc flu hosp,3/11/2023,2,quantile,0.05,0
3/6/2023,1 wk ahead inc flu hosp,3/11/2023,2,quantile,0.1,0
3/6/2023,1 wk ahead inc flu hosp,3/11/2023,2,quantile,0.15,0
3/6/2023,1 wk ahead inc flu hosp,3/11/2023,2,quantile,0.2,0
3/6/2023,1 wk ahead inc flu hosp,3/11/2023,2,quantile,0.25,0
3/6/2023,1 wk ahead inc flu hosp,3/11/2023,2,quantile,0.3,0
3/6/2023,1 wk ahead inc flu hosp,3/11/2023,2,quantile,0.35,0
3/6/2023,1 wk ahead inc flu hosp,3/11/2023,2,quantile,0.4,0
3/6/2023,1 wk ahead inc flu hosp,3/11/2023,2,quantile,0.45,0.235563885
3/6/2023,1 wk ahead inc flu hosp,3/11/2023,2,quantile,0.5,0.517477701
3/6/2023,1 wk ahead inc flu hosp,3/11/2023,2,quantile,0.55,0.821998043
3/6/2023,1 wk ahead inc flu hosp,3/11/2023,2,quantile,0.6,1.153728889
3/6/2023,1 wk ahead inc flu hosp,3/11/2023,2,quantile,0.65,1.519432156
3/6/2023,1 wk ahead inc flu hosp,3/11/2023,2,quantile,0.7,1.929153666
3/6/2023,1 wk ahead inc flu hosp,3/11/2023,2,quantile,0.75,2.398461864
3/6/2023,1 wk ahead inc flu hosp,3/11/2023,2,quantile,0.8,2.953232635
3/6/2023,1 wk ahead inc flu hosp,3/11/2023,2,quantile,0.85,3.641359933
3/6/2023,1 wk ahead inc flu hosp,3/11/2023,2,quantile,0.9,4.568514199
3/6/2023,1 wk ahead inc flu hosp,3/11/2023,2,quantile,0.95,6.063521085
3/6/2023,1 wk ahead inc flu hosp,3/11/2023,2,quantile,0.975,7.472403021
3/6/2023,1 wk ahead inc flu hosp,3/11/2023,2,quantile,0.99,9.236305841
3/6/2023,1 wk ahead inc flu hosp,3/11/2023,4,point,NA,42.18389763
3/6/2023,1 wk ahead inc flu hosp,3/11/2023,4,quantile,0.01,13.4715215
3/6/2023,1 wk ahead inc flu hosp,3/11/2023,4,quantile,0.025,16.801605
3/6/2023,1 wk ahead inc flu hosp,3/11/2023,4,quantile,0.05,20.00282304
3/6/2023,1 wk ahead inc flu hosp,3/11/2023,4,quantile,0.1,24.09508208
3/6/2023,1 wk ahead inc flu hosp,3/11/2023,4,quantile,0.15,27.10652935
3/6/2023,1 wk ahead inc flu hosp,3/11/2023,4,quantile,0.2,29.64749228
3/6/2023,1 wk ahead inc flu hosp,3/11/2023,4,quantile,0.25,31.93346938
3/6/2023,1 wk ahead inc flu hosp,3/11/2023,4,quantile,0.3,34.07106555
3/6/2023,1 wk ahead inc flu hosp,3/11/2023,4,quantile,0.35,36.12435249
3/6/2023,1 wk ahead inc flu hosp,3/11/2023,4,quantile,0.4,38.13794274
3/6/2023,1 wk ahead inc flu hosp,3/11/2023,4,quantile,0.45,40.14721487
3/6/2023,1 wk ahead inc flu hosp,3/11/2023,4,quantile,0.5,42.18389763
3/6/2023,1 wk ahead inc flu hosp,3/11/2023,4,quantile,0.55,44.27995059
3/6/2023,1 wk ahead inc flu hosp,3/11/2023,4,quantile,0.6,46.47116892
3/6/2023,1 wk ahead inc flu hosp,3/11/2023,4,quantile,0.65,48.80163199
3/6/2023,1 wk ahead inc flu hosp,3/11/2023,4,quantile,0.7,51.33053079
3/6/2023,1 wk ahead inc flu hosp,3/11/2023,4,quantile,0.75,54.14443459
3/6/2023,1 wk ahead inc flu hosp,3/11/2023,4,quantile,0.8,57.38257935
3/6/2023,1 wk ahead inc flu hosp,3/11/2023,4,quantile,0.85,61.29795719
3/6/2023,1 wk ahead inc flu hosp,3/11/2023,4,quantile,0.9,66.44285213
3/6/2023,1 wk ahead inc flu hosp,3/11/2023,4,quantile,0.95,74.52398775
3/6/2023,1 wk ahead inc flu hosp,3/11/2023,4,quantile,0.975,81.98237915
3/6/2023,1 wk ahead inc flu hosp,3/11/2023,4,quantile,0.99,91.19014354
3/6/2023,1 wk ahead inc flu hosp,3/11/2023,5,point,NA,23.08286222
3/6/2023,1 wk ahead inc flu hosp,3/11/2023,5,quantile,0.01,5.772803353
3/6/2023,1 wk ahead inc flu hosp,3/11/2023,5,quantile,0.025,7.643341627
3/6/2023,1 wk ahead inc flu hosp,3/11/2023,5,quantile,0.05,9.487524715
3/6/2023,1 wk ahead inc flu hosp,3/11/2023,5,quantile,0.1,11.89918036
3/6/2023,1 wk ahead inc flu hosp,3/11/2023,5,quantile,0.15,13.70699502
3/6/2023,1 wk ahead inc flu hosp,3/11/2023,5,quantile,0.2,15.25153539
3/6/2023,1 wk ahead inc flu hosp,3/11/2023,5,quantile,0.25,16.65472111
3/6/2023,1 wk ahead inc flu hosp,3/11/2023,5,quantile,0.3,17.97765174
3/6/2023,1 wk ahead inc flu hosp,3/11/2023,5,quantile,0.35,19.25762143
3/6/2023,1 wk ahead inc flu hosp,3/11/2023,5,quantile,0.4,20.52110716
3/6/2023,1 wk ahead inc flu hosp,3/11/2023,5,quantile,0.45,21.7895995
3/6/2023,1 wk ahead inc flu hosp,3/11/2023,5,quantile,0.5,23.08286222
3/6/2023,1 wk ahead inc flu hosp,3/11/2023,5,quantile,0.55,24.42128654
3/6/2023,1 wk ahead inc flu hosp,3/11/2023,5,quantile,0.6,25.82818147
3/6/2023,1 wk ahead inc flu hosp,3/11/2023,5,quantile,0.65,27.33270611
3/6/2023,1 wk ahead inc flu hosp,3/11/2023,5,quantile,0.7,28.97446564
3/6/2023,1 wk ahead inc flu hosp,3/11/2023,5,quantile,0.75,30.8118546
3/6/2023,1 wk ahead inc flu hosp,3/11/2023,5,quantile,0.8,32.93934699
3/6/2023,1 wk ahead inc flu hosp,3/11/2023,5,quantile,0.85,35.52940524
3/6/2023,1 wk ahead inc flu hosp,3/11/2023,5,quantile,0.9,38.96016017
3/6/2023,1 wk ahead inc flu hosp,3/11/2023,5,quantile,0.95,44.40629044
3/6/2023,1 wk ahead inc flu hosp,3/11/2023,5,quantile,0.975,49.48917865
3/6/2023,1 wk ahead inc flu hosp,3/11/2023,5,quantile,0.99,55.83147219
3/6/2023,1 wk ahead inc flu hosp,3/11/2023,6,point,NA,66.9
3/6/2023,1 wk ahead inc flu hosp,3/11/2023,6,quantile,0.01,8.670923113
3/6/2023,1 wk ahead inc flu hosp,3/11/2023,6,quantile,0.025,13.93378053
3/6/2023,1 wk ahead inc flu hosp,3/11/2023,6,quantile,0.05,19.54101989
3/6/2023,1 wk ahead inc flu hosp,3/11/2023,6,quantile,0.1,27.31523327
3/6/2023,1 wk ahead inc flu hosp,3/11/2023,6,quantile,0.15,33.38664911
3/6/2023,1 wk ahead inc flu hosp,3/11/2023,6,quantile,0.2,38.70267918
3/6/2023,1 wk ahead inc flu hosp,3/11/2023,6,quantile,0.25,43.61772586
3/6/2023,1 wk ahead inc flu hosp,3/11/2023,6,quantile,0.3,48.31564487
3/6/2023,1 wk ahead inc flu hosp,3/11/2023,6,quantile,0.35,52.91266793
3/6/2023,1 wk ahead inc flu hosp,3/11/2023,6,quantile,0.4,57.49455968
3/6/2023,1 wk ahead inc flu hosp,3/11/2023,6,quantile,0.45,62.13385747
3/6/2023,1 wk ahead inc flu hosp,3/11/2023,6,quantile,0.5,66.9
3/6/2023,1 wk ahead inc flu hosp,3/11/2023,6,quantile,0.55,71.86717691
3/6/2023,1 wk ahead inc flu hosp,3/11/2023,6,quantile,0.6,77.1225403
3/6/2023,1 wk ahead inc flu hosp,3/11/2023,6,quantile,0.65,82.77726472
3/6/2023,1 wk ahead inc flu hosp,3/11/2023,6,quantile,0.7,88.98434282
3/6/2023,1 wk ahead inc flu hosp,3/11/2023,6,quantile,0.75,95.97126378
3/6/2023,1 wk ahead inc flu hosp,3/11/2023,6,quantile,0.8,104.1080655
3/6/2023,1 wk ahead inc flu hosp,3/11/2023,6,quantile,0.85,114.072667
3/6/2023,1 wk ahead inc flu hosp,3/11/2023,6,quantile,0.9,127.3553478
3/6/2023,1 wk ahead inc flu hosp,3/11/2023,6,quantile,0.95,148.5971762
3/6/2023,1 wk ahead inc flu hosp,3/11/2023,6,quantile,0.975,168.5551334
3/6/2023,1 wk ahead inc flu hosp,3/11/2023,6,quantile,0.99,193.5904142
3/6/2023,1 wk ahead inc flu hosp,3/11/2023,8,point,NA,17.56253104
3/6/2023,1 wk ahead inc flu hosp,3/11/2023,8,quantile,0.01,1.696286614
3/6/2023,1 wk ahead inc flu hosp,3/11/2023,8,quantile,0.025,2.91720563
3/6/2023,1 wk ahead inc flu hosp,3/11/2023,8,quantile,0.05,4.262412085
3/6/2023,1 wk ahead inc flu hosp,3/11/2023,8,quantile,0.1,6.211268337
3/6/2023,1 wk ahead inc flu hosp,3/11/2023,8,quantile,0.15,7.800873537
3/6/2023,1 wk ahead inc flu hosp,3/11/2023,8,quantile,0.2,9.240075178
3/6/2023,1 wk ahead inc flu hosp,3/11/2023,8,quantile,0.25,10.60892893
3/6/2023,1 wk ahead inc flu hosp,3/11/2023,8,quantile,0.3,11.95068543
3/6/2023,1 wk ahead inc flu hosp,3/11/2023,8,quantile,0.35,13.29438616
3/6/2023,1 wk ahead inc flu hosp,3/11/2023,8,quantile,0.4,14.66319897
3/6/2023,1 wk ahead inc flu hosp,3/11/2023,8,quantile,0.45,16.07849773
3/6/2023,1 wk ahead inc flu hosp,3/11/2023,8,quantile,0.5,17.56253104
3/6/2023,1 wk ahead inc flu hosp,3/11/2023,8,quantile,0.55,19.14082955
3/6/2023,1 wk ahead inc flu hosp,3/11/2023,8,quantile,0.6,20.84510191
3/6/2023,1 wk ahead inc flu hosp,3/11/2023,8,quantile,0.65,22.71750072
3/6/2023,1 wk ahead inc flu hosp,3/11/2023,8,quantile,0.7,24.81781759
3/6/2023,1 wk ahead inc flu hosp,3/11/2023,8,quantile,0.75,27.23702624
3/6/2023,1 wk ahead inc flu hosp,3/11/2023,8,quantile,0.8,30.12593028
3/6/2023,1 wk ahead inc flu hosp,3/11/2023,8,quantile,0.85,33.76569219
3/6/2023,1 wk ahead inc flu hosp,3/11/2023,8,quantile,0.9,38.78620901
3/6/2023,1 wk ahead inc flu hosp,3/11/2023,8,quantile,0.95,47.19910689
3/6/2023,1 wk ahead inc flu hosp,3/11/2023,8,quantile,0.975,55.5142885
3/6/2023,1 wk ahead inc flu hosp,3/11/2023,8,quantile,0.99,66.47969382
3/6/2023,1 wk ahead inc flu hosp,3/11/2023,9,point,NA,11.03512812
3/6/2023,1 wk ahead inc flu hosp,3/11/2023,9,quantile,0.01,0
3/6/2023,1 wk ahead inc flu hosp,3/11/2023,9,quantile,0.025,0.897733725
3/6/2023,1 wk ahead inc flu hosp,3/11/2023,9,quantile,0.05,1.98789418
3/6/2023,1 wk ahead inc flu hosp,3/11/2023,9,quantile,0.1,3.512850848
3/6/2023,1 wk ahead inc flu hosp,3/11/2023,9,quantile,0.15,4.698125931
3/6/2023,1 wk ahead inc flu hosp,3/11/2023,9,quantile,0.2,5.72763847
3/6/2023,1 wk ahead inc flu hosp,3/11/2023,9,quantile,0.25,6.671528924
3/6/2023,1 wk ahead inc flu hosp,3/11/2023,9,quantile,0.3,7.56625979
3/6/2023,1 wk ahead inc flu hosp,3/11/2023,9,quantile,0.35,8.434681991
3/6/2023,1 wk ahead inc flu hosp,3/11/2023,9,quantile,0.4,9.293355264
3/6/2023,1 wk ahead inc flu hosp,3/11/2023,9,quantile,0.45,10.1559362
3/6/2023,1 wk ahead inc flu hosp,3/11/2023,9,quantile,0.5,11.03512812
3/6/2023,1 wk ahead inc flu hosp,3/11/2023,9,quantile,0.55,11.94413085
3/6/2023,1 wk ahead inc flu hosp,3/11/2023,9,quantile,0.6,12.89808441
3/6/2023,1 wk ahead inc flu hosp,3/11/2023,9,quantile,0.65,13.91594153
3/6/2023,1 wk ahead inc flu hosp,3/11/2023,9,quantile,0.7,15.02341533
3/6/2023,1 wk ahead inc flu hosp,3/11/2023,9,quantile,0.75,16.25832939
3/6/2023,1 wk ahead inc flu hosp,3/11/2023,9,quantile,0.8,17.68168089
3/6/2023,1 wk ahead inc flu hosp,3/11/2023,9,quantile,0.85,19.40436791
3/6/2023,1 wk ahead inc flu hosp,3/11/2023,9,quantile,0.9,21.66825772
3/6/2023,1 wk ahead inc flu hosp,3/11/2023,9,quantile,0.95,25.21890376
3/6/2023,1 wk ahead inc flu hosp,3/11/2023,9,quantile,0.975,28.4849997
3/6/2023,1 wk ahead inc flu hosp,3/11/2023,9,quantile,0.99,32.49742411
3/6/2023,1 wk ahead inc flu hosp,3/11/2023,10,point,NA,2.959328682
3/6/2023,1 wk ahead inc flu hosp,3/11/2023,10,quantile,0.01,0.043719696
3/6/2023,1 wk ahead inc flu hosp,3/11/2023,10,quantile,0.025,0.320263567
3/6/2023,1 wk ahead inc flu hosp,3/11/2023,10,quantile,0.05,0.602394472
3/6/2023,1 wk ahead inc flu hosp,3/11/2023,10,quantile,0.1,0.985463567
3/6/2023,1 wk ahead inc flu hosp,3/11/2023,10,quantile,0.15,1.282909549
3/6/2023,1 wk ahead inc flu hosp,3/11/2023,10,quantile,0.2,1.54386289
3/6/2023,1 wk ahead inc flu hosp,3/11/2023,10,quantile,0.25,1.786276448
3/6/2023,1 wk ahead inc flu hosp,3/11/2023,10,quantile,0.3,2.019399246
3/6/2023,1 wk ahead inc flu hosp,3/11/2023,10,quantile,0.35,2.249106652
3/6/2023,1 wk ahead inc flu hosp,3/11/2023,10,quantile,0.4,2.479800669
3/6/2023,1 wk ahead inc flu hosp,3/11/2023,10,quantile,0.45,2.715292016
3/6/2023,1 wk ahead inc flu hosp,3/11/2023,10,quantile,0.5,2.959328682
3/6/2023,1 wk ahead inc flu hosp,3/11/2023,10,quantile,0.55,3.216022573
3/6/2023,1 wk ahead inc flu hosp,3/11/2023,10,quantile,0.6,3.490317106
3/6/2023,1 wk ahead inc flu hosp,3/11/2023,10,quantile,0.65,3.788639412
3/6/2023,1 wk ahead inc flu hosp,3/11/2023,10,quantile,0.7,4.119972294
3/6/2023,1 wk ahead inc flu hosp,3/11/2023,10,quantile,0.75,4.497848813
3/6/2023,1 wk ahead inc flu hosp,3/11/2023,10,quantile,0.8,4.944547753
3/6/2023,1 wk ahead inc flu hosp,3/11/2023,10,quantile,0.85,5.501385754
3/6/2023,1 wk ahead inc flu hosp,3/11/2023,10,quantile,0.9,6.260481768
3/6/2023,1 wk ahead inc flu hosp,3/11/2023,10,quantile,0.95,7.514413085
3/6/2023,1 wk ahead inc flu hosp,3/11/2023,10,quantile,0.975,8.737120058
3/6/2023,1 wk ahead inc flu hosp,3/11/2023,10,quantile,0.99,10.33126596
3/6/2023,1 wk ahead inc flu hosp,3/11/2023,11,point,NA,3.614343139
3/6/2023,1 wk ahead inc flu hosp,3/11/2023,11,quantile,0.01,0.129669224
3/6/2023,1 wk ahead inc flu hosp,3/11/2023,11,quantile,0.025,0.486855133
3/6/2023,1 wk ahead inc flu hosp,3/11/2023,11,quantile,0.05,0.845851561
3/6/2023,1 wk ahead inc flu hosp,3/11/2023,11,quantile,0.1,1.323283518
3/6/2023,1 wk ahead inc flu hosp,3/11/2023,11,quantile,0.15,1.685992619
3/6/2023,1 wk ahead inc flu hosp,3/11/2023,11,quantile,0.2,1.998644233
3/6/2023,1 wk ahead inc flu hosp,3/11/2023,11,quantile,0.25,2.284638202
3/6/2023,1 wk ahead inc flu hosp,3/11/2023,11,quantile,0.3,2.555819939
3/6/2023,1 wk ahead inc flu hosp,3/11/2023,11,quantile,0.35,2.819506072
3/6/2023,1 wk ahead inc flu hosp,3/11/2023,11,quantile,0.4,3.080967499
3/6/2023,1 wk ahead inc flu hosp,3/11/2023,11,quantile,0.45,3.344555564
3/6/2023,1 wk ahead inc flu hosp,3/11/2023,11,quantile,0.5,3.614343139
3/6/2023,1 wk ahead inc flu hosp,3/11/2023,11,quantile,0.55,3.894601092
3/6/2023,1 wk ahead inc flu hosp,3/11/2023,11,quantile,0.6,4.190276828
3/6/2023,1 wk ahead inc flu hosp,3/11/2023,11,quantile,0.65,4.507621675
3/6/2023,1 wk ahead inc flu hosp,3/11/2023,11,quantile,0.7,4.855187166
3/6/2023,1 wk ahead inc flu hosp,3/11/2023,11,quantile,0.75,5.245644927
3/6/2023,1 wk ahead inc flu hosp,3/11/2023,11,quantile,0.8,5.699570116
3/6/2023,1 wk ahead inc flu hosp,3/11/2023,11,quantile,0.85,6.254630878
3/6/2023,1 wk ahead inc flu hosp,3/11/2023,11,quantile,0.9,6.993638985
3/6/2023,1 wk ahead inc flu hosp,3/11/2023,11,quantile,0.95,8.174688785
3/6/2023,1 wk ahead inc flu hosp,3/11/2023,11,quantile,0.975,9.284712458
3/6/2023,1 wk ahead inc flu hosp,3/11/2023,11,quantile,0.99,10.67895088
3/6/2023,1 wk ahead inc flu hosp,3/11/2023,12,point,NA,168.1299841
3/6/2023,1 wk ahead inc flu hosp,3/11/2023,12,quantile,0.01,73.86752802
3/6/2023,1 wk ahead inc flu hosp,3/11/2023,12,quantile,0.025,85.63715298
3/6/2023,1 wk ahead inc flu hosp,3/11/2023,12,quantile,0.05,96.63372685
3/6/2023,1 wk ahead inc flu hosp,3/11/2023,12,quantile,0.1,110.3491307
3/6/2023,1 wk ahead inc flu hosp,3/11/2023,12,quantile,0.15,120.2482233
3/6/2023,1 wk ahead inc flu hosp,3/11/2023,12,quantile,0.2,128.495408
3/6/2023,1 wk ahead inc flu hosp,3/11/2023,12,quantile,0.25,135.8434183
3/6/2023,1 wk ahead inc flu hosp,3/11/2023,12,quantile,0.3,142.6598283
3/6/2023,1 wk ahead inc flu hosp,3/11/2023,12,quantile,0.35,149.1624091
3/6/2023,1 wk ahead inc flu hosp,3/11/2023,12,quantile,0.4,155.500177
3/6/2023,1 wk ahead inc flu hosp,3/11/2023,12,quantile,0.45,161.7888788
3/6/2023,1 wk ahead inc flu hosp,3/11/2023,12,quantile,0.5,168.1299841
3/6/2023,1 wk ahead inc flu hosp,3/11/2023,12,quantile,0.55,174.6234477
3/6/2023,1 wk ahead inc flu hosp,3/11/2023,12,quantile,0.6,181.3790752
3/6/2023,1 wk ahead inc flu hosp,3/11/2023,12,quantile,0.65,188.5300555
3/6/2023,1 wk ahead inc flu hosp,3/11/2023,12,quantile,0.7,196.2532956
3/6/2023,1 wk ahead inc flu hosp,3/11/2023,12,quantile,0.75,204.8055833
3/6/2023,1 wk ahead inc flu hosp,3/11/2023,12,quantile,0.8,214.5977849
3/6/2023,1 wk ahead inc flu hosp,3/11/2023,12,quantile,0.85,226.3736065
3/6/2023,1 wk ahead inc flu hosp,3/11/2023,12,quantile,0.9,241.751345
3/6/2023,1 wk ahead inc flu hosp,3/11/2023,12,quantile,0.95,265.7143448
3/6/2023,1 wk ahead inc flu hosp,3/11/2023,12,quantile,0.975,287.6539844
3/6/2023,1 wk ahead inc flu hosp,3/11/2023,12,quantile,0.99,314.5429428
3/6/2023,1 wk ahead inc flu hosp,3/11/2023,13,point,NA,43.56
3/6/2023,1 wk ahead inc flu hosp,3/11/2023,13,quantile,0.01,8.78251615
3/6/2023,1 wk ahead inc flu hosp,3/11/2023,13,quantile,0.025,12.25129099
3/6/2023,1 wk ahead inc flu hosp,3/11/2023,13,quantile,0.05,15.77863798
3/6/2023,1 wk ahead inc flu hosp,3/11/2023,13,quantile,0.1,20.51219304
3/6/2023,1 wk ahead inc flu hosp,3/11/2023,13,quantile,0.15,24.13137086
3/6/2023,1 wk ahead inc flu hosp,3/11/2023,13,quantile,0.2,27.26304681
3/6/2023,1 wk ahead inc flu hosp,3/11/2023,13,quantile,0.25,30.13555624
3/6/2023,1 wk ahead inc flu hosp,3/11/2023,13,quantile,0.3,32.86509308
3/6/2023,1 wk ahead inc flu hosp,3/11/2023,13,quantile,0.35,35.52381224
3/6/2023,1 wk ahead inc flu hosp,3/11/2023,13,quantile,0.4,38.16400079
3/6/2023,1 wk ahead inc flu hosp,3/11/2023,13,quantile,0.45,40.82909518
3/6/2023,1 wk ahead inc flu hosp,3/11/2023,13,quantile,0.5,43.56
3/6/2023,1 wk ahead inc flu hosp,3/11/2023,13,quantile,0.55,46.39983441
3/6/2023,1 wk ahead inc flu hosp,3/11/2023,13,quantile,0.6,49.39875167
3/6/2023,1 wk ahead inc flu hosp,3/11/2023,13,quantile,0.65,52.62030563
3/6/2023,1 wk ahead inc flu hosp,3/11/2023,13,quantile,0.7,56.15159969
3/6/2023,1 wk ahead inc flu hosp,3/11/2023,13,quantile,0.75,60.12185629
3/6/2023,1 wk ahead inc flu hosp,3/11/2023,13,quantile,0.8,64.74104655
3/6/2023,1 wk ahead inc flu hosp,3/11/2023,13,quantile,0.85,70.3937404
3/6/2023,1 wk ahead inc flu hosp,3/11/2023,13,quantile,0.9,77.92561433
3/6/2023,1 wk ahead inc flu hosp,3/11/2023,13,quantile,0.95,89.97277465
3/6/2023,1 wk ahead inc flu hosp,3/11/2023,13,quantile,0.975,101.3028533
3/6/2023,1 wk ahead inc flu hosp,3/11/2023,13,quantile,0.99,115.5396171
3/6/2023,1 wk ahead inc flu hosp,3/11/2023,15,point,NA,1.692757567
3/6/2023,1 wk ahead inc flu hosp,3/11/2023,15,quantile,0.01,0
3/6/2023,1 wk ahead inc flu hosp,3/11/2023,15,quantile,0.025,0
3/6/2023,1 wk ahead inc flu hosp,3/11/2023,15,quantile,0.05,0
3/6/2023,1 wk ahead inc flu hosp,3/11/2023,15,quantile,0.1,0
3/6/2023,1 wk ahead inc flu hosp,3/11/2023,15,quantile,0.15,0.151480489
3/6/2023,1 wk ahead inc flu hosp,3/11/2023,15,quantile,0.2,0.384479198
3/6/2023,1 wk ahead inc flu hosp,3/11/2023,15,quantile,0.25,0.604623095
3/6/2023,1 wk ahead inc flu hosp,3/11/2023,15,quantile,0.3,0.818669711
3/6/2023,1 wk ahead inc flu hosp,3/11/2023,15,quantile,0.35,1.031126126
3/6/2023,1 wk ahead inc flu hosp,3/11/2023,15,quantile,0.4,1.245515147
3/6/2023,1 wk ahead inc flu hosp,3/11/2023,15,quantile,0.45,1.464995583
3/6/2023,1 wk ahead inc flu hosp,3/11/2023,15,quantile,0.5,1.692757567
3/6/2023,1 wk ahead inc flu hosp,3/11/2023,15,quantile,0.55,1.932362732
3/6/2023,1 wk ahead inc flu hosp,3/11/2023,15,quantile,0.6,2.188135103
3/6/2023,1 wk ahead inc flu hosp,3/11/2023,15,quantile,0.65,2.46571935
3/6/2023,1 wk ahead inc flu hosp,3/11/2023,15,quantile,0.7,2.773005308
3/6/2023,1 wk ahead inc flu hosp,3/11/2023,15,quantile,0.75,3.121847869
3/6/2023,1 wk ahead inc flu hosp,3/11/2023,15,quantile,0.8,3.53167102
3/6/2023,1 wk ahead inc flu hosp,3/11/2023,15,quantile,0.85,4.03825752
3/6/2023,1 wk ahead inc flu hosp,3/11/2023,15,quantile,0.9,4.720660858
3/6/2023,1 wk ahead inc flu hosp,3/11/2023,15,quantile,0.95,5.826493455
3/6/2023,1 wk ahead inc flu hosp,3/11/2023,15,quantile,0.975,6.879267164
3/6/2023,1 wk ahead inc flu hosp,3/11/2023,15,quantile,0.99,8.215660385
3/6/2023,1 wk ahead inc flu hosp,3/11/2023,16,point,NA,1.726778632
3/6/2023,1 wk ahead inc flu hosp,3/11/2023,16,quantile,0.01,0
3/6/2023,1 wk ahead inc flu hosp,3/11/2023,16,quantile,0.025,0
3/6/2023,1 wk ahead inc flu hosp,3/11/2023,16,quantile,0.05,0
3/6/2023,1 wk ahead inc flu hosp,3/11/2023,16,quantile,0.1,0
3/6/2023,1 wk ahead inc flu hosp,3/11/2023,16,quantile,0.15,0
3/6/2023,1 wk ahead inc flu hosp,3/11/2023,16,quantile,0.2,0.139888781
3/6/2023,1 wk ahead inc flu hosp,3/11/2023,16,quantile,0.25,0.384856901
3/6/2023,1 wk ahead inc flu hosp,3/11/2023,16,quantile,0.3,0.632665694
3/6/2023,1 wk ahead inc flu hosp,3/11/2023,16,quantile,0.35,0.887130249
3/6/2023,1 wk ahead inc flu hosp,3/11/2023,16,quantile,0.4,1.151773486
3/6/2023,1 wk ahead inc flu hosp,3/11/2023,16,quantile,0.45,1.430263255
3/6/2023,1 wk ahead inc flu hosp,3/11/2023,16,quantile,0.5,1.726778632
3/6/2023,1 wk ahead inc flu hosp,3/11/2023,16,quantile,0.55,2.046422976
3/6/2023,1 wk ahead inc flu hosp,3/11/2023,16,quantile,0.6,2.39579561
3/6/2023,1 wk ahead inc flu hosp,3/11/2023,16,quantile,0.65,2.783892809
3/6/2023,1 wk ahead inc flu hosp,3/11/2023,16,quantile,0.7,3.223670973
3/6/2023,1 wk ahead inc flu hosp,3/11/2023,16,quantile,0.75,3.73502142
3/6/2023,1 wk ahead inc flu hosp,3/11/2023,16,quantile,0.8,4.35108845
3/6/2023,1 wk ahead inc flu hosp,3/11/2023,16,quantile,0.85,5.133845413
3/6/2023,1 wk ahead inc flu hosp,3/11/2023,16,quantile,0.9,6.222337738
3/6/2023,1 wk ahead inc flu hosp,3/11/2023,16,quantile,0.95,8.060823879
3/6/2023,1 wk ahead inc flu hosp,3/11/2023,16,quantile,0.975,9.887439498
3/6/2023,1 wk ahead inc flu hosp,3/11/2023,16,quantile,0.99,12.30103728
3/6/2023,1 wk ahead inc flu hosp,3/11/2023,17,point,NA,24.14656787
3/6/2023,1 wk ahead inc flu hosp,3/11/2023,17,quantile,0.01,0.86413452
3/6/2023,1 wk ahead inc flu hosp,3/11/2023,17,quantile,0.025,2.761127229
3/6/2023,1 wk ahead inc flu hosp,3/11/2023,17,quantile,0.05,4.921177113
3/6/2023,1 wk ahead inc flu hosp,3/11/2023,17,quantile,0.1,8.01881703
3/6/2023,1 wk ahead inc flu hosp,3/11/2023,17,quantile,0.15,10.47648669
3/6/2023,1 wk ahead inc flu hosp,3/11/2023,17,quantile,0.2,12.64119294
3/6/2023,1 wk ahead inc flu hosp,3/11/2023,17,quantile,0.25,14.64760594
3/6/2023,1 wk ahead inc flu hosp,3/11/2023,17,quantile,0.3,16.56696041
3/6/2023,1 wk ahead inc flu hosp,3/11/2023,17,quantile,0.35,18.44483376
3/6/2023,1 wk ahead inc flu hosp,3/11/2023,17,quantile,0.4,20.31509832
3/6/2023,1 wk ahead inc flu hosp,3/11/2023,17,quantile,0.45,22.2064995
3/6/2023,1 wk ahead inc flu hosp,3/11/2023,17,quantile,0.5,24.14656787
3/6/2023,1 wk ahead inc flu hosp,3/11/2023,17,quantile,0.55,26.16467534
3/6/2023,1 wk ahead inc flu hosp,3/11/2023,17,quantile,0.6,28.2952424
3/6/2023,1 wk ahead inc flu hosp,3/11/2023,17,quantile,0.65,30.58205692
3/6/2023,1 wk ahead inc flu hosp,3/11/2023,17,quantile,0.7,33.08521223
3/6/2023,1 wk ahead inc flu hosp,3/11/2023,17,quantile,0.75,35.89382376
3/6/2023,1 wk ahead inc flu hosp,3/11/2023,17,quantile,0.8,39.1524582
3/6/2023,1 wk ahead inc flu hosp,3/11/2023,17,quantile,0.85,43.12519911
3/6/2023,1 wk ahead inc flu hosp,3/11/2023,17,quantile,0.9,48.39059059
3/6/2023,1 wk ahead inc flu hosp,3/11/2023,17,quantile,0.95,56.74166991
3/6/2023,1 wk ahead inc flu hosp,3/11/2023,17,quantile,0.975,64.51412631
3/6/2023,1 wk ahead inc flu hosp,3/11/2023,17,quantile,0.99,74.16949914
3/6/2023,1 wk ahead inc flu hosp,3/11/2023,18,point,NA,39.20957947
3/6/2023,1 wk ahead inc flu hosp,3/11/2023,18,quantile,0.01,7.521349533
3/6/2023,1 wk ahead inc flu hosp,3/11/2023,18,quantile,0.025,10.7755781
3/6/2023,1 wk ahead inc flu hosp,3/11/2023,18,quantile,0.05,14.06467738
3/6/2023,1 wk ahead inc flu hosp,3/11/2023,18,quantile,0.1,18.44199691
3/6/2023,1 wk ahead inc flu hosp,3/11/2023,18,quantile,0.15,21.76068015
3/6/2023,1 wk ahead inc flu hosp,3/11/2023,18,quantile,0.2,24.61352418
3/6/2023,1 wk ahead inc flu hosp,3/11/2023,18,quantile,0.25,27.21566135
3/6/2023,1 wk ahead inc flu hosp,3/11/2023,18,quantile,0.3,29.67592672
3/6/2023,1 wk ahead inc flu hosp,3/11/2023,18,quantile,0.35,32.06130092
3/6/2023,1 wk ahead inc flu hosp,3/11/2023,18,quantile,0.4,34.41971547
3/6/2023,1 wk ahead inc flu hosp,3/11/2023,18,quantile,0.45,36.79037384
3/6/2023,1 wk ahead inc flu hosp,3/11/2023,18,quantile,0.5,39.20957947
3/6/2023,1 wk ahead inc flu hosp,3/11/2023,18,quantile,0.55,41.71499941
3/6/2023,1 wk ahead inc flu hosp,3/11/2023,18,quantile,0.6,44.34986503
3/6/2023,1 wk ahead inc flu hosp,3/11/2023,18,quantile,0.65,47.16839612
3/6/2023,1 wk ahead inc flu hosp,3/11/2023,18,quantile,0.7,50.24433671
3/6/2023,1 wk ahead inc flu hosp,3/11/2023,18,quantile,0.75,53.68647
3/6/2023,1 wk ahead inc flu hosp,3/11/2023,18,quantile,0.8,57.67077121
3/6/2023,1 wk ahead inc flu hosp,3/11/2023,18,quantile,0.85,62.51829702
3/6/2023,1 wk ahead inc flu hosp,3/11/2023,18,quantile,0.9,68.9322557
3/6/2023,1 wk ahead inc flu hosp,3/11/2023,18,quantile,0.95,79.09346067
3/6/2023,1 wk ahead inc flu hosp,3/11/2023,18,quantile,0.975,88.55054249
3/6/2023,1 wk ahead inc flu hosp,3/11/2023,18,quantile,0.99,100.3117925
3/6/2023,1 wk ahead inc flu hosp,3/11/2023,19,point,NA,5.860823728
3/6/2023,1 wk ahead inc flu hosp,3/11/2023,19,quantile,0.01,0.504819876
3/6/2023,1 wk ahead inc flu hosp,3/11/2023,19,quantile,0.025,0.985458926
3/6/2023,1 wk ahead inc flu hosp,3/11/2023,19,quantile,0.05,1.486298118
3/6/2023,1 wk ahead inc flu hosp,3/11/2023,19,quantile,0.1,2.178449568
3/6/2023,1 wk ahead inc flu hosp,3/11/2023,19,quantile,0.15,2.723063519
3/6/2023,1 wk ahead inc flu hosp,3/11/2023,19,quantile,0.2,3.204855524
3/6/2023,1 wk ahead inc flu hosp,3/11/2023,19,quantile,0.25,3.655169109
3/6/2023,1 wk ahead inc flu hosp,3/11/2023,19,quantile,0.3,4.090340449
3/6/2023,1 wk ahead inc flu hosp,3/11/2023,19,quantile,0.35,4.520884179
3/6/2023,1 wk ahead inc flu hosp,3/11/2023,19,quantile,0.4,4.954796245
3/6/2023,1 wk ahead inc flu hosp,3/11/2023,19,quantile,0.45,5.399105777
3/6/2023,1 wk ahead inc flu hosp,3/11/2023,19,quantile,0.5,5.860823728
3/6/2023,1 wk ahead inc flu hosp,3/11/2023,19,quantile,0.55,6.347729081
3/6/2023,1 wk ahead inc flu hosp,3/11/2023,19,quantile,0.6,6.869250948
3/6/2023,1 wk ahead inc flu hosp,3/11/2023,19,quantile,0.65,7.437716473
3/6/2023,1 wk ahead inc flu hosp,3/11/2023,19,quantile,0.7,8.070415553
3/6/2023,1 wk ahead inc flu hosp,3/11/2023,19,quantile,0.75,8.793453164
3/6/2023,1 wk ahead inc flu hosp,3/11/2023,19,quantile,0.8,9.649861091
3/6/2023,1 wk ahead inc flu hosp,3/11/2023,19,quantile,0.85,10.7195054
3/6/2023,1 wk ahead inc flu hosp,3/11/2023,19,quantile,0.9,12.18053641
3/6/2023,1 wk ahead inc flu hosp,3/11/2023,19,quantile,0.95,14.59891574
3/6/2023,1 wk ahead inc flu hosp,3/11/2023,19,quantile,0.975,16.96057532
3/6/2023,1 wk ahead inc flu hosp,3/11/2023,19,quantile,0.99,20.04187394
3/6/2023,1 wk ahead inc flu hosp,3/11/2023,20,point,NA,3.071407971
3/6/2023,1 wk ahead inc flu hosp,3/11/2023,20,quantile,0.01,0
3/6/2023,1 wk ahead inc flu hosp,3/11/2023,20,quantile,0.025,0
3/6/2023,1 wk ahead inc flu hosp,3/11/2023,20,quantile,0.05,0.181537966
3/6/2023,1 wk ahead inc flu hosp,3/11/2023,20,quantile,0.1,0.64712686
3/6/2023,1 wk ahead inc flu hosp,3/11/2023,20,quantile,0.15,1.013896434
3/6/2023,1 wk ahead inc flu hosp,3/11/2023,20,quantile,0.2,1.336881388
3/6/2023,1 wk ahead inc flu hosp,3/11/2023,20,quantile,0.25,1.636830269
3/6/2023,1 wk ahead inc flu hosp,3/11/2023,20,quantile,0.3,1.924588956
3/6/2023,1 wk ahead inc flu hosp,3/11/2023,20,quantile,0.35,2.2070763
3/6/2023,1 wk ahead inc flu hosp,3/11/2023,20,quantile,0.4,2.489453211
3/6/2023,1 wk ahead inc flu hosp,3/11/2023,20,quantile,0.45,2.776137363
3/6/2023,1 wk ahead inc flu hosp,3/11/2023,20,quantile,0.5,3.071407971
3/6/2023,1 wk ahead inc flu hosp,3/11/2023,20,quantile,0.55,3.379884378
3/6/2023,1 wk ahead inc flu hosp,3/11/2023,20,quantile,0.6,3.707037218
3/6/2023,1 wk ahead inc flu hosp,3/11/2023,20,quantile,0.65,4.059886619
3/6/2023,1 wk ahead inc flu hosp,3/11/2023,20,quantile,0.7,4.448133886
3/6/2023,1 wk ahead inc flu hosp,3/11/2023,20,quantile,0.75,4.886246948
3/6/2023,1 wk ahead inc flu hosp,3/11/2023,20,quantile,0.8,5.397811381
3/6/2023,1 wk ahead inc flu hosp,3/11/2023,20,quantile,0.85,6.026115
3/6/2023,1 wk ahead inc flu hosp,3/11/2023,20,quantile,0.9,6.866486335
3/6/2023,1 wk ahead inc flu hosp,3/11/2023,20,quantile,0.95,8.216450701
3/6/2023,1 wk ahead inc flu hosp,3/11/2023,20,quantile,0.975,9.490785589
3/6/2023,1 wk ahead inc flu hosp,3/11/2023,20,quantile,0.99,11.09645439
3/6/2023,1 wk ahead inc flu hosp,3/11/2023,21,point,NA,12.34776612
3/6/2023,1 wk ahead inc flu hosp,3/11/2023,21,quantile,0.01,1.878032302
3/6/2023,1 wk ahead inc flu hosp,3/11/2023,21,quantile,0.025,2.879670636
3/6/2023,1 wk ahead inc flu hosp,3/11/2023,21,quantile,0.05,3.909548985
3/6/2023,1 wk ahead inc flu hosp,3/11/2023,21,quantile,0.1,5.308479689
3/6/2023,1 wk ahead inc flu hosp,3/11/2023,21,quantile,0.15,6.390145057
3/6/2023,1 wk ahead inc flu hosp,3/11/2023,21,quantile,0.2,7.33393754
3/6/2023,1 wk ahead inc flu hosp,3/11/2023,21,quantile,0.25,8.20563467
3/6/2023,1 wk ahead inc flu hosp,3/11/2023,21,quantile,0.3,9.039001842
3/6/2023,1 wk ahead inc flu hosp,3/11/2023,21,quantile,0.35,9.85526754
3/6/2023,1 wk ahead inc flu hosp,3/11/2023,21,quantile,0.4,10.67007056
3/6/2023,1 wk ahead inc flu hosp,3/11/2023,21,quantile,0.45,11.49665936
3/6/2023,1 wk ahead inc flu hosp,3/11/2023,21,quantile,0.5,12.34776612
3/6/2023,1 wk ahead inc flu hosp,3/11/2023,21,quantile,0.55,13.23706273
3/6/2023,1 wk ahead inc flu hosp,3/11/2023,21,quantile,0.6,14.1806931
3/6/2023,1 wk ahead inc flu hosp,3/11/2023,21,quantile,0.65,15.19935
3/6/2023,1 wk ahead inc flu hosp,3/11/2023,21,quantile,0.7,16.32163246
3/6/2023,1 wk ahead inc flu hosp,3/11/2023,21,quantile,0.75,17.59023284
3/6/2023,1 wk ahead inc flu hosp,3/11/2023,21,quantile,0.8,19.07486133
3/6/2023,1 wk ahead inc flu hosp,3/11/2023,21,quantile,0.85,20.90374723
3/6/2023,1 wk ahead inc flu hosp,3/11/2023,21,quantile,0.9,23.36013445
3/6/2023,1 wk ahead inc flu hosp,3/11/2023,21,quantile,0.95,27.33208392
3/6/2023,1 wk ahead inc flu hosp,3/11/2023,21,quantile,0.975,31.11199716
3/6/2023,1 wk ahead inc flu hosp,3/11/2023,21,quantile,0.99,35.91728214
3/6/2023,1 wk ahead inc flu hosp,3/11/2023,22,point,NA,23.35887304
3/6/2023,1 wk ahead inc flu hosp,3/11/2023,22,quantile,0.01,8.396677017
3/6/2023,1 wk ahead inc flu hosp,3/11/2023,22,quantile,0.025,10.2904326
3/6/2023,1 wk ahead inc flu hosp,3/11/2023,22,quantile,0.05,12.05763881
3/6/2023,1 wk ahead inc flu hosp,3/11/2023,22,quantile,0.1,14.25395899
3/6/2023,1 wk ahead inc flu hosp,3/11/2023,22,quantile,0.15,15.8318794
3/6/2023,1 wk ahead inc flu hosp,3/11/2023,22,quantile,0.2,17.14115204
3/6/2023,1 wk ahead inc flu hosp,3/11/2023,22,quantile,0.25,18.3033373
3/6/2023,1 wk ahead inc flu hosp,3/11/2023,22,quantile,0.3,19.37766234
3/6/2023,1 wk ahead inc flu hosp,3/11/2023,22,quantile,0.35,20.39906751
3/6/2023,1 wk ahead inc flu hosp,3/11/2023,22,quantile,0.4,21.39129915
3/6/2023,1 wk ahead inc flu hosp,3/11/2023,22,quantile,0.45,22.37262562
3/6/2023,1 wk ahead inc flu hosp,3/11/2023,22,quantile,0.5,23.35887304
3/6/2023,1 wk ahead inc flu hosp,3/11/2023,22,quantile,0.55,24.3654336
3/6/2023,1 wk ahead inc flu hosp,3/11/2023,22,quantile,0.6,25.40901378
3/6/2023,1 wk ahead inc flu hosp,3/11/2023,22,quantile,0.65,26.50967205
3/6/2023,1 wk ahead inc flu hosp,3/11/2023,22,quantile,0.7,27.69383777
3/6/2023,1 wk ahead inc flu hosp,3/11/2023,22,quantile,0.75,28.99963938
3/6/2023,1 wk ahead inc flu hosp,3/11/2023,22,quantile,0.8,30.48778894
3/6/2023,1 wk ahead inc flu hosp,3/11/2023,22,quantile,0.85,32.26772341
3/6/2023,1 wk ahead inc flu hosp,3/11/2023,22,quantile,0.9,34.57657551
3/6/2023,1 wk ahead inc flu hosp,3/11/2023,22,quantile,0.95,38.14063557
3/6/2023,1 wk ahead inc flu hosp,3/11/2023,22,quantile,0.975,41.36921646
3/6/2023,1 wk ahead inc flu hosp,3/11/2023,22,quantile,0.99,45.28344882
3/6/2023,1 wk ahead inc flu hosp,3/11/2023,23,point,NA,2.675001096
3/6/2023,1 wk ahead inc flu hosp,3/11/2023,23,quantile,0.01,0
3/6/2023,1 wk ahead inc flu hosp,3/11/2023,23,quantile,0.025,0
3/6/2023,1 wk ahead inc flu hosp,3/11/2023,23,quantile,0.05,0.041496185
3/6/2023,1 wk ahead inc flu hosp,3/11/2023,23,quantile,0.1,0.437211126
3/6/2023,1 wk ahead inc flu hosp,3/11/2023,23,quantile,0.15,0.757253193
3/6/2023,1 wk ahead inc flu hosp,3/11/2023,23,quantile,0.2,1.044949232
3/6/2023,1 wk ahead inc flu hosp,3/11/2023,23,quantile,0.25,1.316847816
3/6/2023,1 wk ahead inc flu hosp,3/11/2023,23,quantile,0.3,1.58180724
3/6/2023,1 wk ahead inc flu hosp,3/11/2023,23,quantile,0.35,1.845687027
3/6/2023,1 wk ahead inc flu hosp,3/11/2023,23,quantile,0.4,2.113071259
3/6/2023,1 wk ahead inc flu hosp,3/11/2023,23,quantile,0.45,2.38810053
3/6/2023,1 wk ahead inc flu hosp,3/11/2023,23,quantile,0.5,2.675001096
3/6/2023,1 wk ahead inc flu hosp,3/11/2023,23,quantile,0.55,2.978544721
3/6/2023,1 wk ahead inc flu hosp,3/11/2023,23,quantile,0.6,3.304584771
3/6/2023,1 wk ahead inc flu hosp,3/11/2023,23,quantile,0.65,3.660831036
3/6/2023,1 wk ahead inc flu hosp,3/11/2023,23,quantile,0.7,4.05814356
3/6/2023,1 wk ahead inc flu hosp,3/11/2023,23,quantile,0.75,4.51295427
3/6/2023,1 wk ahead inc flu hosp,3/11/2023,23,quantile,0.8,5.052368927
3/6/2023,1 wk ahead inc flu hosp,3/11/2023,23,quantile,0.85,5.726680677
3/6/2023,1 wk ahead inc flu hosp,3/11/2023,23,quantile,0.9,6.647947421
3/6/2023,1 wk ahead inc flu hosp,3/11/2023,23,quantile,0.95,8.171362747
3/6/2023,1 wk ahead inc flu hosp,3/11/2023,23,quantile,0.975,9.655259161
3/6/2023,1 wk ahead inc flu hosp,3/11/2023,23,quantile,0.99,11.58363939
3/6/2023,1 wk ahead inc flu hosp,3/11/2023,24,point,NA,9.801786963
3/6/2023,1 wk ahead inc flu hosp,3/11/2023,24,quantile,0.01,0
3/6/2023,1 wk ahead inc flu hosp,3/11/2023,24,quantile,0.025,0
3/6/2023,1 wk ahead inc flu hosp,3/11/2023,24,quantile,0.05,0.572057979
3/6/2023,1 wk ahead inc flu hosp,3/11/2023,24,quantile,0.1,1.738507248
3/6/2023,1 wk ahead inc flu hosp,3/11/2023,24,quantile,0.15,2.772213313
3/6/2023,1 wk ahead inc flu hosp,3/11/2023,24,quantile,0.2,3.750381944
3/6/2023,1 wk ahead inc flu hosp,3/11/2023,24,quantile,0.25,4.707825185
3/6/2023,1 wk ahead inc flu hosp,3/11/2023,24,quantile,0.3,5.665755429
3/6/2023,1 wk ahead inc flu hosp,3/11/2023,24,quantile,0.35,6.640039287
3/6/2023,1 wk ahead inc flu hosp,3/11/2023,24,quantile,0.4,7.644616048
3/6/2023,1 wk ahead inc flu hosp,3/11/2023,24,quantile,0.45,8.693407784
3/6/2023,1 wk ahead inc flu hosp,3/11/2023,24,quantile,0.5,9.801786963
3/6/2023,1 wk ahead inc flu hosp,3/11/2023,24,quantile,0.55,10.98811355
3/6/2023,1 wk ahead inc flu hosp,3/11/2023,24,quantile,0.6,12.27577028
3/6/2023,1 wk ahead inc flu hosp,3/11/2023,24,quantile,0.65,13.69630114
3/6/2023,1 wk ahead inc flu hosp,3/11/2023,24,quantile,0.7,15.29480095
3/6/2023,1 wk ahead inc flu hosp,3/11/2023,24,quantile,0.75,17.14011634
3/6/2023,1 wk ahead inc flu hosp,3/11/2023,24,quantile,0.8,19.34643315
3/6/2023,1 wk ahead inc flu hosp,3/11/2023,24,quantile,0.85,22.12632369
3/6/2023,1 wk ahead inc flu hosp,3/11/2023,24,quantile,0.9,25.95444858
3/6/2023,1 wk ahead inc flu hosp,3/11/2023,24,quantile,0.95,32.33780121
3/6/2023,1 wk ahead inc flu hosp,3/11/2023,24,quantile,0.975,38.59598252
3/6/2023,1 wk ahead inc flu hosp,3/11/2023,24,quantile,0.99,46.76137217
3/6/2023,1 wk ahead inc flu hosp,3/11/2023,25,point,NA,15.59236054
3/6/2023,1 wk ahead inc flu hosp,3/11/2023,25,quantile,0.01,2.5529763
3/6/2023,1 wk ahead inc flu hosp,3/11/2023,25,quantile,0.025,3.825136202
3/6/2023,1 wk ahead inc flu hosp,3/11/2023,25,quantile,0.05,5.127424691
3/6/2023,1 wk ahead inc flu hosp,3/11/2023,25,quantile,0.1,6.88668467
3/6/2023,1 wk ahead inc flu hosp,3/11/2023,25,quantile,0.15,8.239588502
3/6/2023,1 wk ahead inc flu hosp,3/11/2023,25,quantile,0.2,9.415101803
3/6/2023,1 wk ahead inc flu hosp,3/11/2023,25,quantile,0.25,10.49695015
3/6/2023,1 wk ahead inc flu hosp,3/11/2023,25,quantile,0.3,11.52793104
3/6/2023,1 wk ahead inc flu hosp,3/11/2023,25,quantile,0.35,12.53478049
3/6/2023,1 wk ahead inc flu hosp,3/11/2023,25,quantile,0.4,13.53702378
3/6/2023,1 wk ahead inc flu hosp,3/11/2023,25,quantile,0.45,14.55102999
3/6/2023,1 wk ahead inc flu hosp,3/11/2023,25,quantile,0.5,15.59236054
3/6/2023,1 wk ahead inc flu hosp,3/11/2023,25,quantile,0.55,16.6775612
3/6/2023,1 wk ahead inc flu hosp,3/11/2023,25,quantile,0.6,17.82601246
3/6/2023,1 wk ahead inc flu hosp,3/11/2023,25,quantile,0.65,19.0624036
3/6/2023,1 wk ahead inc flu hosp,3/11/2023,25,quantile,0.7,20.42070277
3/6/2023,1 wk ahead inc flu hosp,3/11/2023,25,quantile,0.75,21.95144491
3/6/2023,1 wk ahead inc flu hosp,3/11/2023,25,quantile,0.8,23.73692065
3/6/2023,1 wk ahead inc flu hosp,3/11/2023,25,quantile,0.85,25.92812811
3/6/2023,1 wk ahead inc flu hosp,3/11/2023,25,quantile,0.9,28.85773898
3/6/2023,1 wk ahead inc flu hosp,3/11/2023,25,quantile,0.95,33.56523098
3/6/2023,1 wk ahead inc flu hosp,3/11/2023,25,quantile,0.975,38.01446795
3/6/2023,1 wk ahead inc flu hosp,3/11/2023,25,quantile,0.99,43.63218671
3/6/2023,1 wk ahead inc flu hosp,3/11/2023,26,point,NA,40.63558025
3/6/2023,1 wk ahead inc flu hosp,3/11/2023,26,quantile,0.01,4.458769084
3/6/2023,1 wk ahead inc flu hosp,3/11/2023,26,quantile,0.025,7.856410594
3/6/2023,1 wk ahead inc flu hosp,3/11/2023,26,quantile,0.05,11.45596692
3/6/2023,1 wk ahead inc flu hosp,3/11/2023,26,quantile,0.1,16.3920901
3/6/2023,1 wk ahead inc flu hosp,3/11/2023,26,quantile,0.15,20.20206654
3/6/2023,1 wk ahead inc flu hosp,3/11/2023,26,quantile,0.2,23.50749452
3/6/2023,1 wk ahead inc flu hosp,3/11/2023,26,quantile,0.25,26.53990316
3/6/2023,1 wk ahead inc flu hosp,3/11/2023,26,quantile,0.3,29.41841143
3/6/2023,1 wk ahead inc flu hosp,3/11/2023,26,quantile,0.35,32.21735605
3/6/2023,1 wk ahead inc flu hosp,3/11/2023,26,quantile,0.4,34.99061585
3/6/2023,1 wk ahead inc flu hosp,3/11/2023,26,quantile,0.45,37.78278303
3/6/2023,1 wk ahead inc flu hosp,3/11/2023,26,quantile,0.5,40.63558025
3/6/2023,1 wk ahead inc flu hosp,3/11/2023,26,quantile,0.55,43.59265378
3/6/2023,1 wk ahead inc flu hosp,3/11/2023,26,quantile,0.6,46.70438955
3/6/2023,1 wk ahead inc flu hosp,3/11/2023,26,quantile,0.65,50.03421221
3/6/2023,1 wk ahead inc flu hosp,3/11/2023,26,quantile,0.7,53.66855736
3/6/2023,1 wk ahead inc flu hosp,3/11/2023,26,quantile,0.75,57.73503392
3/6/2023,1 wk ahead inc flu hosp,3/11/2023,26,quantile,0.8,62.44007215
3/6/2023,1 wk ahead inc flu hosp,3/11/2023,26,quantile,0.85,68.1600729
3/6/2023,1 wk ahead inc flu hosp,3/11/2023,26,quantile,0.9,75.71854569
3/6/2023,1 wk ahead inc flu hosp,3/11/2023,26,quantile,0.95,87.66457099
3/6/2023,1 wk ahead inc flu hosp,3/11/2023,26,quantile,0.975,98.74732104
3/6/2023,1 wk ahead inc flu hosp,3/11/2023,26,quantile,0.99,112.4791434
3/6/2023,1 wk ahead inc flu hosp,3/11/2023,27,point,NA,11.80290864
3/6/2023,1 wk ahead inc flu hosp,3/11/2023,27,quantile,0.01,0
3/6/2023,1 wk ahead inc flu hosp,3/11/2023,27,quantile,0.025,0.679005404
3/6/2023,1 wk ahead inc flu hosp,3/11/2023,27,quantile,0.05,1.541235559
3/6/2023,1 wk ahead inc flu hosp,3/11/2023,27,quantile,0.1,2.887238835
3/6/2023,1 wk ahead inc flu hosp,3/11/2023,27,quantile,0.15,4.045145134
3/6/2023,1 wk ahead inc flu hosp,3/11/2023,27,quantile,0.2,5.128327322
3/6/2023,1 wk ahead inc flu hosp,3/11/2023,27,quantile,0.25,6.183366998
3/6/2023,1 wk ahead inc flu hosp,3/11/2023,27,quantile,0.3,7.237185173
3/6/2023,1 wk ahead inc flu hosp,3/11/2023,27,quantile,0.35,8.309238157
3/6/2023,1 wk ahead inc flu hosp,3/11/2023,27,quantile,0.4,9.416257654
3/6/2023,1 wk ahead inc flu hosp,3/11/2023,27,quantile,0.45,10.57476311
3/6/2023,1 wk ahead inc flu hosp,3/11/2023,27,quantile,0.5,11.80290864
3/6/2023,1 wk ahead inc flu hosp,3/11/2023,27,quantile,0.55,13.12236349
3/6/2023,1 wk ahead inc flu hosp,3/11/2023,27,quantile,0.6,14.56077247
3/6/2023,1 wk ahead inc flu hosp,3/11/2023,27,quantile,0.65,16.1555402
3/6/2023,1 wk ahead inc flu hosp,3/11/2023,27,quantile,0.7,17.96033855
3/6/2023,1 wk ahead inc flu hosp,3/11/2023,27,quantile,0.75,20.05746098
3/6/2023,1 wk ahead inc flu hosp,3/11/2023,27,quantile,0.8,22.58406884
3/6/2023,1 wk ahead inc flu hosp,3/11/2023,27,quantile,0.85,25.79699586
3/6/2023,1 wk ahead inc flu hosp,3/11/2023,27,quantile,0.9,30.27394937
3/6/2023,1 wk ahead inc flu hosp,3/11/2023,27,quantile,0.95,37.86856808
3/6/2023,1 wk ahead inc flu hosp,3/11/2023,27,quantile,0.975,45.46195551
3/6/2023,1 wk ahead inc flu hosp,3/11/2023,27,quantile,0.99,55.57324605
3/6/2023,1 wk ahead inc flu hosp,3/11/2023,28,point,NA,29.50601101
3/6/2023,1 wk ahead inc flu hosp,3/11/2023,28,quantile,0.01,13.19264622
3/6/2023,1 wk ahead inc flu hosp,3/11/2023,28,quantile,0.025,15.26116388
3/6/2023,1 wk ahead inc flu hosp,3/11/2023,28,quantile,0.05,17.18299294
3/6/2023,1 wk ahead inc flu hosp,3/11/2023,28,quantile,0.1,19.567758
3/6/2023,1 wk ahead inc flu hosp,3/11/2023,28,quantile,0.15,21.28172784
3/6/2023,1 wk ahead inc flu hosp,3/11/2023,28,quantile,0.2,22.70560417
3/6/2023,1 wk ahead inc flu hosp,3/11/2023,28,quantile,0.25,23.97139677
3/6/2023,1 wk ahead inc flu hosp,3/11/2023,28,quantile,0.3,25.14339815
3/6/2023,1 wk ahead inc flu hosp,3/11/2023,28,quantile,0.35,26.25958217
3/6/2023,1 wk ahead inc flu hosp,3/11/2023,28,quantile,0.4,27.34583321
3/6/2023,1 wk ahead inc flu hosp,3/11/2023,28,quantile,0.45,28.4221608
3/6/2023,1 wk ahead inc flu hosp,3/11/2023,28,quantile,0.5,29.50601101
3/6/2023,1 wk ahead inc flu hosp,3/11/2023,28,quantile,0.55,30.61447483
3/6/2023,1 wk ahead inc flu hosp,3/11/2023,28,quantile,0.6,31.76623475
3/6/2023,1 wk ahead inc flu hosp,3/11/2023,28,quantile,0.65,32.98386149
3/6/2023,1 wk ahead inc flu hosp,3/11/2023,28,quantile,0.7,34.29724572
3/6/2023,1 wk ahead inc flu hosp,3/11/2023,28,quantile,0.75,35.74968385
3/6/2023,1 wk ahead inc flu hosp,3/11/2023,28,quantile,0.8,37.41034727
3/6/2023,1 wk ahead inc flu hosp,3/11/2023,28,quantile,0.85,39.40429936
3/6/2023,1 wk ahead inc flu hosp,3/11/2023,28,quantile,0.9,42.00340027
3/6/2023,1 wk ahead inc flu hosp,3/11/2023,28,quantile,0.95,46.04382745
3/6/2023,1 wk ahead inc flu hosp,3/11/2023,28,quantile,0.975,49.7337678
3/6/2023,1 wk ahead inc flu hosp,3/11/2023,28,quantile,0.99,54.24531781
3/6/2023,1 wk ahead inc flu hosp,3/11/2023,29,point,NA,35.38093072
3/6/2023,1 wk ahead inc flu hosp,3/11/2023,29,quantile,0.01,8.092652041
3/6/2023,1 wk ahead inc flu hosp,3/11/2023,29,quantile,0.025,11.04679042
3/6/2023,1 wk ahead inc flu hosp,3/11/2023,29,quantile,0.05,13.97051415
3/6/2023,1 wk ahead inc flu hosp,3/11/2023,29,quantile,0.1,17.79547471
3/6/2023,1 wk ahead inc flu hosp,3/11/2023,29,quantile,0.15,20.65820885
3/6/2023,1 wk ahead inc flu hosp,3/11/2023,29,quantile,0.2,23.09896739
3/6/2023,1 wk ahead inc flu hosp,3/11/2023,29,quantile,0.25,25.31154114
3/6/2023,1 wk ahead inc flu hosp,3/11/2023,29,quantile,0.3,27.39300369
3/6/2023,1 wk ahead inc flu hosp,3/11/2023,29,quantile,0.35,29.40245369
3/6/2023,1 wk ahead inc flu hosp,3/11/2023,29,quantile,0.4,31.38164556
3/6/2023,1 wk ahead inc flu hosp,3/11/2023,29,quantile,0.45,33.36423732
3/6/2023,1 wk ahead inc flu hosp,3/11/2023,29,quantile,0.5,35.38093072
3/6/2023,1 wk ahead inc flu hosp,3/11/2023,29,quantile,0.55,37.46314081
3/6/2023,1 wk ahead inc flu hosp,3/11/2023,29,quantile,0.6,39.64651286
3/6/2023,1 wk ahead inc flu hosp,3/11/2023,29,quantile,0.65,41.97536965
3/6/2023,1 wk ahead inc flu hosp,3/11/2023,29,quantile,0.7,44.50962976
3/6/2023,1 wk ahead inc flu hosp,3/11/2023,29,quantile,0.75,47.33731444
3/6/2023,1 wk ahead inc flu hosp,3/11/2023,29,quantile,0.8,50.60039937
3/6/2023,1 wk ahead inc flu hosp,3/11/2023,29,quantile,0.85,54.55734315
3/6/2023,1 wk ahead inc flu hosp,3/11/2023,29,quantile,0.9,59.77315012
3/6/2023,1 wk ahead inc flu hosp,3/11/2023,29,quantile,0.95,67.9961433
3/6/2023,1 wk ahead inc flu hosp,3/11/2023,29,quantile,0.975,75.61151189
3/6/2023,1 wk ahead inc flu hosp,3/11/2023,29,quantile,0.99,85.0392306
3/6/2023,1 wk ahead inc flu hosp,3/11/2023,30,point,NA,6.731845782
3/6/2023,1 wk ahead inc flu hosp,3/11/2023,30,quantile,0.01,0.201145695
3/6/2023,1 wk ahead inc flu hosp,3/11/2023,30,quantile,0.025,0.693081893
3/6/2023,1 wk ahead inc flu hosp,3/11/2023,30,quantile,0.05,1.234537737
3/6/2023,1 wk ahead inc flu hosp,3/11/2023,30,quantile,0.1,2.022060674
3/6/2023,1 wk ahead inc flu hosp,3/11/2023,30,quantile,0.15,2.66855362
3/6/2023,1 wk ahead inc flu hosp,3/11/2023,30,quantile,0.2,3.257501731
3/6/2023,1 wk ahead inc flu hosp,3/11/2023,30,quantile,0.25,3.820954583
3/6/2023,1 wk ahead inc flu hosp,3/11/2023,30,quantile,0.3,4.376373542
3/6/2023,1 wk ahead inc flu hosp,3/11/2023,30,quantile,0.35,4.935659276
3/6/2023,1 wk ahead inc flu hosp,3/11/2023,30,quantile,0.4,5.508493223
3/6/2023,1 wk ahead inc flu hosp,3/11/2023,30,quantile,0.45,6.103996228
3/6/2023,1 wk ahead inc flu hosp,3/11/2023,30,quantile,0.5,6.731845782
3/6/2023,1 wk ahead inc flu hosp,3/11/2023,30,quantile,0.55,7.403321994
3/6/2023,1 wk ahead inc flu hosp,3/11/2023,30,quantile,0.6,8.132604238
3/6/2023,1 wk ahead inc flu hosp,3/11/2023,30,quantile,0.65,8.938715504
3/6/2023,1 wk ahead inc flu hosp,3/11/2023,30,quantile,0.7,9.848833727
3/6/2023,1 wk ahead inc flu hosp,3/11/2023,30,quantile,0.75,10.9045618
3/6/2023,1 wk ahead inc flu hosp,3/11/2023,30,quantile,0.8,12.17525243
3/6/2023,1 wk ahead inc flu hosp,3/11/2023,30,quantile,0.85,13.79096619
3/6/2023,1 wk ahead inc flu hosp,3/11/2023,30,quantile,0.9,16.04508484
3/6/2023,1 wk ahead inc flu hosp,3/11/2023,30,quantile,0.95,19.88356117
3/6/2023,1 wk ahead inc flu hosp,3/11/2023,30,quantile,0.975,23.74636027
3/6/2023,1 wk ahead inc flu hosp,3/11/2023,30,quantile,0.99,28.93501072
3/6/2023,1 wk ahead inc flu hosp,3/11/2023,31,point,NA,4.155094897
3/6/2023,1 wk ahead inc flu hosp,3/11/2023,31,quantile,0.01,0.149573206
3/6/2023,1 wk ahead inc flu hosp,3/11/2023,31,quantile,0.025,0.508772556
3/6/2023,1 wk ahead inc flu hosp,3/11/2023,31,quantile,0.05,0.882786388
3/6/2023,1 wk ahead inc flu hosp,3/11/2023,31,quantile,0.1,1.399619846
3/6/2023,1 wk ahead inc flu hosp,3/11/2023,31,quantile,0.15,1.80642566
3/6/2023,1 wk ahead inc flu hosp,3/11/2023,31,quantile,0.2,2.16647677
3/6/2023,1 wk ahead inc flu hosp,3/11/2023,31,quantile,0.25,2.503176285
3/6/2023,1 wk ahead inc flu hosp,3/11/2023,31,quantile,0.3,2.82872672
3/6/2023,1 wk ahead inc flu hosp,3/11/2023,31,quantile,0.35,3.150990458
3/6/2023,1 wk ahead inc flu hosp,3/11/2023,31,quantile,0.4,3.475956456
3/6/2023,1 wk ahead inc flu hosp,3/11/2023,31,quantile,0.45,3.808900287
3/6/2023,1 wk ahead inc flu hosp,3/11/2023,31,quantile,0.5,4.155094897
3/6/2023,1 wk ahead inc flu hosp,3/11/2023,31,quantile,0.55,4.520401846
3/6/2023,1 wk ahead inc flu hosp,3/11/2023,31,quantile,0.6,4.911937002
3/6/2023,1 wk ahead inc flu hosp,3/11/2023,31,quantile,0.65,5.339014582
3/6/2023,1 wk ahead inc flu hosp,3/11/2023,31,quantile,0.7,5.814711219
3/6/2023,1 wk ahead inc flu hosp,3/11/2023,31,quantile,0.75,6.358786634
3/6/2023,1 wk ahead inc flu hosp,3/11/2023,31,quantile,0.8,7.003837472
3/6/2023,1 wk ahead inc flu hosp,3/11/2023,31,quantile,0.85,7.810409214
3/6/2023,1 wk ahead inc flu hosp,3/11/2023,31,quantile,0.9,8.913677589
3/6/2023,1 wk ahead inc flu hosp,3/11/2023,31,quantile,0.95,10.74362401
3/6/2023,1 wk ahead inc flu hosp,3/11/2023,31,quantile,0.975,12.53485909
3/6/2023,1 wk ahead inc flu hosp,3/11/2023,31,quantile,0.99,14.8776583
3/6/2023,1 wk ahead inc flu hosp,3/11/2023,32,point,NA,6.945834714
3/6/2023,1 wk ahead inc flu hosp,3/11/2023,32,quantile,0.01,1.13506914
3/6/2023,1 wk ahead inc flu hosp,3/11/2023,32,quantile,0.025,1.708665192
3/6/2023,1 wk ahead inc flu hosp,3/11/2023,32,quantile,0.05,2.288134404
3/6/2023,1 wk ahead inc flu hosp,3/11/2023,32,quantile,0.1,3.066218374
3/6/2023,1 wk ahead inc flu hosp,3/11/2023,32,quantile,0.15,3.663983177
3/6/2023,1 wk ahead inc flu hosp,3/11/2023,32,quantile,0.2,4.184145926
3/6/2023,1 wk ahead inc flu hosp,3/11/2023,32,quantile,0.25,4.664005935
3/6/2023,1 wk ahead inc flu hosp,3/11/2023,32,quantile,0.3,5.122603707
3/6/2023,1 wk ahead inc flu hosp,3/11/2023,32,quantile,0.35,5.571871114
3/6/2023,1 wk ahead inc flu hosp,3/11/2023,32,quantile,0.4,6.020586162
3/6/2023,1 wk ahead inc flu hosp,3/11/2023,32,quantile,0.45,6.476187354
3/6/2023,1 wk ahead inc flu hosp,3/11/2023,32,quantile,0.5,6.945834714
3/6/2023,1 wk ahead inc flu hosp,3/11/2023,32,quantile,0.55,7.437234834
3/6/2023,1 wk ahead inc flu hosp,3/11/2023,32,quantile,0.6,7.959511835
3/6/2023,1 wk ahead inc flu hosp,3/11/2023,32,quantile,0.65,8.524391668
3/6/2023,1 wk ahead inc flu hosp,3/11/2023,32,quantile,0.7,9.148121946
3/6/2023,1 wk ahead inc flu hosp,3/11/2023,32,quantile,0.75,9.855017989
3/6/2023,1 wk ahead inc flu hosp,3/11/2023,32,quantile,0.8,10.68488651
3/6/2023,1 wk ahead inc flu hosp,3/11/2023,32,quantile,0.85,11.71116314
3/6/2023,1 wk ahead inc flu hosp,3/11/2023,32,quantile,0.9,13.09663655
3/6/2023,1 wk ahead inc flu hosp,3/11/2023,32,quantile,0.95,15.35432484
3/6/2023,1 wk ahead inc flu hosp,3/11/2023,32,quantile,0.975,17.52278746
3/6/2023,1 wk ahead inc flu hosp,3/11/2023,32,quantile,0.99,20.3070773
3/6/2023,1 wk ahead inc flu hosp,3/11/2023,33,point,NA,2.147767374
3/6/2023,1 wk ahead inc flu hosp,3/11/2023,33,quantile,0.01,0
3/6/2023,1 wk ahead inc flu hosp,3/11/2023,33,quantile,0.025,0
3/6/2023,1 wk ahead inc flu hosp,3/11/2023,33,quantile,0.05,0
3/6/2023,1 wk ahead inc flu hosp,3/11/2023,33,quantile,0.1,0.032599703
3/6/2023,1 wk ahead inc flu hosp,3/11/2023,33,quantile,0.15,0.326787913
3/6/2023,1 wk ahead inc flu hosp,3/11/2023,33,quantile,0.2,0.595215707
3/6/2023,1 wk ahead inc flu hosp,3/11/2023,33,quantile,0.25,0.851285278
3/6/2023,1 wk ahead inc flu hosp,3/11/2023,33,quantile,0.3,1.102419262
3/6/2023,1 wk ahead inc flu hosp,3/11/2023,33,quantile,0.35,1.353676647
3/6/2023,1 wk ahead inc flu hosp,3/11/2023,33,quantile,0.4,1.609123848
3/6/2023,1 wk ahead inc flu hosp,3/11/2023,33,quantile,0.45,1.872519296
3/6/2023,1 wk ahead inc flu hosp,3/11/2023,33,quantile,0.5,2.147767374
3/6/2023,1 wk ahead inc flu hosp,3/11/2023,33,quantile,0.55,2.439330113
3/6/2023,1 wk ahead inc flu hosp,3/11/2023,33,quantile,0.6,2.752721997
3/6/2023,1 wk ahead inc flu hosp,3/11/2023,33,quantile,0.65,3.095236096
3/6/2023,1 wk ahead inc flu hosp,3/11/2023,33,quantile,0.7,3.477163576
3/6/2023,1 wk ahead inc flu hosp,3/11/2023,33,quantile,0.75,3.914079195
3/6/2023,1 wk ahead inc flu hosp,3/11/2023,33,quantile,0.8,4.431653427
3/6/2023,1 wk ahead inc flu hosp,3/11/2023,33,quantile,0.85,5.077436632
3/6/2023,1 wk ahead inc flu hosp,3/11/2023,33,quantile,0.9,5.957103593
3/6/2023,1 wk ahead inc flu hosp,3/11/2023,33,quantile,0.95,7.40425374
3/6/2023,1 wk ahead inc flu hosp,3/11/2023,33,quantile,0.975,8.804408181
3/6/2023,1 wk ahead inc flu hosp,3/11/2023,33,quantile,0.99,10.60996499
3/6/2023,1 wk ahead inc flu hosp,3/11/2023,34,point,NA,30.46625251
3/6/2023,1 wk ahead inc flu hosp,3/11/2023,34,quantile,0.01,5.019318964
3/6/2023,1 wk ahead inc flu hosp,3/11/2023,34,quantile,0.025,7.449068794
3/6/2023,1 wk ahead inc flu hosp,3/11/2023,34,quantile,0.05,9.963290039
3/6/2023,1 wk ahead inc flu hosp,3/11/2023,34,quantile,0.1,13.38487787
3/6/2023,1 wk ahead inc flu hosp,3/11/2023,34,quantile,0.15,16.02820552
3/6/2023,1 wk ahead inc flu hosp,3/11/2023,34,quantile,0.2,18.33040399
3/6/2023,1 wk ahead inc flu hosp,3/11/2023,34,quantile,0.25,20.45229422
3/6/2023,1 wk ahead inc flu hosp,3/11/2023,34,quantile,0.3,22.47642269
3/6/2023,1 wk ahead inc flu hosp,3/11/2023,34,quantile,0.35,24.45453703
3/6/2023,1 wk ahead inc flu hosp,3/11/2023,34,quantile,0.4,26.42454841
3/6/2023,1 wk ahead inc flu hosp,3/11/2023,34,quantile,0.45,28.41832987
3/6/2023,1 wk ahead inc flu hosp,3/11/2023,34,quantile,0.5,30.46625251
3/6/2023,1 wk ahead inc flu hosp,3/11/2023,34,quantile,0.55,32.60066363
3/6/2023,1 wk ahead inc flu hosp,3/11/2023,34,quantile,0.6,34.8594934
3/6/2023,1 wk ahead inc flu hosp,3/11/2023,34,quantile,0.65,37.29108928
3/6/2023,1 wk ahead inc flu hosp,3/11/2023,34,quantile,0.7,39.96198096
3/6/2023,1 wk ahead inc flu hosp,3/11/2023,34,quantile,0.75,42.97113725
3/6/2023,1 wk ahead inc flu hosp,3/11/2023,34,quantile,0.8,46.47967285
3/6/2023,1 wk ahead inc flu hosp,3/11/2023,34,quantile,0.85,50.78309089
3/6/2023,1 wk ahead inc flu hosp,3/11/2023,34,quantile,0.9,56.5320119
3/6/2023,1 wk ahead inc flu hosp,3/11/2023,34,quantile,0.95,65.75737332
3/6/2023,1 wk ahead inc flu hosp,3/11/2023,34,quantile,0.975,74.46175343
3/6/2023,1 wk ahead inc flu hosp,3/11/2023,34,quantile,0.99,85.43098936
3/6/2023,1 wk ahead inc flu hosp,3/11/2023,35,point,NA,13.09552208
3/6/2023,1 wk ahead inc flu hosp,3/11/2023,35,quantile,0.01,3.722989938
3/6/2023,1 wk ahead inc flu hosp,3/11/2023,35,quantile,0.025,4.704846644
3/6/2023,1 wk ahead inc flu hosp,3/11/2023,35,quantile,0.05,5.674134621
3/6/2023,1 wk ahead inc flu hosp,3/11/2023,35,quantile,0.1,6.950646176
3/6/2023,1 wk ahead inc flu hosp,3/11/2023,35,quantile,0.15,7.917050204
3/6/2023,1 wk ahead inc flu hosp,3/11/2023,35,quantile,0.2,8.750259796
3/6/2023,1 wk ahead inc flu hosp,3/11/2023,35,quantile,0.25,9.513690683
3/6/2023,1 wk ahead inc flu hosp,3/11/2023,35,quantile,0.3,10.23934402
3/6/2023,1 wk ahead inc flu hosp,3/11/2023,35,quantile,0.35,10.94701803
3/6/2023,1 wk ahead inc flu hosp,3/11/2023,35,quantile,0.4,11.65106397
3/6/2023,1 wk ahead inc flu hosp,3/11/2023,35,quantile,0.45,12.36345047
3/6/2023,1 wk ahead inc flu hosp,3/11/2023,35,quantile,0.5,13.09552208
3/6/2023,1 wk ahead inc flu hosp,3/11/2023,35,quantile,0.55,13.8593306
3/6/2023,1 wk ahead inc flu hosp,3/11/2023,35,quantile,0.6,14.66900341
3/6/2023,1 wk ahead inc flu hosp,3/11/2023,35,quantile,0.65,15.54257166
3/6/2023,1 wk ahead inc flu hosp,3/11/2023,35,quantile,0.7,16.50490797
3/6/2023,1 wk ahead inc flu hosp,3/11/2023,35,quantile,0.75,17.59313309
3/6/2023,1 wk ahead inc flu hosp,3/11/2023,35,quantile,0.8,18.86791926
3/6/2023,1 wk ahead inc flu hosp,3/11/2023,35,quantile,0.85,20.44109401
3/6/2023,1 wk ahead inc flu hosp,3/11/2023,35,quantile,0.9,22.56043986
3/6/2023,1 wk ahead inc flu hosp,3/11/2023,35,quantile,0.95,26.00673926
3/6/2023,1 wk ahead inc flu hosp,3/11/2023,35,quantile,0.975,29.31217311
3/6/2023,1 wk ahead inc flu hosp,3/11/2023,35,quantile,0.99,33.55426131
3/6/2023,1 wk ahead inc flu hosp,3/11/2023,36,point,NA,53.37044583
3/6/2023,1 wk ahead inc flu hosp,3/11/2023,36,quantile,0.01,1.356681921
3/6/2023,1 wk ahead inc flu hosp,3/11/2023,36,quantile,0.025,5.083037757
3/6/2023,1 wk ahead inc flu hosp,3/11/2023,36,quantile,0.05,9.642139701
3/6/2023,1 wk ahead inc flu hosp,3/11/2023,36,quantile,0.1,16.43581655
3/6/2023,1 wk ahead inc flu hosp,3/11/2023,36,quantile,0.15,21.94281449
3/6/2023,1 wk ahead inc flu hosp,3/11/2023,36,quantile,0.2,26.84737633
3/6/2023,1 wk ahead inc flu hosp,3/11/2023,36,quantile,0.25,31.42625469
3/6/2023,1 wk ahead inc flu hosp,3/11/2023,36,quantile,0.3,35.82959514
3/6/2023,1 wk ahead inc flu hosp,3/11/2023,36,quantile,0.35,40.15551131
3/6/2023,1 wk ahead inc flu hosp,3/11/2023,36,quantile,0.4,44.47837535
3/6/2023,1 wk ahead inc flu hosp,3/11/2023,36,quantile,0.45,48.86248691
3/6/2023,1 wk ahead inc flu hosp,3/11/2023,36,quantile,0.5,53.37044583
3/6/2023,1 wk ahead inc flu hosp,3/11/2023,36,quantile,0.55,58.06992526
3/6/2023,1 wk ahead inc flu hosp,3/11/2023,36,quantile,0.6,63.04100272
3/6/2023,1 wk ahead inc flu hosp,3/11/2023,36,quantile,0.65,68.38622413
3/6/2023,1 wk ahead inc flu hosp,3/11/2023,36,quantile,0.7,74.24692231
3/6/2023,1 wk ahead inc flu hosp,3/11/2023,36,quantile,0.75,80.83324262
3/6/2023,1 wk ahead inc flu hosp,3/11/2023,36,quantile,0.8,88.4866423
3/6/2023,1 wk ahead inc flu hosp,3/11/2023,36,quantile,0.85,97.8314905
3/6/2023,1 wk ahead inc flu hosp,3/11/2023,36,quantile,0.9,110.2365347
3/6/2023,1 wk ahead inc flu hosp,3/11/2023,36,quantile,0.95,129.9461406
3/6/2023,1 wk ahead inc flu hosp,3/11/2023,36,quantile,0.975,148.3181804
3/6/2023,1 wk ahead inc flu hosp,3/11/2023,36,quantile,0.99,171.1672964
3/6/2023,1 wk ahead inc flu hosp,3/11/2023,37,point,NA,35.74606677
3/6/2023,1 wk ahead inc flu hosp,3/11/2023,37,quantile,0.01,9.287026066
3/6/2023,1 wk ahead inc flu hosp,3/11/2023,37,quantile,0.025,12.02486786
3/6/2023,1 wk ahead inc flu hosp,3/11/2023,37,quantile,0.05,14.75493417
3/6/2023,1 wk ahead inc flu hosp,3/11/2023,37,quantile,0.1,18.37065488
3/6/2023,1 wk ahead inc flu hosp,3/11/2023,37,quantile,0.15,21.11372931
3/6/2023,1 wk ahead inc flu hosp,3/11/2023,37,quantile,0.2,23.47858506
3/6/2023,1 wk ahead inc flu hosp,3/11/2023,37,quantile,0.25,25.64337944
3/6/2023,1 wk ahead inc flu hosp,3/11/2023,37,quantile,0.3,27.69816411
3/6/2023,1 wk ahead inc flu hosp,3/11/2023,37,quantile,0.35,29.69858906
3/6/2023,1 wk ahead inc flu hosp,3/11/2023,37,quantile,0.4,31.68483936
3/6/2023,1 wk ahead inc flu hosp,3/11/2023,37,quantile,0.45,33.69022169
3/6/2023,1 wk ahead inc flu hosp,3/11/2023,37,quantile,0.5,35.74606677
3/6/2023,1 wk ahead inc flu hosp,3/11/2023,37,quantile,0.55,37.88539864
3/6/2023,1 wk ahead inc flu hosp,3/11/2023,37,quantile,0.6,40.14665318
3/6/2023,1 wk ahead inc flu hosp,3/11/2023,37,quantile,0.65,42.57858955
3/6/2023,1 wk ahead inc flu hosp,3/11/2023,37,quantile,0.7,45.2481258
3/6/2023,1 wk ahead inc flu hosp,3/11/2023,37,quantile,0.75,48.2546931
3/6/2023,1 wk ahead inc flu hosp,3/11/2023,37,quantile,0.8,51.7601396
3/6/2023,1 wk ahead inc flu hosp,3/11/2023,37,quantile,0.85,56.06150584
3/6/2023,1 wk ahead inc flu hosp,3/11/2023,37,quantile,0.9,61.81367825
3/6/2023,1 wk ahead inc flu hosp,3/11/2023,37,quantile,0.95,71.06574352
3/6/2023,1 wk ahead inc flu hosp,3/11/2023,37,quantile,0.975,79.8261473
3/6/2023,1 wk ahead inc flu hosp,3/11/2023,37,quantile,0.99,90.9153204
3/6/2023,1 wk ahead inc flu hosp,3/11/2023,38,point,NA,5.618939964
3/6/2023,1 wk ahead inc flu hosp,3/11/2023,38,quantile,0.01,0
3/6/2023,1 wk ahead inc flu hosp,3/11/2023,38,quantile,0.025,0.315876436
3/6/2023,1 wk ahead inc flu hosp,3/11/2023,38,quantile,0.05,0.771956137
3/6/2023,1 wk ahead inc flu hosp,3/11/2023,38,quantile,0.1,1.446177164
3/6/2023,1 wk ahead inc flu hosp,3/11/2023,38,quantile,0.15,2.006824721
3/6/2023,1 wk ahead inc flu hosp,3/11/2023,38,quantile,0.2,2.521973668
3/6/2023,1 wk ahead inc flu hosp,3/11/2023,38,quantile,0.25,3.018106943
3/6/2023,1 wk ahead inc flu hosp,3/11/2023,38,quantile,0.3,3.509878035
3/6/2023,1 wk ahead inc flu hosp,3/11/2023,38,quantile,0.35,4.007464331
3/6/2023,1 wk ahead inc flu hosp,3/11/2023,38,quantile,0.4,4.519318034
3/6/2023,1 wk ahead inc flu hosp,3/11/2023,38,quantile,0.45,5.053558495
3/6/2023,1 wk ahead inc flu hosp,3/11/2023,38,quantile,0.5,5.618939964
3/6/2023,1 wk ahead inc flu hosp,3/11/2023,38,quantile,0.55,6.225789243
3/6/2023,1 wk ahead inc flu hosp,3/11/2023,38,quantile,0.6,6.887196853
3/6/2023,1 wk ahead inc flu hosp,3/11/2023,38,quantile,0.65,7.620826561
3/6/2023,1 wk ahead inc flu hosp,3/11/2023,38,quantile,0.7,8.452016099
3/6/2023,1 wk ahead inc flu hosp,3/11/2023,38,quantile,0.75,9.419666459
3/6/2023,1 wk ahead inc flu hosp,3/11/2023,38,quantile,0.8,10.58878172
3/6/2023,1 wk ahead inc flu hosp,3/11/2023,38,quantile,0.85,12.08153585
3/6/2023,1 wk ahead inc flu hosp,3/11/2023,38,quantile,0.9,14.17417017
3/6/2023,1 wk ahead inc flu hosp,3/11/2023,38,quantile,0.95,17.76011594
3/6/2023,1 wk ahead inc flu hosp,3/11/2023,38,quantile,0.975,21.39210393
3/6/2023,1 wk ahead inc flu hosp,3/11/2023,38,quantile,0.99,26.30023859
3/6/2023,1 wk ahead inc flu hosp,3/11/2023,39,point,NA,32.45958261
3/6/2023,1 wk ahead inc flu hosp,3/11/2023,39,quantile,0.01,7.992158255
3/6/2023,1 wk ahead inc flu hosp,3/11/2023,39,quantile,0.025,10.54100841
3/6/2023,1 wk ahead inc flu hosp,3/11/2023,39,quantile,0.05,13.08249194
3/6/2023,1 wk ahead inc flu hosp,3/11/2023,39,quantile,0.1,16.44340628
3/6/2023,1 wk ahead inc flu hosp,3/11/2023,39,quantile,0.15,18.98754795
3/6/2023,1 wk ahead inc flu hosp,3/11/2023,39,quantile,0.2,21.17641396
3/6/2023,1 wk ahead inc flu hosp,3/11/2023,39,quantile,0.25,23.17627086
3/6/2023,1 wk ahead inc flu hosp,3/11/2023,39,quantile,0.3,25.07103393
3/6/2023,1 wk ahead inc flu hosp,3/11/2023,39,quantile,0.35,26.91240513
3/6/2023,1 wk ahead inc flu hosp,3/11/2023,39,quantile,0.4,28.73754522
3/6/2023,1 wk ahead inc flu hosp,3/11/2023,39,quantile,0.45,30.57706886
3/6/2023,1 wk ahead inc flu hosp,3/11/2023,39,quantile,0.5,32.45958261
3/6/2023,1 wk ahead inc flu hosp,3/11/2023,39,quantile,0.55,34.41504628
3/6/2023,1 wk ahead inc flu hosp,3/11/2023,39,quantile,0.6,36.47813859
3/6/2023,1 wk ahead inc flu hosp,3/11/2023,39,quantile,0.65,38.69266184
3/6/2023,1 wk ahead inc flu hosp,3/11/2023,39,quantile,0.7,41.11853143
3/6/2023,1 wk ahead inc flu hosp,3/11/2023,39,quantile,0.75,43.84454313
3/6/2023,1 wk ahead inc flu hosp,3/11/2023,39,quantile,0.8,47.01492162
3/6/2023,1 wk ahead inc flu hosp,3/11/2023,39,quantile,0.85,50.89382993
3/6/2023,1 wk ahead inc flu hosp,3/11/2023,39,quantile,0.9,56.06239521
3/6/2023,1 wk ahead inc flu hosp,3/11/2023,39,quantile,0.95,64.33358037
3/6/2023,1 wk ahead inc flu hosp,3/11/2023,39,quantile,0.975,72.1205842
3/6/2023,1 wk ahead inc flu hosp,3/11/2023,39,quantile,0.99,81.92026464
3/6/2023,1 wk ahead inc flu hosp,3/11/2023,40,point,NA,26.32483526
3/6/2023,1 wk ahead inc flu hosp,3/11/2023,40,quantile,0.01,4.434827165
3/6/2023,1 wk ahead inc flu hosp,3/11/2023,40,quantile,0.025,6.39101793
3/6/2023,1 wk ahead inc flu hosp,3/11/2023,40,quantile,0.05,8.442195903
3/6/2023,1 wk ahead inc flu hosp,3/11/2023,40,quantile,0.1,11.28440877
3/6/2023,1 wk ahead inc flu hosp,3/11/2023,40,quantile,0.15,13.52100821
3/6/2023,1 wk ahead inc flu hosp,3/11/2023,40,quantile,0.2,15.49746302
3/6/2023,1 wk ahead inc flu hosp,3/11/2023,40,quantile,0.25,17.34199451
3/6/2023,1 wk ahead inc flu hosp,3/11/2023,40,quantile,0.3,19.12142658
3/6/2023,1 wk ahead inc flu hosp,3/11/2023,40,quantile,0.35,20.87865142
3/6/2023,1 wk ahead inc flu hosp,3/11/2023,40,quantile,0.4,22.64611879
3/6/2023,1 wk ahead inc flu hosp,3/11/2023,40,quantile,0.45,24.45216167
3/6/2023,1 wk ahead inc flu hosp,3/11/2023,40,quantile,0.5,26.32483526
3/6/2023,1 wk ahead inc flu hosp,3/11/2023,40,quantile,0.55,28.29506029
3/6/2023,1 wk ahead inc flu hosp,3/11/2023,40,quantile,0.6,30.40010619
3/6/2023,1 wk ahead inc flu hosp,3/11/2023,40,quantile,0.65,32.68847676
3/6/2023,1 wk ahead inc flu hosp,3/11/2023,40,quantile,0.7,35.22795279
3/6/2023,1 wk ahead inc flu hosp,3/11/2023,40,quantile,0.75,38.12055075
3/6/2023,1 wk ahead inc flu hosp,3/11/2023,40,quantile,0.8,41.53394297
3/6/2023,1 wk ahead inc flu hosp,3/11/2023,40,quantile,0.85,45.77837951
3/6/2023,1 wk ahead inc flu hosp,3/11/2023,40,quantile,0.9,51.54343915
3/6/2023,1 wk ahead inc flu hosp,3/11/2023,40,quantile,0.95,61.00885751
3/6/2023,1 wk ahead inc flu hosp,3/11/2023,40,quantile,0.975,70.16644014
3/6/2023,1 wk ahead inc flu hosp,3/11/2023,40,quantile,0.99,81.99859429
3/6/2023,1 wk ahead inc flu hosp,3/11/2023,41,point,NA,6.500126624
3/6/2023,1 wk ahead inc flu hosp,3/11/2023,41,quantile,0.01,0
3/6/2023,1 wk ahead inc flu hosp,3/11/2023,41,quantile,0.025,0
3/6/2023,1 wk ahead inc flu hosp,3/11/2023,41,quantile,0.05,0.364033722
3/6/2023,1 wk ahead inc flu hosp,3/11/2023,41,quantile,0.1,1.122199049
3/6/2023,1 wk ahead inc flu hosp,3/11/2023,41,quantile,0.15,1.789504767
3/6/2023,1 wk ahead inc flu hosp,3/11/2023,41,quantile,0.2,2.424230536
3/6/2023,1 wk ahead inc flu hosp,3/11/2023,41,quantile,0.25,3.050945766
3/6/2023,1 wk ahead inc flu hosp,3/11/2023,41,quantile,0.3,3.68438732
3/6/2023,1 wk ahead inc flu hosp,3/11/2023,41,quantile,0.35,4.335708085
3/6/2023,1 wk ahead inc flu hosp,3/11/2023,41,quantile,0.4,5.014966978
3/6/2023,1 wk ahead inc flu hosp,3/11/2023,41,quantile,0.45,5.732520128
3/6/2023,1 wk ahead inc flu hosp,3/11/2023,41,quantile,0.5,6.500126624
3/6/2023,1 wk ahead inc flu hosp,3/11/2023,41,quantile,0.55,7.332159575
3/6/2023,1 wk ahead inc flu hosp,3/11/2023,41,quantile,0.6,8.247265228
3/6/2023,1 wk ahead inc flu hosp,3/11/2023,41,quantile,0.65,9.270975687
3/6/2023,1 wk ahead inc flu hosp,3/11/2023,41,quantile,0.7,10.44025497
3/6/2023,1 wk ahead inc flu hosp,3/11/2023,41,quantile,0.75,11.81218886
3/6/2023,1 wk ahead inc flu hosp,3/11/2023,41,quantile,0.8,13.48254201
3/6/2023,1 wk ahead inc flu hosp,3/11/2023,41,quantile,0.85,15.63180875
3/6/2023,1 wk ahead inc flu hosp,3/11/2023,41,quantile,0.9,18.66903638
3/6/2023,1 wk ahead inc flu hosp,3/11/2023,41,quantile,0.95,23.92021455
3/6/2023,1 wk ahead inc flu hosp,3/11/2023,41,quantile,0.975,29.27811679
3/6/2023,1 wk ahead inc flu hosp,3/11/2023,41,quantile,0.99,36.55549031
3/6/2023,1 wk ahead inc flu hosp,3/11/2023,42,point,NA,102.0896944
3/6/2023,1 wk ahead inc flu hosp,3/11/2023,42,quantile,0.01,36.79263204
3/6/2023,1 wk ahead inc flu hosp,3/11/2023,42,quantile,0.025,44.47527686
3/6/2023,1 wk ahead inc flu hosp,3/11/2023,42,quantile,0.05,51.81180085
3/6/2023,1 wk ahead inc flu hosp,3/11/2023,42,quantile,0.1,61.14326922
3/6/2023,1 wk ahead inc flu hosp,3/11/2023,42,quantile,0.15,67.98639646
3/6/2023,1 wk ahead inc flu hosp,3/11/2023,42,quantile,0.2,73.74895421
3/6/2023,1 wk ahead inc flu hosp,3/11/2023,42,quantile,0.25,78.92624745
3/6/2023,1 wk ahead inc flu hosp,3/11/2023,42,quantile,0.3,83.7626751
3/6/2023,1 wk ahead inc flu hosp,3/11/2023,42,quantile,0.35,88.40478599
3/6/2023,1 wk ahead inc flu hosp,3/11/2023,42,quantile,0.4,92.95438157
3/6/2023,1 wk ahead inc flu hosp,3/11/2023,42,quantile,0.45,97.49199797
3/6/2023,1 wk ahead inc flu hosp,3/11/2023,42,quantile,0.5,102.0896944
3/6/2023,1 wk ahead inc flu hosp,3/11/2023,42,quantile,0.55,106.8199062
3/6/2023,1 wk ahead inc flu hosp,3/11/2023,42,quantile,0.6,111.7636343
3/6/2023,1 wk ahead inc flu hosp,3/11/2023,42,quantile,0.65,117.0205186
3/6/2023,1 wk ahead inc flu hosp,3/11/2023,42,quantile,0.7,122.7242746
3/6/2023,1 wk ahead inc flu hosp,3/11/2023,42,quantile,0.75,129.0704089
3/6/2023,1 wk ahead inc flu hosp,3/11/2023,42,quantile,0.8,136.3733555
3/6/2023,1 wk ahead inc flu hosp,3/11/2023,42,quantile,0.85,145.2045178
3/6/2023,1 wk ahead inc flu hosp,3/11/2023,42,quantile,0.9,156.8116476
3/6/2023,1 wk ahead inc flu hosp,3/11/2023,42,quantile,0.95,175.052728
3/6/2023,1 wk ahead inc flu hosp,3/11/2023,42,quantile,0.975,191.9016812
3/6/2023,1 wk ahead inc flu hosp,3/11/2023,42,quantile,0.99,212.7238549
3/6/2023,1 wk ahead inc flu hosp,3/11/2023,44,point,NA,1.268986095
3/6/2023,1 wk ahead inc flu hosp,3/11/2023,44,quantile,0.01,0
3/6/2023,1 wk ahead inc flu hosp,3/11/2023,44,quantile,0.025,0
3/6/2023,1 wk ahead inc flu hosp,3/11/2023,44,quantile,0.05,0
3/6/2023,1 wk ahead inc flu hosp,3/11/2023,44,quantile,0.1,0
3/6/2023,1 wk ahead inc flu hosp,3/11/2023,44,quantile,0.15,0.037697393
3/6/2023,1 wk ahead inc flu hosp,3/11/2023,44,quantile,0.2,0.228938625
3/6/2023,1 wk ahead inc flu hosp,3/11/2023,44,quantile,0.25,0.407531466
3/6/2023,1 wk ahead inc flu hosp,3/11/2023,44,quantile,0.3,0.579534015
3/6/2023,1 wk ahead inc flu hosp,3/11/2023,44,quantile,0.35,0.748872199
3/6/2023,1 wk ahead inc flu hosp,3/11/2023,44,quantile,0.4,0.918517428
3/6/2023,1 wk ahead inc flu hosp,3/11/2023,44,quantile,0.45,1.091047151
3/6/2023,1 wk ahead inc flu hosp,3/11/2023,44,quantile,0.5,1.268986095
3/6/2023,1 wk ahead inc flu hosp,3/11/2023,44,quantile,0.55,1.455082986
3/6/2023,1 wk ahead inc flu hosp,3/11/2023,44,quantile,0.6,1.652612287
3/6/2023,1 wk ahead inc flu hosp,3/11/2023,44,quantile,0.65,1.865791439
3/6/2023,1 wk ahead inc flu hosp,3/11/2023,44,quantile,0.7,2.100460819
3/6/2023,1 wk ahead inc flu hosp,3/11/2023,44,quantile,0.75,2.365339157
3/6/2023,1 wk ahead inc flu hosp,3/11/2023,44,quantile,0.8,2.674643804
3/6/2023,1 wk ahead inc flu hosp,3/11/2023,44,quantile,0.85,3.054463232
3/6/2023,1 wk ahead inc flu hosp,3/11/2023,44,quantile,0.9,3.56221441
3/6/2023,1 wk ahead inc flu hosp,3/11/2023,44,quantile,0.95,4.376895286
3/6/2023,1 wk ahead inc flu hosp,3/11/2023,44,quantile,0.975,5.144573645
3/6/2023,1 wk ahead inc flu hosp,3/11/2023,44,quantile,0.99,6.109736958
3/6/2023,1 wk ahead inc flu hosp,3/11/2023,45,point,NA,26.33080057
3/6/2023,1 wk ahead inc flu hosp,3/11/2023,45,quantile,0.01,6.784518395
3/6/2023,1 wk ahead inc flu hosp,3/11/2023,45,quantile,0.025,8.970965886
3/6/2023,1 wk ahead inc flu hosp,3/11/2023,45,quantile,0.05,11.10530406
3/6/2023,1 wk ahead inc flu hosp,3/11/2023,45,quantile,0.1,13.8672677
3/6/2023,1 wk ahead inc flu hosp,3/11/2023,45,quantile,0.15,15.9180045
3/6/2023,1 wk ahead inc flu hosp,3/11/2023,45,quantile,0.2,17.65787004
3/6/2023,1 wk ahead inc flu hosp,3/11/2023,45,quantile,0.25,19.22939972
3/6/2023,1 wk ahead inc flu hosp,3/11/2023,45,quantile,0.3,20.7035655
3/6/2023,1 wk ahead inc flu hosp,3/11/2023,45,quantile,0.35,22.1233075
3/6/2023,1 wk ahead inc flu hosp,3/11/2023,45,quantile,0.4,23.51874967
3/6/2023,1 wk ahead inc flu hosp,3/11/2023,45,quantile,0.45,24.9139825
3/6/2023,1 wk ahead inc flu hosp,3/11/2023,45,quantile,0.5,26.33080057
3/6/2023,1 wk ahead inc flu hosp,3/11/2023,45,quantile,0.55,27.79133588
3/6/2023,1 wk ahead inc flu hosp,3/11/2023,45,quantile,0.6,29.32054375
3/6/2023,1 wk ahead inc flu hosp,3/11/2023,45,quantile,0.65,30.94930954
3/6/2023,1 wk ahead inc flu hosp,3/11/2023,45,quantile,0.7,32.7192506
3/6/2023,1 wk ahead inc flu hosp,3/11/2023,45,quantile,0.75,34.69137116
3/6/2023,1 wk ahead inc flu hosp,3/11/2023,45,quantile,0.8,36.96392876
3/6/2023,1 wk ahead inc flu hosp,3/11/2023,45,quantile,0.85,39.71561955
3/6/2023,1 wk ahead inc flu hosp,3/11/2023,45,quantile,0.9,43.33678171
3/6/2023,1 wk ahead inc flu hosp,3/11/2023,45,quantile,0.95,49.03431428
3/6/2023,1 wk ahead inc flu hosp,3/11/2023,45,quantile,0.975,54.30073033
3/6/2023,1 wk ahead inc flu hosp,3/11/2023,45,quantile,0.99,60.80981796
3/6/2023,1 wk ahead inc flu hosp,3/11/2023,46,point,NA,5.789236581
3/6/2023,1 wk ahead inc flu hosp,3/11/2023,46,quantile,0.01,1.189761973
3/6/2023,1 wk ahead inc flu hosp,3/11/2023,46,quantile,0.025,1.664179191
3/6/2023,1 wk ahead inc flu hosp,3/11/2023,46,quantile,0.05,2.134941903
3/6/2023,1 wk ahead inc flu hosp,3/11/2023,46,quantile,0.1,2.757903811
3/6/2023,1 wk ahead inc flu hosp,3/11/2023,46,quantile,0.15,3.231423372
3/6/2023,1 wk ahead inc flu hosp,3/11/2023,46,quantile,0.2,3.640811803
3/6/2023,1 wk ahead inc flu hosp,3/11/2023,46,quantile,0.25,4.016739597
3/6/2023,1 wk ahead inc flu hosp,3/11/2023,46,quantile,0.3,4.37473218
3/6/2023,1 wk ahead inc flu hosp,3/11/2023,46,quantile,0.35,4.724432941
3/6/2023,1 wk ahead inc flu hosp,3/11/2023,46,quantile,0.4,5.072867432
3/6/2023,1 wk ahead inc flu hosp,3/11/2023,46,quantile,0.45,5.425928941
3/6/2023,1 wk ahead inc flu hosp,3/11/2023,46,quantile,0.5,5.789236581
3/6/2023,1 wk ahead inc flu hosp,3/11/2023,46,quantile,0.55,6.168791332
3/6/2023,1 wk ahead inc flu hosp,3/11/2023,46,quantile,0.6,6.571657451
3/6/2023,1 wk ahead inc flu hosp,3/11/2023,46,quantile,0.65,7.006879458
3/6/2023,1 wk ahead inc flu hosp,3/11/2023,46,quantile,0.7,7.48696148
3/6/2023,1 wk ahead inc flu hosp,3/11/2023,46,quantile,0.75,8.030594956
3/6/2023,1 wk ahead inc flu hosp,3/11/2023,46,quantile,0.8,8.668367276
3/6/2023,1 wk ahead inc flu hosp,3/11/2023,46,quantile,0.85,9.456713223
3/6/2023,1 wk ahead inc flu hosp,3/11/2023,46,quantile,0.9,10.52080687
3/6/2023,1 wk ahead inc flu hosp,3/11/2023,46,quantile,0.95,12.25559291
3/6/2023,1 wk ahead inc flu hosp,3/11/2023,46,quantile,0.975,13.92397999
3/6/2023,1 wk ahead inc flu hosp,3/11/2023,46,quantile,0.99,16.07069325
3/6/2023,1 wk ahead inc flu hosp,3/11/2023,47,point,NA,37.95968978
3/6/2023,1 wk ahead inc flu hosp,3/11/2023,47,quantile,0.01,5.688475423
3/6/2023,1 wk ahead inc flu hosp,3/11/2023,47,quantile,0.025,8.855374237
3/6/2023,1 wk ahead inc flu hosp,3/11/2023,47,quantile,0.05,12.12645062
3/6/2023,1 wk ahead inc flu hosp,3/11/2023,47,quantile,0.1,16.54626218
3/6/2023,1 wk ahead inc flu hosp,3/11/2023,47,quantile,0.15,19.93048833
3/6/2023,1 wk ahead inc flu hosp,3/11/2023,47,quantile,0.2,22.8558475
3/6/2023,1 wk ahead inc flu hosp,3/11/2023,47,quantile,0.25,25.53418238
3/6/2023,1 wk ahead inc flu hosp,3/11/2023,47,quantile,0.3,28.07359069
3/6/2023,1 wk ahead inc flu hosp,3/11/2023,47,quantile,0.35,30.541129
3/6/2023,1 wk ahead inc flu hosp,3/11/2023,47,quantile,0.4,32.98517301
3/6/2023,1 wk ahead inc flu hosp,3/11/2023,47,quantile,0.45,35.44561627
3/6/2023,1 wk ahead inc flu hosp,3/11/2023,47,quantile,0.5,37.95968978
3/6/2023,1 wk ahead inc flu hosp,3/11/2023,47,quantile,0.55,40.56627995
3/6/2023,1 wk ahead inc flu hosp,3/11/2023,47,quantile,0.6,43.3102445
3/6/2023,1 wk ahead inc flu hosp,3/11/2023,47,quantile,0.65,46.24804118
3/6/2023,1 wk ahead inc flu hosp,3/11/2023,47,quantile,0.7,49.45663043
3/6/2023,1 wk ahead inc flu hosp,3/11/2023,47,quantile,0.75,53.0496904
3/6/2023,1 wk ahead inc flu hosp,3/11/2023,47,quantile,0.8,57.21124429
3/6/2023,1 wk ahead inc flu hosp,3/11/2023,47,quantile,0.85,62.27713317
3/6/2023,1 wk ahead inc flu hosp,3/11/2023,47,quantile,0.9,68.98297035
3/6/2023,1 wk ahead inc flu hosp,3/11/2023,47,quantile,0.95,79.60959724
3/6/2023,1 wk ahead inc flu hosp,3/11/2023,47,quantile,0.975,89.49955377
3/6/2023,1 wk ahead inc flu hosp,3/11/2023,47,quantile,0.99,101.7948617
3/6/2023,1 wk ahead inc flu hosp,3/11/2023,48,point,NA,144.0642458
3/6/2023,1 wk ahead inc flu hosp,3/11/2023,48,quantile,0.01,45.53160878
3/6/2023,1 wk ahead inc flu hosp,3/11/2023,48,quantile,0.025,57.52151215
3/6/2023,1 wk ahead inc flu hosp,3/11/2023,48,quantile,0.05,68.89724144
3/6/2023,1 wk ahead inc flu hosp,3/11/2023,48,quantile,0.1,83.22678032
3/6/2023,1 wk ahead inc flu hosp,3/11/2023,48,quantile,0.15,93.62613253
3/6/2023,1 wk ahead inc flu hosp,3/11/2023,48,quantile,0.2,102.3099146
3/6/2023,1 wk ahead inc flu hosp,3/11/2023,48,quantile,0.25,110.054589
3/6/2023,1 wk ahead inc flu hosp,3/11/2023,48,quantile,0.3,117.2410542
3/6/2023,1 wk ahead inc flu hosp,3/11/2023,48,quantile,0.35,124.0955867
3/6/2023,1 wk ahead inc flu hosp,3/11/2023,48,quantile,0.4,130.7732086
3/6/2023,1 wk ahead inc flu hosp,3/11/2023,48,quantile,0.45,137.3943041
3/6/2023,1 wk ahead inc flu hosp,3/11/2023,48,quantile,0.5,144.0642458
3/6/2023,1 wk ahead inc flu hosp,3/11/2023,48,quantile,0.55,150.8865733
3/6/2023,1 wk ahead inc flu hosp,3/11/2023,48,quantile,0.6,157.9746911
3/6/2023,1 wk ahead inc flu hosp,3/11/2023,48,quantile,0.65,165.4657382
3/6/2023,1 wk ahead inc flu hosp,3/11/2023,48,quantile,0.7,173.5413552
3/6/2023,1 wk ahead inc flu hosp,3/11/2023,48,quantile,0.75,182.4645228
3/6/2023,1 wk ahead inc flu hosp,3/11/2023,48,quantile,0.8,192.6549882
3/6/2023,1 wk ahead inc flu hosp,3/11/2023,48,quantile,0.85,204.8706241
3/6/2023,1 wk ahead inc flu hosp,3/11/2023,48,quantile,0.9,220.7557543
3/6/2023,1 wk ahead inc flu hosp,3/11/2023,48,quantile,0.95,245.3532749
3/6/2023,1 wk ahead inc flu hosp,3/11/2023,48,quantile,0.975,267.7041133
3/6/2023,1 wk ahead inc flu hosp,3/11/2023,48,quantile,0.99,294.8754139
3/6/2023,1 wk ahead inc flu hosp,3/11/2023,49,point,NA,2.037698932
3/6/2023,1 wk ahead inc flu hosp,3/11/2023,49,quantile,0.01,0
3/6/2023,1 wk ahead inc flu hosp,3/11/2023,49,quantile,0.025,0
3/6/2023,1 wk ahead inc flu hosp,3/11/2023,49,quantile,0.05,0
3/6/2023,1 wk ahead inc flu hosp,3/11/2023,49,quantile,0.1,0
3/6/2023,1 wk ahead inc flu hosp,3/11/2023,49,quantile,0.15,0
3/6/2023,1 wk ahead inc flu hosp,3/11/2023,49,quantile,0.2,0
3/6/2023,1 wk ahead inc flu hosp,3/11/2023,49,quantile,0.25,0.128689132
3/6/2023,1 wk ahead inc flu hosp,3/11/2023,49,quantile,0.3,0.449056913
3/6/2023,1 wk ahead inc flu hosp,3/11/2023,49,quantile,0.35,0.795770256
3/6/2023,1 wk ahead inc flu hosp,3/11/2023,49,quantile,0.4,1.172516776
3/6/2023,1 wk ahead inc flu hosp,3/11/2023,49,quantile,0.45,1.584284197
3/6/2023,1 wk ahead inc flu hosp,3/11/2023,49,quantile,0.5,2.037698932
3/6/2023,1 wk ahead inc flu hosp,3/11/2023,49,quantile,0.55,2.541637685
3/6/2023,1 wk ahead inc flu hosp,3/11/2023,49,quantile,0.6,3.108251947
3/6/2023,1 wk ahead inc flu hosp,3/11/2023,49,quantile,0.65,3.754714284
3/6/2023,1 wk ahead inc flu hosp,3/11/2023,49,quantile,0.7,4.506351037
3/6/2023,1 wk ahead inc flu hosp,3/11/2023,49,quantile,0.75,5.402700284
3/6/2023,1 wk ahead inc flu hosp,3/11/2023,49,quantile,0.8,6.510503715
3/6/2023,1 wk ahead inc flu hosp,3/11/2023,49,quantile,0.85,7.955993295
3/6/2023,1 wk ahead inc flu hosp,3/11/2023,49,quantile,0.9,10.02575308
3/6/2023,1 wk ahead inc flu hosp,3/11/2023,49,quantile,0.95,13.6492052
3/6/2023,1 wk ahead inc flu hosp,3/11/2023,49,quantile,0.975,17.37550217
3/6/2023,1 wk ahead inc flu hosp,3/11/2023,49,quantile,0.99,22.45062832
3/6/2023,1 wk ahead inc flu hosp,3/11/2023,50,point,NA,0.457341314
3/6/2023,1 wk ahead inc flu hosp,3/11/2023,50,quantile,0.01,0
3/6/2023,1 wk ahead inc flu hosp,3/11/2023,50,quantile,0.025,0
3/6/2023,1 wk ahead inc flu hosp,3/11/2023,50,quantile,0.05,0
3/6/2023,1 wk ahead inc flu hosp,3/11/2023,50,quantile,0.1,0
3/6/2023,1 wk ahead inc flu hosp,3/11/2023,50,quantile,0.15,0
3/6/2023,1 wk ahead inc flu hosp,3/11/2023,50,quantile,0.2,0
3/6/2023,1 wk ahead inc flu hosp,3/11/2023,50,quantile,0.25,0
3/6/2023,1 wk ahead inc flu hosp,3/11/2023,50,quantile,0.3,0.077226812
3/6/2023,1 wk ahead inc flu hosp,3/11/2023,50,quantile,0.35,0.169226762
3/6/2023,1 wk ahead inc flu hosp,3/11/2023,50,quantile,0.4,0.262235492
3/6/2023,1 wk ahead inc flu hosp,3/11/2023,50,quantile,0.45,0.357764969
3/6/2023,1 wk ahead inc flu hosp,3/11/2023,50,quantile,0.5,0.457341314
3/6/2023,1 wk ahead inc flu hosp,3/11/2023,50,quantile,0.55,0.5626752
3/6/2023,1 wk ahead inc flu hosp,3/11/2023,50,quantile,0.6,0.675856888
3/6/2023,1 wk ahead inc flu hosp,3/11/2023,50,quantile,0.65,0.799635697
3/6/2023,1 wk ahead inc flu hosp,3/11/2023,50,quantile,0.7,0.937885606
3/6/2023,1 wk ahead inc flu hosp,3/11/2023,50,quantile,0.75,1.096477338
3/6/2023,1 wk ahead inc flu hosp,3/11/2023,50,quantile,0.8,1.285119678
3/6/2023,1 wk ahead inc flu hosp,3/11/2023,50,quantile,0.85,1.521889785
3/6/2023,1 wk ahead inc flu hosp,3/11/2023,50,quantile,0.9,1.847258088
3/6/2023,1 wk ahead inc flu hosp,3/11/2023,50,quantile,0.95,2.390441323
3/6/2023,1 wk ahead inc flu hosp,3/11/2023,50,quantile,0.975,2.925973961
3/6/2023,1 wk ahead inc flu hosp,3/11/2023,50,quantile,0.99,3.631545471
3/6/2023,1 wk ahead inc flu hosp,3/11/2023,51,point,NA,53.48341779
3/6/2023,1 wk ahead inc flu hosp,3/11/2023,51,quantile,0.01,20.51407541
3/6/2023,1 wk ahead inc flu hosp,3/11/2023,51,quantile,0.025,24.56021564
3/6/2023,1 wk ahead inc flu hosp,3/11/2023,51,quantile,0.05,28.36979646
3/6/2023,1 wk ahead inc flu hosp,3/11/2023,51,quantile,0.1,33.15025848
3/6/2023,1 wk ahead inc flu hosp,3/11/2023,51,quantile,0.15,36.61565049
3/6/2023,1 wk ahead inc flu hosp,3/11/2023,51,quantile,0.2,39.510258
3/6/2023,1 wk ahead inc flu hosp,3/11/2023,51,quantile,0.25,42.09398129
3/6/2023,1 wk ahead inc flu hosp,3/11/2023,51,quantile,0.3,44.49411543
3/6/2023,1 wk ahead inc flu hosp,3/11/2023,51,quantile,0.35,46.7862901
3/6/2023,1 wk ahead inc flu hosp,3/11/2023,51,quantile,0.4,49.02241177
3/6/2023,1 wk ahead inc flu hosp,3/11/2023,51,quantile,0.45,51.24292878
3/6/2023,1 wk ahead inc flu hosp,3/11/2023,51,quantile,0.5,53.48341779
3/6/2023,1 wk ahead inc flu hosp,3/11/2023,51,quantile,0.55,55.77903253
3/6/2023,1 wk ahead inc flu hosp,3/11/2023,51,quantile,0.6,58.16848924
3/6/2023,1 wk ahead inc flu hosp,3/11/2023,51,quantile,0.65,60.69883591
3/6/2023,1 wk ahead inc flu hosp,3/11/2023,51,quantile,0.7,63.43263848
3/6/2023,1 wk ahead inc flu hosp,3/11/2023,51,quantile,0.75,66.46077547
3/6/2023,1 wk ahead inc flu hosp,3/11/2023,51,quantile,0.8,69.92869751
3/6/2023,1 wk ahead inc flu hosp,3/11/2023,51,quantile,0.85,74.09969024
3/6/2023,1 wk ahead inc flu hosp,3/11/2023,51,quantile,0.9,79.54655236
3/6/2023,1 wk ahead inc flu hosp,3/11/2023,51,quantile,0.95,88.03236644
3/6/2023,1 wk ahead inc flu hosp,3/11/2023,51,quantile,0.975,95.79743811
3/6/2023,1 wk ahead inc flu hosp,3/11/2023,51,quantile,0.99,105.3063188
3/6/2023,1 wk ahead inc flu hosp,3/11/2023,53,point,NA,28.75060534
3/6/2023,1 wk ahead inc flu hosp,3/11/2023,53,quantile,0.01,3.856173837
3/6/2023,1 wk ahead inc flu hosp,3/11/2023,53,quantile,0.025,5.860732849
3/6/2023,1 wk ahead inc flu hosp,3/11/2023,53,quantile,0.05,8.033357951
3/6/2023,1 wk ahead inc flu hosp,3/11/2023,53,quantile,0.1,11.13784486
3/6/2023,1 wk ahead inc flu hosp,3/11/2023,53,quantile,0.15,13.64376615
3/6/2023,1 wk ahead inc flu hosp,3/11/2023,53,quantile,0.2,15.8974323
3/6/2023,1 wk ahead inc flu hosp,3/11/2023,53,quantile,0.25,18.0301634
3/6/2023,1 wk ahead inc flu hosp,3/11/2023,53,quantile,0.3,20.11212241
3/6/2023,1 wk ahead inc flu hosp,3/11/2023,53,quantile,0.35,22.18981158
3/6/2023,1 wk ahead inc flu hosp,3/11/2023,53,quantile,0.4,24.29979483
3/6/2023,1 wk ahead inc flu hosp,3/11/2023,53,quantile,0.45,26.4753279
3/6/2023,1 wk ahead inc flu hosp,3/11/2023,53,quantile,0.5,28.75060534
3/6/2023,1 wk ahead inc flu hosp,3/11/2023,53,quantile,0.55,31.16449626
3/6/2023,1 wk ahead inc flu hosp,3/11/2023,53,quantile,0.6,33.76495094
3/6/2023,1 wk ahead inc flu hosp,3/11/2023,53,quantile,0.65,36.61542063
3/6/2023,1 wk ahead inc flu hosp,3/11/2023,53,quantile,0.7,39.80562934
3/6/2023,1 wk ahead inc flu hosp,3/11/2023,53,quantile,0.75,43.47180093
3/6/2023,1 wk ahead inc flu hosp,3/11/2023,53,quantile,0.8,47.83939051
3/6/2023,1 wk ahead inc flu hosp,3/11/2023,53,quantile,0.85,53.32818867
3/6/2023,1 wk ahead inc flu hosp,3/11/2023,53,quantile,0.9,60.87744944
3/6/2023,1 wk ahead inc flu hosp,3/11/2023,53,quantile,0.95,73.48198785
3/6/2023,1 wk ahead inc flu hosp,3/11/2023,53,quantile,0.975,85.89549033
3/6/2023,1 wk ahead inc flu hosp,3/11/2023,53,quantile,0.99,102.212831
3/6/2023,1 wk ahead inc flu hosp,3/11/2023,54,point,NA,7.646183158
3/6/2023,1 wk ahead inc flu hosp,3/11/2023,54,quantile,0.01,1.122371036
3/6/2023,1 wk ahead inc flu hosp,3/11/2023,54,quantile,0.025,1.802343755
3/6/2023,1 wk ahead inc flu hosp,3/11/2023,54,quantile,0.05,2.482733436
3/6/2023,1 wk ahead inc flu hosp,3/11/2023,54,quantile,0.1,3.383140966
3/6/2023,1 wk ahead inc flu hosp,3/11/2023,54,quantile,0.15,4.064052337
3/6/2023,1 wk ahead inc flu hosp,3/11/2023,54,quantile,0.2,4.648985139
3/6/2023,1 wk ahead inc flu hosp,3/11/2023,54,quantile,0.25,5.182520924
3/6/2023,1 wk ahead inc flu hosp,3/11/2023,54,quantile,0.3,5.687153234
3/6/2023,1 wk ahead inc flu hosp,3/11/2023,54,quantile,0.35,6.176710829
3/6/2023,1 wk ahead inc flu hosp,3/11/2023,54,quantile,0.4,6.661092787
3/6/2023,1 wk ahead inc flu hosp,3/11/2023,54,quantile,0.45,7.148407939
3/6/2023,1 wk ahead inc flu hosp,3/11/2023,54,quantile,0.5,7.646183158
3/6/2023,1 wk ahead inc flu hosp,3/11/2023,54,quantile,0.55,8.162249612
3/6/2023,1 wk ahead inc flu hosp,3/11/2023,54,quantile,0.6,8.705619592
3/6/2023,1 wk ahead inc flu hosp,3/11/2023,54,quantile,0.65,9.287623111
3/6/2023,1 wk ahead inc flu hosp,3/11/2023,54,quantile,0.7,9.923701301
3/6/2023,1 wk ahead inc flu hosp,3/11/2023,54,quantile,0.75,10.63667174
3/6/2023,1 wk ahead inc flu hosp,3/11/2023,54,quantile,0.8,11.46350436
3/6/2023,1 wk ahead inc flu hosp,3/11/2023,54,quantile,0.85,12.47175633
3/6/2023,1 wk ahead inc flu hosp,3/11/2023,54,quantile,0.9,13.80966771
3/6/2023,1 wk ahead inc flu hosp,3/11/2023,54,quantile,0.95,15.93812486
3/6/2023,1 wk ahead inc flu hosp,3/11/2023,54,quantile,0.975,17.92867473
3/6/2023,1 wk ahead inc flu hosp,3/11/2023,54,quantile,0.99,20.41667037
3/6/2023,1 wk ahead inc flu hosp,3/11/2023,55,point,NA,6.828453211
3/6/2023,1 wk ahead inc flu hosp,3/11/2023,55,quantile,0.01,0.553294322
3/6/2023,1 wk ahead inc flu hosp,3/11/2023,55,quantile,0.025,1.124600339
3/6/2023,1 wk ahead inc flu hosp,3/11/2023,55,quantile,0.05,1.721288563
3/6/2023,1 wk ahead inc flu hosp,3/11/2023,55,quantile,0.1,2.543936738
3/6/2023,1 wk ahead inc flu hosp,3/11/2023,55,quantile,0.15,3.188039029
3/6/2023,1 wk ahead inc flu hosp,3/11/2023,55,quantile,0.2,3.754982439
3/6/2023,1 wk ahead inc flu hosp,3/11/2023,55,quantile,0.25,4.282296123
3/6/2023,1 wk ahead inc flu hosp,3/11/2023,55,quantile,0.3,4.789451488
3/6/2023,1 wk ahead inc flu hosp,3/11/2023,55,quantile,0.35,5.288861589
3/6/2023,1 wk ahead inc flu hosp,3/11/2023,55,quantile,0.4,5.789832069
3/6/2023,1 wk ahead inc flu hosp,3/11/2023,55,quantile,0.45,6.300403038
3/6/2023,1 wk ahead inc flu hosp,3/11/2023,55,quantile,0.5,6.828453211
3/6/2023,1 wk ahead inc flu hosp,3/11/2023,55,quantile,0.55,7.382587471
3/6/2023,1 wk ahead inc flu hosp,3/11/2023,55,quantile,0.6,7.973103098
3/6/2023,1 wk ahead inc flu hosp,3/11/2023,55,quantile,0.65,8.613329218
3/6/2023,1 wk ahead inc flu hosp,3/11/2023,55,quantile,0.7,9.321818003
3/6/2023,1 wk ahead inc flu hosp,3/11/2023,55,quantile,0.75,10.12640655
3/6/2023,1 wk ahead inc flu hosp,3/11/2023,55,quantile,0.8,11.07273048
3/6/2023,1 wk ahead inc flu hosp,3/11/2023,55,quantile,0.85,12.24502841
3/6/2023,1 wk ahead inc flu hosp,3/11/2023,55,quantile,0.9,13.83004297
3/6/2023,1 wk ahead inc flu hosp,3/11/2023,55,quantile,0.95,16.41598743
3/6/2023,1 wk ahead inc flu hosp,3/11/2023,55,quantile,0.975,18.90049211
3/6/2023,1 wk ahead inc flu hosp,3/11/2023,55,quantile,0.99,22.08836865
3/6/2023,1 wk ahead inc flu hosp,3/11/2023,56,point,NA,0.646492233
3/6/2023,1 wk ahead inc flu hosp,3/11/2023,56,quantile,0.01,0
3/6/2023,1 wk ahead inc flu hosp,3/11/2023,56,quantile,0.025,0
3/6/2023,1 wk ahead inc flu hosp,3/11/2023,56,quantile,0.05,0
3/6/2023,1 wk ahead inc flu hosp,3/11/2023,56,quantile,0.1,0
3/6/2023,1 wk ahead inc flu hosp,3/11/2023,56,quantile,0.15,0
3/6/2023,1 wk ahead inc flu hosp,3/11/2023,56,quantile,0.2,0
3/6/2023,1 wk ahead inc flu hosp,3/11/2023,56,quantile,0.25,0.072456817
3/6/2023,1 wk ahead inc flu hosp,3/11/2023,56,quantile,0.3,0.186370933
3/6/2023,1 wk ahead inc flu hosp,3/11/2023,56,quantile,0.35,0.298805456
3/6/2023,1 wk ahead inc flu hosp,3/11/2023,56,quantile,0.4,0.411792308
3/6/2023,1 wk ahead inc flu hosp,3/11/2023,56,quantile,0.45,0.527104131
3/6/2023,1 wk ahead inc flu hosp,3/11/2023,56,quantile,0.5,0.646492233
3/6/2023,1 wk ahead inc flu hosp,3/11/2023,56,quantile,0.55,0.771881127
3/6/2023,1 wk ahead inc flu hosp,3/11/2023,56,quantile,0.6,0.905583352
3/6/2023,1 wk ahead inc flu hosp,3/11/2023,56,quantile,0.65,1.050599699
3/6/2023,1 wk ahead inc flu hosp,3/11/2023,56,quantile,0.7,1.211112017
3/6/2023,1 wk ahead inc flu hosp,3/11/2023,56,quantile,0.75,1.393397636
3/6/2023,1 wk ahead inc flu hosp,3/11/2023,56,quantile,0.8,1.607745757
3/6/2023,1 wk ahead inc flu hosp,3/11/2023,56,quantile,0.85,1.873137574
3/6/2023,1 wk ahead inc flu hosp,3/11/2023,56,quantile,0.9,2.231607167
3/6/2023,1 wk ahead inc flu hosp,3/11/2023,56,quantile,0.95,2.815326803
3/6/2023,1 wk ahead inc flu hosp,3/11/2023,56,quantile,0.975,3.374635328
3/6/2023,1 wk ahead inc flu hosp,3/11/2023,56,quantile,0.99,4.089945256
3/6/2023,1 wk ahead inc flu hosp,3/11/2023,72,point,NA,35.88750964
3/6/2023,1 wk ahead inc flu hosp,3/11/2023,72,quantile,0.01,5.840552318
3/6/2023,1 wk ahead inc flu hosp,3/11/2023,72,quantile,0.025,8.638257855
3/6/2023,1 wk ahead inc flu hosp,3/11/2023,72,quantile,0.05,11.5555677
3/6/2023,1 wk ahead inc flu hosp,3/11/2023,72,quantile,0.1,15.55574733
3/6/2023,1 wk ahead inc flu hosp,3/11/2023,72,quantile,0.15,18.66614617
3/6/2023,1 wk ahead inc flu hosp,3/11/2023,72,quantile,0.2,21.38756519
3/6/2023,1 wk ahead inc flu hosp,3/11/2023,72,quantile,0.25,23.90510262
3/6/2023,1 wk ahead inc flu hosp,3/11/2023,72,quantile,0.3,26.3142685
3/6/2023,1 wk ahead inc flu hosp,3/11/2023,72,quantile,0.35,28.67535437
3/6/2023,1 wk ahead inc flu hosp,3/11/2023,72,quantile,0.4,31.03292409
3/6/2023,1 wk ahead inc flu hosp,3/11/2023,72,quantile,0.45,33.42482846
3/6/2023,1 wk ahead inc flu hosp,3/11/2023,72,quantile,0.5,35.88750964
3/6/2023,1 wk ahead inc flu hosp,3/11/2023,72,quantile,0.55,38.46014045
3/6/2023,1 wk ahead inc flu hosp,3/11/2023,72,quantile,0.6,41.18899553
3/6/2023,1 wk ahead inc flu hosp,3/11/2023,72,quantile,0.65,44.13338466
3/6/2023,1 wk ahead inc flu hosp,3/11/2023,72,quantile,0.7,47.37524742
3/6/2023,1 wk ahead inc flu hosp,3/11/2023,72,quantile,0.75,51.03682877
3/6/2023,1 wk ahead inc flu hosp,3/11/2023,72,quantile,0.8,55.31757863
3/6/2023,1 wk ahead inc flu hosp,3/11/2023,72,quantile,0.85,60.58401339
3/6/2023,1 wk ahead inc flu hosp,3/11/2023,72,quantile,0.9,67.64467764
3/6/2023,1 wk ahead inc flu hosp,3/11/2023,72,quantile,0.95,79.02975547
3/6/2023,1 wk ahead inc flu hosp,3/11/2023,72,quantile,0.975,89.82741738
3/6/2023,1 wk ahead inc flu hosp,3/11/2023,72,quantile,0.99,103.5029328
3/6/2023,1 wk ahead inc flu hosp,3/11/2023,78,point,NA,3.36E-13
3/6/2023,1 wk ahead inc flu hosp,3/11/2023,78,quantile,0.01,0
3/6/2023,1 wk ahead inc flu hosp,3/11/2023,78,quantile,0.025,0
3/6/2023,1 wk ahead inc flu hosp,3/11/2023,78,quantile,0.05,0
3/6/2023,1 wk ahead inc flu hosp,3/11/2023,78,quantile,0.1,0
3/6/2023,1 wk ahead inc flu hosp,3/11/2023,78,quantile,0.15,0
3/6/2023,1 wk ahead inc flu hosp,3/11/2023,78,quantile,0.2,0
3/6/2023,1 wk ahead inc flu hosp,3/11/2023,78,quantile,0.25,0
3/6/2023,1 wk ahead inc flu hosp,3/11/2023,78,quantile,0.3,0
3/6/2023,1 wk ahead inc flu hosp,3/11/2023,78,quantile,0.35,0
3/6/2023,1 wk ahead inc flu hosp,3/11/2023,78,quantile,0.4,0
3/6/2023,1 wk ahead inc flu hosp,3/11/2023,78,quantile,0.45,0
3/6/2023,1 wk ahead inc flu hosp,3/11/2023,78,quantile,0.5,3.36E-13
3/6/2023,1 wk ahead inc flu hosp,3/11/2023,78,quantile,0.55,0.045780282
3/6/2023,1 wk ahead inc flu hosp,3/11/2023,78,quantile,0.6,0.094000035
3/6/2023,1 wk ahead inc flu hosp,3/11/2023,78,quantile,0.65,0.145691612
3/6/2023,1 wk ahead inc flu hosp,3/11/2023,78,quantile,0.7,0.202262461
3/6/2023,1 wk ahead inc flu hosp,3/11/2023,78,quantile,0.75,0.265795501
3/6/2023,1 wk ahead inc flu hosp,3/11/2023,78,quantile,0.8,0.339673663
3/6/2023,1 wk ahead inc flu hosp,3/11/2023,78,quantile,0.85,0.430099157
3/6/2023,1 wk ahead inc flu hosp,3/11/2023,78,quantile,0.9,0.550742615
3/6/2023,1 wk ahead inc flu hosp,3/11/2023,78,quantile,0.95,0.744398585
3/6/2023,1 wk ahead inc flu hosp,3/11/2023,78,quantile,0.975,0.927607232
3/6/2023,1 wk ahead inc flu hosp,3/11/2023,78,quantile,0.99,1.159646608
3/6/2023,1 wk ahead inc flu hosp,3/11/2023,US,point,NA,1372.707616
3/6/2023,1 wk ahead inc flu hosp,3/11/2023,US,quantile,0.01,357.0217352
3/6/2023,1 wk ahead inc flu hosp,3/11/2023,US,quantile,0.025,468.5610871
3/6/2023,1 wk ahead inc flu hosp,3/11/2023,US,quantile,0.05,578.3439917
3/6/2023,1 wk ahead inc flu hosp,3/11/2023,US,quantile,0.1,721.30111
3/6/2023,1 wk ahead inc flu hosp,3/11/2023,US,quantile,0.15,827.9111826
3/6/2023,1 wk ahead inc flu hosp,3/11/2023,US,quantile,0.2,918.5944983
3/6/2023,1 wk ahead inc flu hosp,3/11/2023,US,quantile,0.25,1000.65375
3/6/2023,1 wk ahead inc flu hosp,3/11/2023,US,quantile,0.3,1077.737364
3/6/2023,1 wk ahead inc flu hosp,3/11/2023,US,quantile,0.35,1152.059957
3/6/2023,1 wk ahead inc flu hosp,3/11/2023,US,quantile,0.4,1225.180633
3/6/2023,1 wk ahead inc flu hosp,3/11/2023,US,quantile,0.45,1298.350974
3/6/2023,1 wk ahead inc flu hosp,3/11/2023,US,quantile,0.5,1372.707616
3/6/2023,1 wk ahead inc flu hosp,3/11/2023,US,quantile,0.55,1449.408796
3/6/2023,1 wk ahead inc flu hosp,3/11/2023,US,quantile,0.6,1529.764146
3/6/2023,1 wk ahead inc flu hosp,3/11/2023,US,quantile,0.65,1615.397803
3/6/2023,1 wk ahead inc flu hosp,3/11/2023,US,quantile,0.7,1708.501223
3/6/2023,1 wk ahead inc flu hosp,3/11/2023,US,quantile,0.75,1812.289445
3/6/2023,1 wk ahead inc flu hosp,3/11/2023,US,quantile,0.8,1931.943399
3/6/2023,1 wk ahead inc flu hosp,3/11/2023,US,quantile,0.85,2076.887941
3/6/2023,1 wk ahead inc flu hosp,3/11/2023,US,quantile,0.9,2267.713126
3/6/2023,1 wk ahead inc flu hosp,3/11/2023,US,quantile,0.95,2568.084439
3/6/2023,1 wk ahead inc flu hosp,3/11/2023,US,quantile,0.975,2845.80695
3/6/2023,1 wk ahead inc flu hosp,3/11/2023,US,quantile,0.99,3189.100076
3/6/2023,2 wk ahead inc flu hosp,3/18/2023,1,point,NA,13.67311538
3/6/2023,2 wk ahead inc flu hosp,3/18/2023,1,quantile,0.01,1.131826339
3/6/2023,2 wk ahead inc flu hosp,3/18/2023,1,quantile,0.025,2.154723484
3/6/2023,2 wk ahead inc flu hosp,3/18/2023,1,quantile,0.05,3.269048918
3/6/2023,2 wk ahead inc flu hosp,3/18/2023,1,quantile,0.1,4.858979655
3/6/2023,2 wk ahead inc flu hosp,3/18/2023,1,quantile,0.15,6.135951782
3/6/2023,2 wk ahead inc flu hosp,3/18/2023,1,quantile,0.2,7.278164886
3/6/2023,2 wk ahead inc flu hosp,3/18/2023,1,quantile,0.25,8.353310343
3/6/2023,2 wk ahead inc flu hosp,3/18/2023,1,quantile,0.3,9.397368589
3/6/2023,2 wk ahead inc flu hosp,3/18/2023,1,quantile,0.35,10.4339159
3/6/2023,2 wk ahead inc flu hosp,3/18/2023,1,quantile,0.4,11.48118533
3/6/2023,2 wk ahead inc flu hosp,3/18/2023,1,quantile,0.45,12.55544559
3/6/2023,2 wk ahead inc flu hosp,3/18/2023,1,quantile,0.5,13.67311538
3/6/2023,2 wk ahead inc flu hosp,3/18/2023,1,quantile,0.55,14.85256163
3/6/2023,2 wk ahead inc flu hosp,3/18/2023,1,quantile,0.6,16.1161574
3/6/2023,2 wk ahead inc flu hosp,3/18/2023,1,quantile,0.65,17.49322291
3/6/2023,2 wk ahead inc flu hosp,3/18/2023,1,quantile,0.7,19.02490874
3/6/2023,2 wk ahead inc flu hosp,3/18/2023,1,quantile,0.75,20.77330886
3/6/2023,2 wk ahead inc flu hosp,3/18/2023,1,quantile,0.8,22.84062523
3/6/2023,2 wk ahead inc flu hosp,3/18/2023,1,quantile,0.85,25.41610055
3/6/2023,2 wk ahead inc flu hosp,3/18/2023,1,quantile,0.9,28.92046099
3/6/2023,2 wk ahead inc flu hosp,3/18/2023,1,quantile,0.95,34.68342946
3/6/2023,2 wk ahead inc flu hosp,3/18/2023,1,quantile,0.975,40.26383966
3/6/2023,2 wk ahead inc flu hosp,3/18/2023,1,quantile,0.99,47.47410224
3/6/2023,2 wk ahead inc flu hosp,3/18/2023,2,point,NA,0.917477701
3/6/2023,2 wk ahead inc flu hosp,3/18/2023,2,quantile,0.01,0
3/6/2023,2 wk ahead inc flu hosp,3/18/2023,2,quantile,0.025,0
3/6/2023,2 wk ahead inc flu hosp,3/18/2023,2,quantile,0.05,0
3/6/2023,2 wk ahead inc flu hosp,3/18/2023,2,quantile,0.1,0
3/6/2023,2 wk ahead inc flu hosp,3/18/2023,2,quantile,0.15,0
3/6/2023,2 wk ahead inc flu hosp,3/18/2023,2,quantile,0.2,0
3/6/2023,2 wk ahead inc flu hosp,3/18/2023,2,quantile,0.25,0
3/6/2023,2 wk ahead inc flu hosp,3/18/2023,2,quantile,0.3,0
3/6/2023,2 wk ahead inc flu hosp,3/18/2023,2,quantile,0.35,0
3/6/2023,2 wk ahead inc flu hosp,3/18/2023,2,quantile,0.4,0.2030413
3/6/2023,2 wk ahead inc flu hosp,3/18/2023,2,quantile,0.45,0.54421412
3/6/2023,2 wk ahead inc flu hosp,3/18/2023,2,quantile,0.5,0.917477701
3/6/2023,2 wk ahead inc flu hosp,3/18/2023,2,quantile,0.55,1.327236716
3/6/2023,2 wk ahead inc flu hosp,3/18/2023,2,quantile,0.6,1.780345744
3/6/2023,2 wk ahead inc flu hosp,3/18/2023,2,quantile,0.65,2.286993153
3/6/2023,2 wk ahead inc flu hosp,3/18/2023,2,quantile,0.7,2.862464617
3/6/2023,2 wk ahead inc flu hosp,3/18/2023,2,quantile,0.75,3.53063832
3/6/2023,2 wk ahead inc flu hosp,3/18/2023,2,quantile,0.8,4.331469961
3/6/2023,2 wk ahead inc flu hosp,3/18/2023,2,quantile,0.85,5.339376545
3/6/2023,2 wk ahead inc flu hosp,3/18/2023,2,quantile,0.9,6.719630555
3/6/2023,2 wk ahead inc flu hosp,3/18/2023,2,quantile,0.95,8.990891336
3/6/2023,2 wk ahead inc flu hosp,3/18/2023,2,quantile,0.975,11.17485862
3/6/2023,2 wk ahead inc flu hosp,3/18/2023,2,quantile,0.99,13.95937847
3/6/2023,2 wk ahead inc flu hosp,3/18/2023,4,point,NA,43.06231832
3/6/2023,2 wk ahead inc flu hosp,3/18/2023,4,quantile,0.01,8.638142231
3/6/2023,2 wk ahead inc flu hosp,3/18/2023,4,quantile,0.025,11.87519015
3/6/2023,2 wk ahead inc flu hosp,3/18/2023,4,quantile,0.05,15.21449525
3/6/2023,2 wk ahead inc flu hosp,3/18/2023,4,quantile,0.1,19.77150706
3/6/2023,2 wk ahead inc flu hosp,3/18/2023,4,quantile,0.15,23.3121486
3/6/2023,2 wk ahead inc flu hosp,3/18/2023,4,quantile,0.2,26.41347941
3/6/2023,2 wk ahead inc flu hosp,3/18/2023,4,quantile,0.25,29.28754904
3/6/2023,2 wk ahead inc flu hosp,3/18/2023,4,quantile,0.3,32.04363672
3/6/2023,2 wk ahead inc flu hosp,3/18/2023,4,quantile,0.35,34.75087553
3/6/2023,2 wk ahead inc flu hosp,3/18/2023,4,quantile,0.4,37.46063497
3/6/2023,2 wk ahead inc flu hosp,3/18/2023,4,quantile,0.45,40.21688184
3/6/2023,2 wk ahead inc flu hosp,3/18/2023,4,quantile,0.5,43.06231832
3/6/2023,2 wk ahead inc flu hosp,3/18/2023,4,quantile,0.55,46.0432361
3/6/2023,2 wk ahead inc flu hosp,3/18/2023,4,quantile,0.6,49.2147203
3/6/2023,2 wk ahead inc flu hosp,3/18/2023,4,quantile,0.65,52.64779284
3/6/2023,2 wk ahead inc flu hosp,3/18/2023,4,quantile,0.7,56.44104153
3/6/2023,2 wk ahead inc flu hosp,3/18/2023,4,quantile,0.75,60.74212979
3/6/2023,2 wk ahead inc flu hosp,3/18/2023,4,quantile,0.8,65.79283324
3/6/2023,2 wk ahead inc flu hosp,3/18/2023,4,quantile,0.85,72.03902286
3/6/2023,2 wk ahead inc flu hosp,3/18/2023,4,quantile,0.9,80.46828777
3/6/2023,2 wk ahead inc flu hosp,3/18/2023,4,quantile,0.95,94.18840752
3/6/2023,2 wk ahead inc flu hosp,3/18/2023,4,quantile,0.975,107.3403191
3/6/2023,2 wk ahead inc flu hosp,3/18/2023,4,quantile,0.99,124.1820215
3/6/2023,2 wk ahead inc flu hosp,3/18/2023,5,point,NA,22.03901033
3/6/2023,2 wk ahead inc flu hosp,3/18/2023,5,quantile,0.01,3.206603103
3/6/2023,2 wk ahead inc flu hosp,3/18/2023,5,quantile,0.025,4.91737937
3/6/2023,2 wk ahead inc flu hosp,3/18/2023,5,quantile,0.05,6.713114806
3/6/2023,2 wk ahead inc flu hosp,3/18/2023,5,quantile,0.1,9.193051841
3/6/2023,2 wk ahead inc flu hosp,3/18/2023,5,quantile,0.15,11.13395744
3/6/2023,2 wk ahead inc flu hosp,3/18/2023,5,quantile,0.2,12.840282
3/6/2023,2 wk ahead inc flu hosp,3/18/2023,5,quantile,0.25,14.42501629
3/6/2023,2 wk ahead inc flu hosp,3/18/2023,5,quantile,0.3,15.94677975
3/6/2023,2 wk ahead inc flu hosp,3/18/2023,5,quantile,0.35,17.44285822
3/6/2023,2 wk ahead inc flu hosp,3/18/2023,5,quantile,0.4,18.94108525
3/6/2023,2 wk ahead inc flu hosp,3/18/2023,5,quantile,0.45,20.46537317
3/6/2023,2 wk ahead inc flu hosp,3/18/2023,5,quantile,0.5,22.03901033
3/6/2023,2 wk ahead inc flu hosp,3/18/2023,5,quantile,0.55,23.68728555
3/6/2023,2 wk ahead inc flu hosp,3/18/2023,5,quantile,0.6,25.44031529
3/6/2023,2 wk ahead inc flu hosp,3/18/2023,5,quantile,0.65,27.33693359
3/6/2023,2 wk ahead inc flu hosp,3/18/2023,5,quantile,0.7,29.43102814
3/6/2023,2 wk ahead inc flu hosp,3/18/2023,5,quantile,0.75,31.80325564
3/6/2023,2 wk ahead inc flu hosp,3/18/2023,5,quantile,0.8,34.58555198
3/6/2023,2 wk ahead inc flu hosp,3/18/2023,5,quantile,0.85,38.02092421
3/6/2023,2 wk ahead inc flu hosp,3/18/2023,5,quantile,0.9,42.64673764
3/6/2023,2 wk ahead inc flu hosp,3/18/2023,5,quantile,0.95,50.14982669
3/6/2023,2 wk ahead inc flu hosp,3/18/2023,5,quantile,0.975,57.31125647
3/6/2023,2 wk ahead inc flu hosp,3/18/2023,5,quantile,0.99,66.43826195
3/6/2023,2 wk ahead inc flu hosp,3/18/2023,6,point,NA,72.5
3/6/2023,2 wk ahead inc flu hosp,3/18/2023,6,quantile,0.01,2.366714945
3/6/2023,2 wk ahead inc flu hosp,3/18/2023,6,quantile,0.025,6.143570028
3/6/2023,2 wk ahead inc flu hosp,3/18/2023,6,quantile,0.05,11.03979614
3/6/2023,2 wk ahead inc flu hosp,3/18/2023,6,quantile,0.1,18.9624748
3/6/2023,2 wk ahead inc flu hosp,3/18/2023,6,quantile,0.15,25.89087431
3/6/2023,2 wk ahead inc flu hosp,3/18/2023,6,quantile,0.2,32.40877837
3/6/2023,2 wk ahead inc flu hosp,3/18/2023,6,quantile,0.25,38.76844879
3/6/2023,2 wk ahead inc flu hosp,3/18/2023,6,quantile,0.3,45.11972462
3/6/2023,2 wk ahead inc flu hosp,3/18/2023,6,quantile,0.35,51.57262827
3/6/2023,2 wk ahead inc flu hosp,3/18/2023,6,quantile,0.4,58.22252126
3/6/2023,2 wk ahead inc flu hosp,3/18/2023,6,quantile,0.45,65.16377519
3/6/2023,2 wk ahead inc flu hosp,3/18/2023,6,quantile,0.5,72.5
3/6/2023,2 wk ahead inc flu hosp,3/18/2023,6,quantile,0.55,80.35454679
3/6/2023,2 wk ahead inc flu hosp,3/18/2023,6,quantile,0.6,88.8842698
3/6/2023,2 wk ahead inc flu hosp,3/18/2023,6,quantile,0.65,98.30066103
3/6/2023,2 wk ahead inc flu hosp,3/18/2023,6,quantile,0.7,108.9061003
3/6/2023,2 wk ahead inc flu hosp,3/18/2023,6,quantile,0.75,121.1624752
3/6/2023,2 wk ahead inc flu hosp,3/18/2023,6,quantile,0.8,135.836484
3/6/2023,2 wk ahead inc flu hosp,3/18/2023,6,quantile,0.85,154.3570308
3/6/2023,2 wk ahead inc flu hosp,3/18/2023,6,quantile,0.9,179.9195268
3/6/2023,2 wk ahead inc flu hosp,3/18/2023,6,quantile,0.95,222.6914938
3/6/2023,2 wk ahead inc flu hosp,3/18/2023,6,quantile,0.975,264.7944029
3/6/2023,2 wk ahead inc flu hosp,3/18/2023,6,quantile,0.99,319.96319
3/6/2023,2 wk ahead inc flu hosp,3/18/2023,8,point,NA,17.06285024
3/6/2023,2 wk ahead inc flu hosp,3/18/2023,8,quantile,0.01,1.276674962
3/6/2023,2 wk ahead inc flu hosp,3/18/2023,8,quantile,0.025,2.362417656
3/6/2023,2 wk ahead inc flu hosp,3/18/2023,8,quantile,0.05,3.594674503
3/6/2023,2 wk ahead inc flu hosp,3/18/2023,8,quantile,0.1,5.435494576
3/6/2023,2 wk ahead inc flu hosp,3/18/2023,8,quantile,0.15,6.978457335
3/6/2023,2 wk ahead inc flu hosp,3/18/2023,8,quantile,0.2,8.403501583
3/6/2023,2 wk ahead inc flu hosp,3/18/2023,8,quantile,0.25,9.781263369
3/6/2023,2 wk ahead inc flu hosp,3/18/2023,8,quantile,0.3,11.15121861
3/6/2023,2 wk ahead inc flu hosp,3/18/2023,8,quantile,0.35,12.54110552
3/6/2023,2 wk ahead inc flu hosp,3/18/2023,8,quantile,0.4,13.9742427
3/6/2023,2 wk ahead inc flu hosp,3/18/2023,8,quantile,0.45,15.47327912
3/6/2023,2 wk ahead inc flu hosp,3/18/2023,8,quantile,0.5,17.06285024
3/6/2023,2 wk ahead inc flu hosp,3/18/2023,8,quantile,0.55,18.77220189
3/6/2023,2 wk ahead inc flu hosp,3/18/2023,8,quantile,0.6,20.63856788
3/6/2023,2 wk ahead inc flu hosp,3/18/2023,8,quantile,0.65,22.71233525
3/6/2023,2 wk ahead inc flu hosp,3/18/2023,8,quantile,0.7,25.06592235
3/6/2023,2 wk ahead inc flu hosp,3/18/2023,8,quantile,0.75,27.81066538
3/6/2023,2 wk ahead inc flu hosp,3/18/2023,8,quantile,0.8,31.13280404
3/6/2023,2 wk ahead inc flu hosp,3/18/2023,8,quantile,0.85,35.3826911
3/6/2023,2 wk ahead inc flu hosp,3/18/2023,8,quantile,0.9,41.35322361
3/6/2023,2 wk ahead inc flu hosp,3/18/2023,8,quantile,0.95,51.61178377
3/6/2023,2 wk ahead inc flu hosp,3/18/2023,8,quantile,0.975,62.02920199
3/6/2023,2 wk ahead inc flu hosp,3/18/2023,8,quantile,0.99,76.1393488
3/6/2023,2 wk ahead inc flu hosp,3/18/2023,9,point,NA,10.96920644
3/6/2023,2 wk ahead inc flu hosp,3/18/2023,9,quantile,0.01,0
3/6/2023,2 wk ahead inc flu hosp,3/18/2023,9,quantile,0.025,0.181752774
3/6/2023,2 wk ahead inc flu hosp,3/18/2023,9,quantile,0.05,1.113319896
3/6/2023,2 wk ahead inc flu hosp,3/18/2023,9,quantile,0.1,2.553760785
3/6/2023,2 wk ahead inc flu hosp,3/18/2023,9,quantile,0.15,3.754832308
3/6/2023,2 wk ahead inc flu hosp,3/18/2023,9,quantile,0.2,4.844365448
3/6/2023,2 wk ahead inc flu hosp,3/18/2023,9,quantile,0.25,5.875893444
3/6/2023,2 wk ahead inc flu hosp,3/18/2023,9,quantile,0.3,6.87938206
3/6/2023,2 wk ahead inc flu hosp,3/18/2023,9,quantile,0.35,7.875103345
3/6/2023,2 wk ahead inc flu hosp,3/18/2023,9,quantile,0.4,8.879033554
3/6/2023,2 wk ahead inc flu hosp,3/18/2023,9,quantile,0.45,9.905554948
3/6/2023,2 wk ahead inc flu hosp,3/18/2023,9,quantile,0.5,10.96920644
3/6/2023,2 wk ahead inc flu hosp,3/18/2023,9,quantile,0.55,12.08620659
3/6/2023,2 wk ahead inc flu hosp,3/18/2023,9,quantile,0.6,13.27621232
3/6/2023,2 wk ahead inc flu hosp,3/18/2023,9,quantile,0.65,14.56483286
3/6/2023,2 wk ahead inc flu hosp,3/18/2023,9,quantile,0.7,15.9877899
3/6/2023,2 wk ahead inc flu hosp,3/18/2023,9,quantile,0.75,17.59864672
3/6/2023,2 wk ahead inc flu hosp,3/18/2023,9,quantile,0.8,19.48497951
3/6/2023,2 wk ahead inc flu hosp,3/18/2023,9,quantile,0.85,21.80774577
3/6/2023,2 wk ahead inc flu hosp,3/18/2023,9,quantile,0.9,24.92155035
3/6/2023,2 wk ahead inc flu hosp,3/18/2023,9,quantile,0.95,29.9327312
3/6/2023,2 wk ahead inc flu hosp,3/18/2023,9,quantile,0.975,34.66649607
3/6/2023,2 wk ahead inc flu hosp,3/18/2023,9,quantile,0.99,40.6282324
3/6/2023,2 wk ahead inc flu hosp,3/18/2023,10,point,NA,2.870964551
3/6/2023,2 wk ahead inc flu hosp,3/18/2023,10,quantile,0.01,0
3/6/2023,2 wk ahead inc flu hosp,3/18/2023,10,quantile,0.025,0
3/6/2023,2 wk ahead inc flu hosp,3/18/2023,10,quantile,0.05,0.207052377
3/6/2023,2 wk ahead inc flu hosp,3/18/2023,10,quantile,0.1,0.599933141
3/6/2023,2 wk ahead inc flu hosp,3/18/2023,10,quantile,0.15,0.918376063
3/6/2023,2 wk ahead inc flu hosp,3/18/2023,10,quantile,0.2,1.206004076
3/6/2023,2 wk ahead inc flu hosp,3/18/2023,10,quantile,0.25,1.479358469
3/6/2023,2 wk ahead inc flu hosp,3/18/2023,10,quantile,0.3,1.747323513
3/6/2023,2 wk ahead inc flu hosp,3/18/2023,10,quantile,0.35,2.015847917
3/6/2023,2 wk ahead inc flu hosp,3/18/2023,10,quantile,0.4,2.28967558
3/6/2023,2 wk ahead inc flu hosp,3/18/2023,10,quantile,0.45,2.573189655
3/6/2023,2 wk ahead inc flu hosp,3/18/2023,10,quantile,0.5,2.870964551
3/6/2023,2 wk ahead inc flu hosp,3/18/2023,10,quantile,0.55,3.188265324
3/6/2023,2 wk ahead inc flu hosp,3/18/2023,10,quantile,0.6,3.531650977
3/6/2023,2 wk ahead inc flu hosp,3/18/2023,10,quantile,0.65,3.909866377
3/6/2023,2 wk ahead inc flu hosp,3/18/2023,10,quantile,0.7,4.33535101
3/6/2023,2 wk ahead inc flu hosp,3/18/2023,10,quantile,0.75,4.827086169
3/6/2023,2 wk ahead inc flu hosp,3/18/2023,10,quantile,0.8,5.41663328
3/6/2023,2 wk ahead inc flu hosp,3/18/2023,10,quantile,0.85,6.163043575
3/6/2023,2 wk ahead inc flu hosp,3/18/2023,10,quantile,0.9,7.199192132
3/6/2023,2 wk ahead inc flu hosp,3/18/2023,10,quantile,0.95,8.952131469
3/6/2023,2 wk ahead inc flu hosp,3/18/2023,10,quantile,0.975,10.70434242
3/6/2023,2 wk ahead inc flu hosp,3/18/2023,10,quantile,0.99,13.04311712
3/6/2023,2 wk ahead inc flu hosp,3/18/2023,11,point,NA,3.614343139
3/6/2023,2 wk ahead inc flu hosp,3/18/2023,11,quantile,0.01,0
3/6/2023,2 wk ahead inc flu hosp,3/18/2023,11,quantile,0.025,0.308591041
3/6/2023,2 wk ahead inc flu hosp,3/18/2023,11,quantile,0.05,0.639349379
3/6/2023,2 wk ahead inc flu hosp,3/18/2023,11,quantile,0.1,1.100272576
3/6/2023,2 wk ahead inc flu hosp,3/18/2023,11,quantile,0.15,1.465854056
3/6/2023,2 wk ahead inc flu hosp,3/18/2023,11,quantile,0.2,1.791254192
3/6/2023,2 wk ahead inc flu hosp,3/18/2023,11,quantile,0.25,2.096985929
3/6/2023,2 wk ahead inc flu hosp,3/18/2023,11,quantile,0.3,2.393824854
3/6/2023,2 wk ahead inc flu hosp,3/18/2023,11,quantile,0.35,2.688787341
3/6/2023,2 wk ahead inc flu hosp,3/18/2023,11,quantile,0.4,2.987289609
3/6/2023,2 wk ahead inc flu hosp,3/18/2023,11,quantile,0.45,3.294172849
3/6/2023,2 wk ahead inc flu hosp,3/18/2023,11,quantile,0.5,3.614343139
3/6/2023,2 wk ahead inc flu hosp,3/18/2023,11,quantile,0.55,3.953317619
3/6/2023,2 wk ahead inc flu hosp,3/18/2023,11,quantile,0.6,4.317853779
3/6/2023,2 wk ahead inc flu hosp,3/18/2023,11,quantile,0.65,4.71685474
3/6/2023,2 wk ahead inc flu hosp,3/18/2023,11,quantile,0.7,5.162880338
3/6/2023,2 wk ahead inc flu hosp,3/18/2023,11,quantile,0.75,5.674980102
3/6/2023,2 wk ahead inc flu hosp,3/18/2023,11,quantile,0.8,6.284678019
3/6/2023,2 wk ahead inc flu hosp,3/18/2023,11,quantile,0.85,7.050703378
3/6/2023,2 wk ahead inc flu hosp,3/18/2023,11,quantile,0.9,8.104614383
3/6/2023,2 wk ahead inc flu hosp,3/18/2023,11,quantile,0.95,9.866775487
3/6/2023,2 wk ahead inc flu hosp,3/18/2023,11,quantile,0.975,11.60688727
3/6/2023,2 wk ahead inc flu hosp,3/18/2023,11,quantile,0.99,13.90294179
3/6/2023,2 wk ahead inc flu hosp,3/18/2023,12,point,NA,159.2350388
3/6/2023,2 wk ahead inc flu hosp,3/18/2023,12,quantile,0.01,45.36100592
3/6/2023,2 wk ahead inc flu hosp,3/18/2023,12,quantile,0.025,57.53638466
3/6/2023,2 wk ahead inc flu hosp,3/18/2023,12,quantile,0.05,69.56122797
3/6/2023,2 wk ahead inc flu hosp,3/18/2023,12,quantile,0.1,85.33132591
3/6/2023,2 wk ahead inc flu hosp,3/18/2023,12,quantile,0.15,97.19060541
3/6/2023,2 wk ahead inc flu hosp,3/18/2023,12,quantile,0.2,107.3495039
3/6/2023,2 wk ahead inc flu hosp,3/18/2023,12,quantile,0.25,116.6001597
3/6/2023,2 wk ahead inc flu hosp,3/18/2023,12,quantile,0.3,125.3403863
3/6/2023,2 wk ahead inc flu hosp,3/18/2023,12,quantile,0.35,133.8138594
3/6/2023,2 wk ahead inc flu hosp,3/18/2023,12,quantile,0.4,142.1944744
3/6/2023,2 wk ahead inc flu hosp,3/18/2023,12,quantile,0.45,150.6243195
3/6/2023,2 wk ahead inc flu hosp,3/18/2023,12,quantile,0.5,159.2350388
3/6/2023,2 wk ahead inc flu hosp,3/18/2023,12,quantile,0.55,168.1634375
3/6/2023,2 wk ahead inc flu hosp,3/18/2023,12,quantile,0.6,177.56687
3/6/2023,2 wk ahead inc flu hosp,3/18/2023,12,quantile,0.65,187.6431522
3/6/2023,2 wk ahead inc flu hosp,3/18/2023,12,quantile,0.7,198.6619666
3/6/2023,2 wk ahead inc flu hosp,3/18/2023,12,quantile,0.75,211.0220593
3/6/2023,2 wk ahead inc flu hosp,3/18/2023,12,quantile,0.8,225.3700052
3/6/2023,2 wk ahead inc flu hosp,3/18/2023,12,quantile,0.85,242.8885203
3/6/2023,2 wk ahead inc flu hosp,3/18/2023,12,quantile,0.9,266.1762687
3/6/2023,2 wk ahead inc flu hosp,3/18/2023,12,quantile,0.95,303.3286185
3/6/2023,2 wk ahead inc flu hosp,3/18/2023,12,quantile,0.975,338.1951555
3/6/2023,2 wk ahead inc flu hosp,3/18/2023,12,quantile,0.99,381.9436375
3/6/2023,2 wk ahead inc flu hosp,3/18/2023,13,point,NA,43.36
3/6/2023,2 wk ahead inc flu hosp,3/18/2023,13,quantile,0.01,3.796768432
3/6/2023,2 wk ahead inc flu hosp,3/18/2023,13,quantile,0.025,6.759468016
3/6/2023,2 wk ahead inc flu hosp,3/18/2023,13,quantile,0.05,10.11179336
3/6/2023,2 wk ahead inc flu hosp,3/18/2023,13,quantile,0.1,15.02662943
3/6/2023,2 wk ahead inc flu hosp,3/18/2023,13,quantile,0.15,19.0453572
3/6/2023,2 wk ahead inc flu hosp,3/18/2023,13,quantile,0.2,22.67674397
3/6/2023,2 wk ahead inc flu hosp,3/18/2023,13,quantile,0.25,26.11877046
3/6/2023,2 wk ahead inc flu hosp,3/18/2023,13,quantile,0.3,29.47872554
3/6/2023,2 wk ahead inc flu hosp,3/18/2023,13,quantile,0.35,32.82826818
3/6/2023,2 wk ahead inc flu hosp,3/18/2023,13,quantile,0.4,36.22389699
3/6/2023,2 wk ahead inc flu hosp,3/18/2023,13,quantile,0.45,39.71694274
3/6/2023,2 wk ahead inc flu hosp,3/18/2023,13,quantile,0.5,43.36
3/6/2023,2 wk ahead inc flu hosp,3/18/2023,13,quantile,0.55,47.21257804
3/6/2023,2 wk ahead inc flu hosp,3/18/2023,13,quantile,0.6,51.3477351
3/6/2023,2 wk ahead inc flu hosp,3/18/2023,13,quantile,0.65,55.8616949
3/6/2023,2 wk ahead inc flu hosp,3/18/2023,13,quantile,0.7,60.88991288
3/6/2023,2 wk ahead inc flu hosp,3/18/2023,13,quantile,0.75,66.63712973
3/6/2023,2 wk ahead inc flu hosp,3/18/2023,13,quantile,0.8,73.44061878
3/6/2023,2 wk ahead inc flu hosp,3/18/2023,13,quantile,0.85,81.92508445
3/6/2023,2 wk ahead inc flu hosp,3/18/2023,13,quantile,0.9,93.47926936
3/6/2023,2 wk ahead inc flu hosp,3/18/2023,13,quantile,0.95,112.4903445
3/6/2023,2 wk ahead inc flu hosp,3/18/2023,13,quantile,0.975,130.8976381
3/6/2023,2 wk ahead inc flu hosp,3/18/2023,13,quantile,0.99,154.6642523
3/6/2023,2 wk ahead inc flu hosp,3/18/2023,15,point,NA,1.906139148
3/6/2023,2 wk ahead inc flu hosp,3/18/2023,15,quantile,0.01,0
3/6/2023,2 wk ahead inc flu hosp,3/18/2023,15,quantile,0.025,0
3/6/2023,2 wk ahead inc flu hosp,3/18/2023,15,quantile,0.05,0
3/6/2023,2 wk ahead inc flu hosp,3/18/2023,15,quantile,0.1,0.076283353
3/6/2023,2 wk ahead inc flu hosp,3/18/2023,15,quantile,0.15,0.322329811
3/6/2023,2 wk ahead inc flu hosp,3/18/2023,15,quantile,0.2,0.548338265
3/6/2023,2 wk ahead inc flu hosp,3/18/2023,15,quantile,0.25,0.765952128
3/6/2023,2 wk ahead inc flu hosp,3/18/2023,15,quantile,0.3,0.981610143
3/6/2023,2 wk ahead inc flu hosp,3/18/2023,15,quantile,0.35,1.199781121
3/6/2023,2 wk ahead inc flu hosp,3/18/2023,15,quantile,0.4,1.424173577
3/6/2023,2 wk ahead inc flu hosp,3/18/2023,15,quantile,0.45,1.65834751
3/6/2023,2 wk ahead inc flu hosp,3/18/2023,15,quantile,0.5,1.906139148
3/6/2023,2 wk ahead inc flu hosp,3/18/2023,15,quantile,0.55,2.172071967
3/6/2023,2 wk ahead inc flu hosp,3/18/2023,15,quantile,0.6,2.461878405
3/6/2023,2 wk ahead inc flu hosp,3/18/2023,15,quantile,0.65,2.783292061
3/6/2023,2 wk ahead inc flu hosp,3/18/2023,15,quantile,0.7,3.147404884
3/6/2023,2 wk ahead inc flu hosp,3/18/2023,15,quantile,0.75,3.571244675
3/6/2023,2 wk ahead inc flu hosp,3/18/2023,15,quantile,0.8,4.08326291
3/6/2023,2 wk ahead inc flu hosp,3/18/2023,15,quantile,0.85,4.736929836
3/6/2023,2 wk ahead inc flu hosp,3/18/2023,15,quantile,0.9,5.653135304
3/6/2023,2 wk ahead inc flu hosp,3/18/2023,15,quantile,0.95,7.222828713
3/6/2023,2 wk ahead inc flu hosp,3/18/2023,15,quantile,0.975,8.812349525
3/6/2023,2 wk ahead inc flu hosp,3/18/2023,15,quantile,0.99,10.95996263
3/6/2023,2 wk ahead inc flu hosp,3/18/2023,16,point,NA,2.220283942
3/6/2023,2 wk ahead inc flu hosp,3/18/2023,16,quantile,0.01,0
3/6/2023,2 wk ahead inc flu hosp,3/18/2023,16,quantile,0.025,0
3/6/2023,2 wk ahead inc flu hosp,3/18/2023,16,quantile,0.05,0
3/6/2023,2 wk ahead inc flu hosp,3/18/2023,16,quantile,0.1,0
3/6/2023,2 wk ahead inc flu hosp,3/18/2023,16,quantile,0.15,0.258168452
3/6/2023,2 wk ahead inc flu hosp,3/18/2023,16,quantile,0.2,0.522454689
3/6/2023,2 wk ahead inc flu hosp,3/18/2023,16,quantile,0.25,0.78299706
3/6/2023,2 wk ahead inc flu hosp,3/18/2023,16,quantile,0.3,1.046284364
3/6/2023,2 wk ahead inc flu hosp,3/18/2023,16,quantile,0.35,1.31718125
3/6/2023,2 wk ahead inc flu hosp,3/18/2023,16,quantile,0.4,1.60005351
3/6/2023,2 wk ahead inc flu hosp,3/18/2023,16,quantile,0.45,1.899388542
3/6/2023,2 wk ahead inc flu hosp,3/18/2023,16,quantile,0.5,2.220283942
3/6/2023,2 wk ahead inc flu hosp,3/18/2023,16,quantile,0.55,2.568980521
3/6/2023,2 wk ahead inc flu hosp,3/18/2023,16,quantile,0.6,2.953592484
3/6/2023,2 wk ahead inc flu hosp,3/18/2023,16,quantile,0.65,3.385259179
3/6/2023,2 wk ahead inc flu hosp,3/18/2023,16,quantile,0.7,3.880153704
3/6/2023,2 wk ahead inc flu hosp,3/18/2023,16,quantile,0.75,4.46333254
3/6/2023,2 wk ahead inc flu hosp,3/18/2023,16,quantile,0.8,5.176981311
3/6/2023,2 wk ahead inc flu hosp,3/18/2023,16,quantile,0.85,6.100950796
3/6/2023,2 wk ahead inc flu hosp,3/18/2023,16,quantile,0.9,7.417185617
3/6/2023,2 wk ahead inc flu hosp,3/18/2023,16,quantile,0.95,9.72014673
3/6/2023,2 wk ahead inc flu hosp,3/18/2023,16,quantile,0.975,12.10266205
3/6/2023,2 wk ahead inc flu hosp,3/18/2023,16,quantile,0.99,15.38653755
3/6/2023,2 wk ahead inc flu hosp,3/18/2023,17,point,NA,28.31359275
3/6/2023,2 wk ahead inc flu hosp,3/18/2023,17,quantile,0.01,1.268844673
3/6/2023,2 wk ahead inc flu hosp,3/18/2023,17,quantile,0.025,3.093098904
3/6/2023,2 wk ahead inc flu hosp,3/18/2023,17,quantile,0.05,5.256469081
3/6/2023,2 wk ahead inc flu hosp,3/18/2023,17,quantile,0.1,8.532780633
3/6/2023,2 wk ahead inc flu hosp,3/18/2023,17,quantile,0.15,11.26856622
3/6/2023,2 wk ahead inc flu hosp,3/18/2023,17,quantile,0.2,13.77024491
3/6/2023,2 wk ahead inc flu hosp,3/18/2023,17,quantile,0.25,16.16091832
3/6/2023,2 wk ahead inc flu hosp,3/18/2023,17,quantile,0.3,18.50901221
3/6/2023,2 wk ahead inc flu hosp,3/18/2023,17,quantile,0.35,20.86138038
3/6/2023,2 wk ahead inc flu hosp,3/18/2023,17,quantile,0.4,23.25588651
3/6/2023,2 wk ahead inc flu hosp,3/18/2023,17,quantile,0.45,25.72771568
3/6/2023,2 wk ahead inc flu hosp,3/18/2023,17,quantile,0.5,28.31359275
3/6/2023,2 wk ahead inc flu hosp,3/18/2023,17,quantile,0.55,31.05564499
3/6/2023,2 wk ahead inc flu hosp,3/18/2023,17,quantile,0.6,34.00607939
3/6/2023,2 wk ahead inc flu hosp,3/18/2023,17,quantile,0.65,37.23407604
3/6/2023,2 wk ahead inc flu hosp,3/18/2023,17,quantile,0.7,40.83738988
3/6/2023,2 wk ahead inc flu hosp,3/18/2023,17,quantile,0.75,44.96411698
3/6/2023,2 wk ahead inc flu hosp,3/18/2023,17,quantile,0.8,49.85855464
3/6/2023,2 wk ahead inc flu hosp,3/18/2023,17,quantile,0.85,55.9735693
3/6/2023,2 wk ahead inc flu hosp,3/18/2023,17,quantile,0.9,64.31642088
3/6/2023,2 wk ahead inc flu hosp,3/18/2023,17,quantile,0.95,78.07028454
3/6/2023,2 wk ahead inc flu hosp,3/18/2023,17,quantile,0.975,91.40717511
3/6/2023,2 wk ahead inc flu hosp,3/18/2023,17,quantile,0.99,108.6425871
3/6/2023,2 wk ahead inc flu hosp,3/18/2023,18,point,NA,38.67620914
3/6/2023,2 wk ahead inc flu hosp,3/18/2023,18,quantile,0.01,0.324433714
3/6/2023,2 wk ahead inc flu hosp,3/18/2023,18,quantile,0.025,2.76562498
3/6/2023,2 wk ahead inc flu hosp,3/18/2023,18,quantile,0.05,5.910319414
3/6/2023,2 wk ahead inc flu hosp,3/18/2023,18,quantile,0.1,10.76308189
3/6/2023,2 wk ahead inc flu hosp,3/18/2023,18,quantile,0.15,14.7911715
3/6/2023,2 wk ahead inc flu hosp,3/18/2023,18,quantile,0.2,18.43064362
3/6/2023,2 wk ahead inc flu hosp,3/18/2023,18,quantile,0.25,21.86444176
3/6/2023,2 wk ahead inc flu hosp,3/18/2023,18,quantile,0.3,25.19460203
3/6/2023,2 wk ahead inc flu hosp,3/18/2023,18,quantile,0.35,28.489675
3/6/2023,2 wk ahead inc flu hosp,3/18/2023,18,quantile,0.4,31.80317948
3/6/2023,2 wk ahead inc flu hosp,3/18/2023,18,quantile,0.45,35.18278911
3/6/2023,2 wk ahead inc flu hosp,3/18/2023,18,quantile,0.5,38.67620914
3/6/2023,2 wk ahead inc flu hosp,3/18/2023,18,quantile,0.55,42.33619728
3/6/2023,2 wk ahead inc flu hosp,3/18/2023,18,quantile,0.6,46.22626708
3/6/2023,2 wk ahead inc flu hosp,3/18/2023,18,quantile,0.65,50.42875664
3/6/2023,2 wk ahead inc flu hosp,3/18/2023,18,quantile,0.7,55.05810937
3/6/2023,2 wk ahead inc flu hosp,3/18/2023,18,quantile,0.75,60.28548056
3/6/2023,2 wk ahead inc flu hosp,3/18/2023,18,quantile,0.8,66.39013714
3/6/2023,2 wk ahead inc flu hosp,3/18/2023,18,quantile,0.85,73.88442532
3/6/2023,2 wk ahead inc flu hosp,3/18/2023,18,quantile,0.9,83.89500765
3/6/2023,2 wk ahead inc flu hosp,3/18/2023,18,quantile,0.95,99.92864084
3/6/2023,2 wk ahead inc flu hosp,3/18/2023,18,quantile,0.975,114.9981792
3/6/2023,2 wk ahead inc flu hosp,3/18/2023,18,quantile,0.99,133.8848379
3/6/2023,2 wk ahead inc flu hosp,3/18/2023,19,point,NA,5.611285752
3/6/2023,2 wk ahead inc flu hosp,3/18/2023,19,quantile,0.01,0.047853067
3/6/2023,2 wk ahead inc flu hosp,3/18/2023,19,quantile,0.025,0.470790815
3/6/2023,2 wk ahead inc flu hosp,3/18/2023,19,quantile,0.05,0.934912124
3/6/2023,2 wk ahead inc flu hosp,3/18/2023,19,quantile,0.1,1.608146093
3/6/2023,2 wk ahead inc flu hosp,3/18/2023,19,quantile,0.15,2.159631711
3/6/2023,2 wk ahead inc flu hosp,3/18/2023,19,quantile,0.2,2.661303739
3/6/2023,2 wk ahead inc flu hosp,3/18/2023,19,quantile,0.25,3.140719166
3/6/2023,2 wk ahead inc flu hosp,3/18/2023,19,quantile,0.3,3.612854448
3/6/2023,2 wk ahead inc flu hosp,3/18/2023,19,quantile,0.35,4.087885316
3/6/2023,2 wk ahead inc flu hosp,3/18/2023,19,quantile,0.4,4.574061561
3/6/2023,2 wk ahead inc flu hosp,3/18/2023,19,quantile,0.45,5.079129594
3/6/2023,2 wk ahead inc flu hosp,3/18/2023,19,quantile,0.5,5.611285752
3/6/2023,2 wk ahead inc flu hosp,3/18/2023,19,quantile,0.55,6.180063591
3/6/2023,2 wk ahead inc flu hosp,3/18/2023,19,quantile,0.6,6.797429117
3/6/2023,2 wk ahead inc flu hosp,3/18/2023,19,quantile,0.65,7.479419266
3/6/2023,2 wk ahead inc flu hosp,3/18/2023,19,quantile,0.7,8.248929222
3/6/2023,2 wk ahead inc flu hosp,3/18/2023,19,quantile,0.75,9.140987249
3/6/2023,2 wk ahead inc flu hosp,3/18/2023,19,quantile,0.8,10.21396071
3/6/2023,2 wk ahead inc flu hosp,3/18/2023,19,quantile,0.85,11.57726503
3/6/2023,2 wk ahead inc flu hosp,3/18/2023,19,quantile,0.9,13.47760634
3/6/2023,2 wk ahead inc flu hosp,3/18/2023,19,quantile,0.95,16.70999388
3/6/2023,2 wk ahead inc flu hosp,3/18/2023,19,quantile,0.975,19.95907021
3/6/2023,2 wk ahead inc flu hosp,3/18/2023,19,quantile,0.99,24.31853969
3/6/2023,2 wk ahead inc flu hosp,3/18/2023,20,point,NA,4.142269087
3/6/2023,2 wk ahead inc flu hosp,3/18/2023,20,quantile,0.01,0
3/6/2023,2 wk ahead inc flu hosp,3/18/2023,20,quantile,0.025,0.358260314
3/6/2023,2 wk ahead inc flu hosp,3/18/2023,20,quantile,0.05,0.737284931
3/6/2023,2 wk ahead inc flu hosp,3/18/2023,20,quantile,0.1,1.267151356
3/6/2023,2 wk ahead inc flu hosp,3/18/2023,20,quantile,0.15,1.687580331
3/6/2023,2 wk ahead inc flu hosp,3/18/2023,20,quantile,0.2,2.061428178
3/6/2023,2 wk ahead inc flu hosp,3/18/2023,20,quantile,0.25,2.412149743
3/6/2023,2 wk ahead inc flu hosp,3/18/2023,20,quantile,0.3,2.752064393
3/6/2023,2 wk ahead inc flu hosp,3/18/2023,20,quantile,0.35,3.089168944
3/6/2023,2 wk ahead inc flu hosp,3/18/2023,20,quantile,0.4,3.429601601
3/6/2023,2 wk ahead inc flu hosp,3/18/2023,20,quantile,0.45,3.778809058
3/6/2023,2 wk ahead inc flu hosp,3/18/2023,20,quantile,0.5,4.142269087
3/6/2023,2 wk ahead inc flu hosp,3/18/2023,20,quantile,0.55,4.526099187
3/6/2023,2 wk ahead inc flu hosp,3/18/2023,20,quantile,0.6,4.937748905
3/6/2023,2 wk ahead inc flu hosp,3/18/2023,20,quantile,0.65,5.386987168
3/6/2023,2 wk ahead inc flu hosp,3/18/2023,20,quantile,0.7,5.887541846
3/6/2023,2 wk ahead inc flu hosp,3/18/2023,20,quantile,0.75,6.460163273
3/6/2023,2 wk ahead inc flu hosp,3/18/2023,20,quantile,0.8,7.139078307
3/6/2023,2 wk ahead inc flu hosp,3/18/2023,20,quantile,0.85,7.987831734
3/6/2023,2 wk ahead inc flu hosp,3/18/2023,20,quantile,0.9,9.148183842
3/6/2023,2 wk ahead inc flu hosp,3/18/2023,20,quantile,0.95,11.07046108
3/6/2023,2 wk ahead inc flu hosp,3/18/2023,20,quantile,0.975,12.94851904
3/6/2023,2 wk ahead inc flu hosp,3/18/2023,20,quantile,0.99,15.39888358
3/6/2023,2 wk ahead inc flu hosp,3/18/2023,21,point,NA,12.84420837
3/6/2023,2 wk ahead inc flu hosp,3/18/2023,21,quantile,0.01,1.267850639
3/6/2023,2 wk ahead inc flu hosp,3/18/2023,21,quantile,0.025,2.173913666
3/6/2023,2 wk ahead inc flu hosp,3/18/2023,21,quantile,0.05,3.160875704
3/6/2023,2 wk ahead inc flu hosp,3/18/2023,21,quantile,0.1,4.581250355
3/6/2023,2 wk ahead inc flu hosp,3/18/2023,21,quantile,0.15,5.736408
3/6/2023,2 wk ahead inc flu hosp,3/18/2023,21,quantile,0.2,6.781608361
3/6/2023,2 wk ahead inc flu hosp,3/18/2023,21,quantile,0.25,7.775986384
3/6/2023,2 wk ahead inc flu hosp,3/18/2023,21,quantile,0.3,8.75140833
3/6/2023,2 wk ahead inc flu hosp,3/18/2023,21,quantile,0.35,9.729272346
3/6/2023,2 wk ahead inc flu hosp,3/18/2023,21,quantile,0.4,10.72668471
3/6/2023,2 wk ahead inc flu hosp,3/18/2023,21,quantile,0.45,11.75948093
3/6/2023,2 wk ahead inc flu hosp,3/18/2023,21,quantile,0.5,12.84420837
3/6/2023,2 wk ahead inc flu hosp,3/18/2023,21,quantile,0.55,13.99992561
3/6/2023,2 wk ahead inc flu hosp,3/18/2023,21,quantile,0.6,15.25038044
3/6/2023,2 wk ahead inc flu hosp,3/18/2023,21,quantile,0.65,16.62723202
3/6/2023,2 wk ahead inc flu hosp,3/18/2023,21,quantile,0.7,18.17550108
3/6/2023,2 wk ahead inc flu hosp,3/18/2023,21,quantile,0.75,19.96385167
3/6/2023,2 wk ahead inc flu hosp,3/18/2023,21,quantile,0.8,22.10638448
3/6/2023,2 wk ahead inc flu hosp,3/18/2023,21,quantile,0.85,24.81641101
3/6/2023,2 wk ahead inc flu hosp,3/18/2023,21,quantile,0.9,28.57341198
3/6/2023,2 wk ahead inc flu hosp,3/18/2023,21,quantile,0.95,34.91597427
3/6/2023,2 wk ahead inc flu hosp,3/18/2023,21,quantile,0.975,41.23917618
3/6/2023,2 wk ahead inc flu hosp,3/18/2023,21,quantile,0.99,49.65411475
3/6/2023,2 wk ahead inc flu hosp,3/18/2023,22,point,NA,19.97799828
3/6/2023,2 wk ahead inc flu hosp,3/18/2023,22,quantile,0.01,2.995533753
3/6/2023,2 wk ahead inc flu hosp,3/18/2023,22,quantile,0.025,4.61843378
3/6/2023,2 wk ahead inc flu hosp,3/18/2023,22,quantile,0.05,6.297768888
3/6/2023,2 wk ahead inc flu hosp,3/18/2023,22,quantile,0.1,8.582710039
3/6/2023,2 wk ahead inc flu hosp,3/18/2023,22,quantile,0.15,10.34742697
3/6/2023,2 wk ahead inc flu hosp,3/18/2023,22,quantile,0.2,11.88401161
3/6/2023,2 wk ahead inc flu hosp,3/18/2023,22,quantile,0.25,13.29992337
3/6/2023,2 wk ahead inc flu hosp,3/18/2023,22,quantile,0.3,14.65030859
3/6/2023,2 wk ahead inc flu hosp,3/18/2023,22,quantile,0.35,15.96972505
3/6/2023,2 wk ahead inc flu hosp,3/18/2023,22,quantile,0.4,17.28347612
3/6/2023,2 wk ahead inc flu hosp,3/18/2023,22,quantile,0.45,18.6128201
3/6/2023,2 wk ahead inc flu hosp,3/18/2023,22,quantile,0.5,19.97799828
3/6/2023,2 wk ahead inc flu hosp,3/18/2023,22,quantile,0.55,21.40055384
3/6/2023,2 wk ahead inc flu hosp,3/18/2023,22,quantile,0.6,22.90573341
3/6/2023,2 wk ahead inc flu hosp,3/18/2023,22,quantile,0.65,24.52570285
3/6/2023,2 wk ahead inc flu hosp,3/18/2023,22,quantile,0.7,26.30470976
3/6/2023,2 wk ahead inc flu hosp,3/18/2023,22,quantile,0.75,28.30855929
3/6/2023,2 wk ahead inc flu hosp,3/18/2023,22,quantile,0.8,30.64435529
3/6/2023,2 wk ahead inc flu hosp,3/18/2023,22,quantile,0.85,33.50850081
3/6/2023,2 wk ahead inc flu hosp,3/18/2023,22,quantile,0.9,37.33333517
3/6/2023,2 wk ahead inc flu hosp,3/18/2023,22,quantile,0.95,43.46805632
3/6/2023,2 wk ahead inc flu hosp,3/18/2023,22,quantile,0.975,49.25318224
3/6/2023,2 wk ahead inc flu hosp,3/18/2023,22,quantile,0.99,56.53961997
3/6/2023,2 wk ahead inc flu hosp,3/18/2023,23,point,NA,3.124404342
3/6/2023,2 wk ahead inc flu hosp,3/18/2023,23,quantile,0.01,0
3/6/2023,2 wk ahead inc flu hosp,3/18/2023,23,quantile,0.025,0
3/6/2023,2 wk ahead inc flu hosp,3/18/2023,23,quantile,0.05,0
3/6/2023,2 wk ahead inc flu hosp,3/18/2023,23,quantile,0.1,0
3/6/2023,2 wk ahead inc flu hosp,3/18/2023,23,quantile,0.15,0.33862286
3/6/2023,2 wk ahead inc flu hosp,3/18/2023,23,quantile,0.2,0.725174377
3/6/2023,2 wk ahead inc flu hosp,3/18/2023,23,quantile,0.25,1.104787111
3/6/2023,2 wk ahead inc flu hosp,3/18/2023,23,quantile,0.3,1.485049899
3/6/2023,2 wk ahead inc flu hosp,3/18/2023,23,quantile,0.35,1.871820476
3/6/2023,2 wk ahead inc flu hosp,3/18/2023,23,quantile,0.4,2.270343628
3/6/2023,2 wk ahead inc flu hosp,3/18/2023,23,quantile,0.45,2.685913228
3/6/2023,2 wk ahead inc flu hosp,3/18/2023,23,quantile,0.5,3.124404342
3/6/2023,2 wk ahead inc flu hosp,3/18/2023,23,quantile,0.55,3.592846362
3/6/2023,2 wk ahead inc flu hosp,3/18/2023,23,quantile,0.6,4.100191532
3/6/2023,2 wk ahead inc flu hosp,3/18/2023,23,quantile,0.65,4.658504892
3/6/2023,2 wk ahead inc flu hosp,3/18/2023,23,quantile,0.7,5.285008502
3/6/2023,2 wk ahead inc flu hosp,3/18/2023,23,quantile,0.75,6.005946956
3/6/2023,2 wk ahead inc flu hosp,3/18/2023,23,quantile,0.8,6.864754454
3/6/2023,2 wk ahead inc flu hosp,3/18/2023,23,quantile,0.85,7.942082835
3/6/2023,2 wk ahead inc flu hosp,3/18/2023,23,quantile,0.9,9.417444516
3/6/2023,2 wk ahead inc flu hosp,3/18/2023,23,quantile,0.95,11.85814603
3/6/2023,2 wk ahead inc flu hosp,3/18/2023,23,quantile,0.975,14.22972325
3/6/2023,2 wk ahead inc flu hosp,3/18/2023,23,quantile,0.99,17.29606942
3/6/2023,2 wk ahead inc flu hosp,3/18/2023,24,point,NA,10.39715289
3/6/2023,2 wk ahead inc flu hosp,3/18/2023,24,quantile,0.01,0
3/6/2023,2 wk ahead inc flu hosp,3/18/2023,24,quantile,0.025,0
3/6/2023,2 wk ahead inc flu hosp,3/18/2023,24,quantile,0.05,0.365415618
3/6/2023,2 wk ahead inc flu hosp,3/18/2023,24,quantile,0.1,1.493810981
3/6/2023,2 wk ahead inc flu hosp,3/18/2023,24,quantile,0.15,2.542837561
3/6/2023,2 wk ahead inc flu hosp,3/18/2023,24,quantile,0.2,3.568331923
3/6/2023,2 wk ahead inc flu hosp,3/18/2023,24,quantile,0.25,4.597918378
3/6/2023,2 wk ahead inc flu hosp,3/18/2023,24,quantile,0.3,5.650190978
3/6/2023,2 wk ahead inc flu hosp,3/18/2023,24,quantile,0.35,6.740581427
3/6/2023,2 wk ahead inc flu hosp,3/18/2023,24,quantile,0.4,7.884009399
3/6/2023,2 wk ahead inc flu hosp,3/18/2023,24,quantile,0.45,9.096584246
3/6/2023,2 wk ahead inc flu hosp,3/18/2023,24,quantile,0.5,10.39715289
3/6/2023,2 wk ahead inc flu hosp,3/18/2023,24,quantile,0.55,11.80915731
3/6/2023,2 wk ahead inc flu hosp,3/18/2023,24,quantile,0.6,13.36329555
3/6/2023,2 wk ahead inc flu hosp,3/18/2023,24,quantile,0.65,15.10178606
3/6/2023,2 wk ahead inc flu hosp,3/18/2023,24,quantile,0.7,17.08582688
3/6/2023,2 wk ahead inc flu hosp,3/18/2023,24,quantile,0.75,19.40985796
3/6/2023,2 wk ahead inc flu hosp,3/18/2023,24,quantile,0.8,22.23195974
3/6/2023,2 wk ahead inc flu hosp,3/18/2023,24,quantile,0.85,25.84905282
3/6/2023,2 wk ahead inc flu hosp,3/18/2023,24,quantile,0.9,30.93074169
3/6/2023,2 wk ahead inc flu hosp,3/18/2023,24,quantile,0.95,39.63134231
3/6/2023,2 wk ahead inc flu hosp,3/18/2023,24,quantile,0.975,48.39977046
3/6/2023,2 wk ahead inc flu hosp,3/18/2023,24,quantile,0.99,60.14509656
3/6/2023,2 wk ahead inc flu hosp,3/18/2023,25,point,NA,15.05842566
3/6/2023,2 wk ahead inc flu hosp,3/18/2023,25,quantile,0.01,0.83895953
3/6/2023,2 wk ahead inc flu hosp,3/18/2023,25,quantile,0.025,1.916998523
3/6/2023,2 wk ahead inc flu hosp,3/18/2023,25,quantile,0.05,3.128688938
3/6/2023,2 wk ahead inc flu hosp,3/18/2023,25,quantile,0.1,4.897867835
3/6/2023,2 wk ahead inc flu hosp,3/18/2023,25,quantile,0.15,6.341219068
3/6/2023,2 wk ahead inc flu hosp,3/18/2023,25,quantile,0.2,7.644119831
3/6/2023,2 wk ahead inc flu hosp,3/18/2023,25,quantile,0.25,8.878405126
3/6/2023,2 wk ahead inc flu hosp,3/18/2023,25,quantile,0.3,10.08290011
3/6/2023,2 wk ahead inc flu hosp,3/18/2023,25,quantile,0.35,11.28348476
3/6/2023,2 wk ahead inc flu hosp,3/18/2023,25,quantile,0.4,12.50053298
3/6/2023,2 wk ahead inc flu hosp,3/18/2023,25,quantile,0.45,13.75253539
3/6/2023,2 wk ahead inc flu hosp,3/18/2023,25,quantile,0.5,15.05842566
3/6/2023,2 wk ahead inc flu hosp,3/18/2023,25,quantile,0.55,16.43962007
3/6/2023,2 wk ahead inc flu hosp,3/18/2023,25,quantile,0.6,17.92240906
3/6/2023,2 wk ahead inc flu hosp,3/18/2023,25,quantile,0.65,19.54142223
3/6/2023,2 wk ahead inc flu hosp,3/18/2023,25,quantile,0.7,21.34541693
3/6/2023,2 wk ahead inc flu hosp,3/18/2023,25,quantile,0.75,23.40810816
3/6/2023,2 wk ahead inc flu hosp,3/18/2023,25,quantile,0.8,25.85096559
3/6/2023,2 wk ahead inc flu hosp,3/18/2023,25,quantile,0.85,28.89906304
3/6/2023,2 wk ahead inc flu hosp,3/18/2023,25,quantile,0.9,33.05299243
3/6/2023,2 wk ahead inc flu hosp,3/18/2023,25,quantile,0.95,39.89530156
3/6/2023,2 wk ahead inc flu hosp,3/18/2023,25,quantile,0.975,46.52890808
3/6/2023,2 wk ahead inc flu hosp,3/18/2023,25,quantile,0.99,55.10576597
3/6/2023,2 wk ahead inc flu hosp,3/18/2023,26,point,NA,35.53593974
3/6/2023,2 wk ahead inc flu hosp,3/18/2023,26,quantile,0.01,1.369565749
3/6/2023,2 wk ahead inc flu hosp,3/18/2023,26,quantile,0.025,3.639316537
3/6/2023,2 wk ahead inc flu hosp,3/18/2023,26,quantile,0.05,6.379745455
3/6/2023,2 wk ahead inc flu hosp,3/18/2023,26,quantile,0.1,10.55443831
3/6/2023,2 wk ahead inc flu hosp,3/18/2023,26,quantile,0.15,14.04023048
3/6/2023,2 wk ahead inc flu hosp,3/18/2023,26,quantile,0.2,17.22115155
3/6/2023,2 wk ahead inc flu hosp,3/18/2023,26,quantile,0.25,20.25314715
3/6/2023,2 wk ahead inc flu hosp,3/18/2023,26,quantile,0.3,23.22305367
3/6/2023,2 wk ahead inc flu hosp,3/18/2023,26,quantile,0.35,26.19011611
3/6/2023,2 wk ahead inc flu hosp,3/18/2023,26,quantile,0.4,29.20186085
3/6/2023,2 wk ahead inc flu hosp,3/18/2023,26,quantile,0.45,32.3020486
3/6/2023,2 wk ahead inc flu hosp,3/18/2023,26,quantile,0.5,35.53593974
3/6/2023,2 wk ahead inc flu hosp,3/18/2023,26,quantile,0.55,38.95504429
3/6/2023,2 wk ahead inc flu hosp,3/18/2023,26,quantile,0.6,42.62279682
3/6/2023,2 wk ahead inc flu hosp,3/18/2023,26,quantile,0.65,46.62284945
3/6/2023,2 wk ahead inc flu hosp,3/18/2023,26,quantile,0.7,51.07296271
3/6/2023,2 wk ahead inc flu hosp,3/18/2023,26,quantile,0.75,56.15099143
3/6/2023,2 wk ahead inc flu hosp,3/18/2023,26,quantile,0.8,62.14951587
3/6/2023,2 wk ahead inc flu hosp,3/18/2023,26,quantile,0.85,69.60941893
3/6/2023,2 wk ahead inc flu hosp,3/18/2023,26,quantile,0.9,79.72997308
3/6/2023,2 wk ahead inc flu hosp,3/18/2023,26,quantile,0.95,96.28500797
3/6/2023,2 wk ahead inc flu hosp,3/18/2023,26,quantile,0.975,112.2017122
3/6/2023,2 wk ahead inc flu hosp,3/18/2023,26,quantile,0.99,132.5971105
3/6/2023,2 wk ahead inc flu hosp,3/18/2023,27,point,NA,12.44934867
3/6/2023,2 wk ahead inc flu hosp,3/18/2023,27,quantile,0.01,0
3/6/2023,2 wk ahead inc flu hosp,3/18/2023,27,quantile,0.025,0
3/6/2023,2 wk ahead inc flu hosp,3/18/2023,27,quantile,0.05,0.19219196
3/6/2023,2 wk ahead inc flu hosp,3/18/2023,27,quantile,0.1,1.440231139
3/6/2023,2 wk ahead inc flu hosp,3/18/2023,27,quantile,0.15,2.660354879
3/6/2023,2 wk ahead inc flu hosp,3/18/2023,27,quantile,0.2,3.886451784
3/6/2023,2 wk ahead inc flu hosp,3/18/2023,27,quantile,0.25,5.140594846
3/6/2023,2 wk ahead inc flu hosp,3/18/2023,27,quantile,0.3,6.440393818
3/6/2023,2 wk ahead inc flu hosp,3/18/2023,27,quantile,0.35,7.802366271
3/6/2023,2 wk ahead inc flu hosp,3/18/2023,27,quantile,0.4,9.243903977
3/6/2023,2 wk ahead inc flu hosp,3/18/2023,27,quantile,0.45,10.78487121
3/6/2023,2 wk ahead inc flu hosp,3/18/2023,27,quantile,0.5,12.44934867
3/6/2023,2 wk ahead inc flu hosp,3/18/2023,27,quantile,0.55,14.26795449
3/6/2023,2 wk ahead inc flu hosp,3/18/2023,27,quantile,0.6,16.28133151
3/6/2023,2 wk ahead inc flu hosp,3/18/2023,27,quantile,0.65,18.54584819
3/6/2023,2 wk ahead inc flu hosp,3/18/2023,27,quantile,0.7,21.1436536
3/6/2023,2 wk ahead inc flu hosp,3/18/2023,27,quantile,0.75,24.2019732
3/6/2023,2 wk ahead inc flu hosp,3/18/2023,27,quantile,0.8,27.93431555
3/6/2023,2 wk ahead inc flu hosp,3/18/2023,27,quantile,0.85,32.74255059
3/6/2023,2 wk ahead inc flu hosp,3/18/2023,27,quantile,0.9,39.5347708
3/6/2023,2 wk ahead inc flu hosp,3/18/2023,27,quantile,0.95,51.23951247
3/6/2023,2 wk ahead inc flu hosp,3/18/2023,27,quantile,0.975,63.10576613
3/6/2023,2 wk ahead inc flu hosp,3/18/2023,27,quantile,0.99,79.07914973
3/6/2023,2 wk ahead inc flu hosp,3/18/2023,28,point,NA,27.44265018
3/6/2023,2 wk ahead inc flu hosp,3/18/2023,28,quantile,0.01,8.062438628
3/6/2023,2 wk ahead inc flu hosp,3/18/2023,28,quantile,0.025,10.11712397
3/6/2023,2 wk ahead inc flu hosp,3/18/2023,28,quantile,0.05,12.14345375
3/6/2023,2 wk ahead inc flu hosp,3/18/2023,28,quantile,0.1,14.80467548
3/6/2023,2 wk ahead inc flu hosp,3/18/2023,28,quantile,0.15,16.81210286
3/6/2023,2 wk ahead inc flu hosp,3/18/2023,28,quantile,0.2,18.53718828
3/6/2023,2 wk ahead inc flu hosp,3/18/2023,28,quantile,0.25,20.11296925
3/6/2023,2 wk ahead inc flu hosp,3/18/2023,28,quantile,0.3,21.60639201
3/6/2023,2 wk ahead inc flu hosp,3/18/2023,28,quantile,0.35,23.05865914
3/6/2023,2 wk ahead inc flu hosp,3/18/2023,28,quantile,0.4,24.49940319
3/6/2023,2 wk ahead inc flu hosp,3/18/2023,28,quantile,0.45,25.95308889
3/6/2023,2 wk ahead inc flu hosp,3/18/2023,28,quantile,0.5,27.44265018
3/6/2023,2 wk ahead inc flu hosp,3/18/2023,28,quantile,0.55,28.99219528
3/6/2023,2 wk ahead inc flu hosp,3/18/2023,28,quantile,0.6,30.62973181
3/6/2023,2 wk ahead inc flu hosp,3/18/2023,28,quantile,0.65,32.39075273
3/6/2023,2 wk ahead inc flu hosp,3/18/2023,28,quantile,0.7,34.32394853
3/6/2023,2 wk ahead inc flu hosp,3/18/2023,28,quantile,0.75,36.50166842
3/6/2023,2 wk ahead inc flu hosp,3/18/2023,28,quantile,0.8,39.04172039
3/6/2023,2 wk ahead inc flu hosp,3/18/2023,28,quantile,0.85,42.16045697
3/6/2023,2 wk ahead inc flu hosp,3/18/2023,28,quantile,0.9,46.33533241
3/6/2023,2 wk ahead inc flu hosp,3/18/2023,28,quantile,0.95,53.06255988
3/6/2023,2 wk ahead inc flu hosp,3/18/2023,28,quantile,0.975,59.44796673
3/6/2023,2 wk ahead inc flu hosp,3/18/2023,28,quantile,0.99,67.55449033
3/6/2023,2 wk ahead inc flu hosp,3/18/2023,29,point,NA,30.28614505
3/6/2023,2 wk ahead inc flu hosp,3/18/2023,29,quantile,0.01,3.052527882
3/6/2023,2 wk ahead inc flu hosp,3/18/2023,29,quantile,0.025,5.188494954
3/6/2023,2 wk ahead inc flu hosp,3/18/2023,29,quantile,0.05,7.552205026
3/6/2023,2 wk ahead inc flu hosp,3/18/2023,29,quantile,0.1,10.9661309
3/6/2023,2 wk ahead inc flu hosp,3/18/2023,29,quantile,0.15,13.73197326
3/6/2023,2 wk ahead inc flu hosp,3/18/2023,29,quantile,0.2,16.21909254
3/6/2023,2 wk ahead inc flu hosp,3/18/2023,29,quantile,0.25,18.56920684
3/6/2023,2 wk ahead inc flu hosp,3/18/2023,29,quantile,0.3,20.85832579
3/6/2023,2 wk ahead inc flu hosp,3/18/2023,29,quantile,0.35,23.13674595
3/6/2023,2 wk ahead inc flu hosp,3/18/2023,29,quantile,0.4,25.44378081
3/6/2023,2 wk ahead inc flu hosp,3/18/2023,29,quantile,0.45,27.81487868
3/6/2023,2 wk ahead inc flu hosp,3/18/2023,29,quantile,0.5,30.28614505
3/6/2023,2 wk ahead inc flu hosp,3/18/2023,29,quantile,0.55,32.89826134
3/6/2023,2 wk ahead inc flu hosp,3/18/2023,29,quantile,0.6,35.7010386
3/6/2023,2 wk ahead inc flu hosp,3/18/2023,29,quantile,0.65,38.75998354
3/6/2023,2 wk ahead inc flu hosp,3/18/2023,29,quantile,0.7,42.16724544
3/6/2023,2 wk ahead inc flu hosp,3/18/2023,29,quantile,0.75,46.0620829
3/6/2023,2 wk ahead inc flu hosp,3/18/2023,29,quantile,0.8,50.67394148
3/6/2023,2 wk ahead inc flu hosp,3/18/2023,29,quantile,0.85,56.42800249
3/6/2023,2 wk ahead inc flu hosp,3/18/2023,29,quantile,0.9,64.27017043
3/6/2023,2 wk ahead inc flu hosp,3/18/2023,29,quantile,0.95,77.19227521
3/6/2023,2 wk ahead inc flu hosp,3/18/2023,29,quantile,0.975,89.72844635
3/6/2023,2 wk ahead inc flu hosp,3/18/2023,29,quantile,0.99,105.9516473
3/6/2023,2 wk ahead inc flu hosp,3/18/2023,30,point,NA,5.772337695
3/6/2023,2 wk ahead inc flu hosp,3/18/2023,30,quantile,0.01,0
3/6/2023,2 wk ahead inc flu hosp,3/18/2023,30,quantile,0.025,0.057422189
3/6/2023,2 wk ahead inc flu hosp,3/18/2023,30,quantile,0.05,0.499173765
3/6/2023,2 wk ahead inc flu hosp,3/18/2023,30,quantile,0.1,1.179904009
3/6/2023,2 wk ahead inc flu hosp,3/18/2023,30,quantile,0.15,1.764618611
3/6/2023,2 wk ahead inc flu hosp,3/18/2023,30,quantile,0.2,2.313546806
3/6/2023,2 wk ahead inc flu hosp,3/18/2023,30,quantile,0.25,2.851019367
3/6/2023,2 wk ahead inc flu hosp,3/18/2023,30,quantile,0.3,3.391109743
3/6/2023,2 wk ahead inc flu hosp,3/18/2023,30,quantile,0.35,3.944118325
3/6/2023,2 wk ahead inc flu hosp,3/18/2023,30,quantile,0.4,4.519075773
3/6/2023,2 wk ahead inc flu hosp,3/18/2023,30,quantile,0.45,5.125084985
3/6/2023,2 wk ahead inc flu hosp,3/18/2023,30,quantile,0.5,5.772337695
3/6/2023,2 wk ahead inc flu hosp,3/18/2023,30,quantile,0.55,6.473186396
3/6/2023,2 wk ahead inc flu hosp,3/18/2023,30,quantile,0.6,7.243583261
3/6/2023,2 wk ahead inc flu hosp,3/18/2023,30,quantile,0.65,8.105327719
3/6/2023,2 wk ahead inc flu hosp,3/18/2023,30,quantile,0.7,9.089968308
3/6/2023,2 wk ahead inc flu hosp,3/18/2023,30,quantile,0.75,10.24626313
3/6/2023,2 wk ahead inc flu hosp,3/18/2023,30,quantile,0.8,11.65613403
3/6/2023,2 wk ahead inc flu hosp,3/18/2023,30,quantile,0.85,13.47434282
3/6/2023,2 wk ahead inc flu hosp,3/18/2023,30,quantile,0.9,16.05276557
3/6/2023,2 wk ahead inc flu hosp,3/18/2023,30,quantile,0.95,20.53781263
3/6/2023,2 wk ahead inc flu hosp,3/18/2023,30,quantile,0.975,25.15036982
3/6/2023,2 wk ahead inc flu hosp,3/18/2023,30,quantile,0.99,31.47309207
3/6/2023,2 wk ahead inc flu hosp,3/18/2023,31,point,NA,4.979122011
3/6/2023,2 wk ahead inc flu hosp,3/18/2023,31,quantile,0.01,0
3/6/2023,2 wk ahead inc flu hosp,3/18/2023,31,quantile,0.025,0.022226928
3/6/2023,2 wk ahead inc flu hosp,3/18/2023,31,quantile,0.05,0.421181769
3/6/2023,2 wk ahead inc flu hosp,3/18/2023,31,quantile,0.1,1.026373637
3/6/2023,2 wk ahead inc flu hosp,3/18/2023,31,quantile,0.15,1.539904071
3/6/2023,2 wk ahead inc flu hosp,3/18/2023,31,quantile,0.2,2.018141063
3/6/2023,2 wk ahead inc flu hosp,3/18/2023,31,quantile,0.25,2.483517019
3/6/2023,2 wk ahead inc flu hosp,3/18/2023,31,quantile,0.3,2.948780238
3/6/2023,2 wk ahead inc flu hosp,3/18/2023,31,quantile,0.35,3.423071818
3/6/2023,2 wk ahead inc flu hosp,3/18/2023,31,quantile,0.4,3.914242083
3/6/2023,2 wk ahead inc flu hosp,3/18/2023,31,quantile,0.45,4.430063976
3/6/2023,2 wk ahead inc flu hosp,3/18/2023,31,quantile,0.5,4.979122011
3/6/2023,2 wk ahead inc flu hosp,3/18/2023,31,quantile,0.55,5.571720689
3/6/2023,2 wk ahead inc flu hosp,3/18/2023,31,quantile,0.6,6.221080254
3/6/2023,2 wk ahead inc flu hosp,3/18/2023,31,quantile,0.65,6.945186465
3/6/2023,2 wk ahead inc flu hosp,3/18/2023,31,quantile,0.7,7.769987389
3/6/2023,2 wk ahead inc flu hosp,3/18/2023,31,quantile,0.75,8.735491498
3/6/2023,2 wk ahead inc flu hosp,3/18/2023,31,quantile,0.8,9.908788395
3/6/2023,2 wk ahead inc flu hosp,3/18/2023,31,quantile,0.85,11.41638531
3/6/2023,2 wk ahead inc flu hosp,3/18/2023,31,quantile,0.9,13.54533654
3/6/2023,2 wk ahead inc flu hosp,3/18/2023,31,quantile,0.95,17.22837624
3/6/2023,2 wk ahead inc flu hosp,3/18/2023,31,quantile,0.975,20.99513609
3/6/2023,2 wk ahead inc flu hosp,3/18/2023,31,quantile,0.99,26.13183105
3/6/2023,2 wk ahead inc flu hosp,3/18/2023,32,point,NA,8.206381156
3/6/2023,2 wk ahead inc flu hosp,3/18/2023,32,quantile,0.01,0.355813141
3/6/2023,2 wk ahead inc flu hosp,3/18/2023,32,quantile,0.025,0.956915315
3/6/2023,2 wk ahead inc flu hosp,3/18/2023,32,quantile,0.05,1.619162594
3/6/2023,2 wk ahead inc flu hosp,3/18/2023,32,quantile,0.1,2.579546729
3/6/2023,2 wk ahead inc flu hosp,3/18/2023,32,quantile,0.15,3.364066843
3/6/2023,2 wk ahead inc flu hosp,3/18/2023,32,quantile,0.2,4.07534681
3/6/2023,2 wk ahead inc flu hosp,3/18/2023,32,quantile,0.25,4.752738768
3/6/2023,2 wk ahead inc flu hosp,3/18/2023,32,quantile,0.3,5.417541471
3/6/2023,2 wk ahead inc flu hosp,3/18/2023,32,quantile,0.35,6.084101936
3/6/2023,2 wk ahead inc flu hosp,3/18/2023,32,quantile,0.4,6.763913732
3/6/2023,2 wk ahead inc flu hosp,3/18/2023,32,quantile,0.45,7.467628705
3/6/2023,2 wk ahead inc flu hosp,3/18/2023,32,quantile,0.5,8.206381156
3/6/2023,2 wk ahead inc flu hosp,3/18/2023,32,quantile,0.55,8.992991887
3/6/2023,2 wk ahead inc flu hosp,3/18/2023,32,quantile,0.6,9.843426328
3/6/2023,2 wk ahead inc flu hosp,3/18/2023,32,quantile,0.65,10.77895091
3/6/2023,2 wk ahead inc flu hosp,3/18/2023,32,quantile,0.7,11.82977784
3/6/2023,2 wk ahead inc flu hosp,3/18/2023,32,quantile,0.75,13.04193423
3/6/2023,2 wk ahead inc flu hosp,3/18/2023,32,quantile,0.8,14.49180653
3/6/2023,2 wk ahead inc flu hosp,3/18/2023,32,quantile,0.85,16.32198141
3/6/2023,2 wk ahead inc flu hosp,3/18/2023,32,quantile,0.9,18.85234169
3/6/2023,2 wk ahead inc flu hosp,3/18/2023,32,quantile,0.95,23.10641835
3/6/2023,2 wk ahead inc flu hosp,3/18/2023,32,quantile,0.975,27.3264675
3/6/2023,2 wk ahead inc flu hosp,3/18/2023,32,quantile,0.99,32.91222412
3/6/2023,2 wk ahead inc flu hosp,3/18/2023,33,point,NA,2.467469596
3/6/2023,2 wk ahead inc flu hosp,3/18/2023,33,quantile,0.01,0
3/6/2023,2 wk ahead inc flu hosp,3/18/2023,33,quantile,0.025,0
3/6/2023,2 wk ahead inc flu hosp,3/18/2023,33,quantile,0.05,0
3/6/2023,2 wk ahead inc flu hosp,3/18/2023,33,quantile,0.1,0
3/6/2023,2 wk ahead inc flu hosp,3/18/2023,33,quantile,0.15,0.319246574
3/6/2023,2 wk ahead inc flu hosp,3/18/2023,33,quantile,0.2,0.6250762
3/6/2023,2 wk ahead inc flu hosp,3/18/2023,33,quantile,0.25,0.921283735
3/6/2023,2 wk ahead inc flu hosp,3/18/2023,33,quantile,0.3,1.215305171
3/6/2023,2 wk ahead inc flu hosp,3/18/2023,33,quantile,0.35,1.512463261
3/6/2023,2 wk ahead inc flu hosp,3/18/2023,33,quantile,0.4,1.817254293
3/6/2023,2 wk ahead inc flu hosp,3/18/2023,33,quantile,0.45,2.134027006
3/6/2023,2 wk ahead inc flu hosp,3/18/2023,33,quantile,0.5,2.467469596
3/6/2023,2 wk ahead inc flu hosp,3/18/2023,33,quantile,0.55,2.823089585
3/6/2023,2 wk ahead inc flu hosp,3/18/2023,33,quantile,0.6,3.207825648
3/6/2023,2 wk ahead inc flu hosp,3/18/2023,33,quantile,0.65,3.630974065
3/6/2023,2 wk ahead inc flu hosp,3/18/2023,33,quantile,0.7,4.105767306
3/6/2023,2 wk ahead inc flu hosp,3/18/2023,33,quantile,0.75,4.652352282
3/6/2023,2 wk ahead inc flu hosp,3/18/2023,33,quantile,0.8,5.304083728
3/6/2023,2 wk ahead inc flu hosp,3/18/2023,33,quantile,0.85,6.122976476
3/6/2023,2 wk ahead inc flu hosp,3/18/2023,33,quantile,0.9,7.247358776
3/6/2023,2 wk ahead inc flu hosp,3/18/2023,33,quantile,0.95,9.115912565
3/6/2023,2 wk ahead inc flu hosp,3/18/2023,33,quantile,0.975,10.94227436
3/6/2023,2 wk ahead inc flu hosp,3/18/2023,33,quantile,0.99,13.31946568
3/6/2023,2 wk ahead inc flu hosp,3/18/2023,34,point,NA,32.2402791
3/6/2023,2 wk ahead inc flu hosp,3/18/2023,34,quantile,0.01,4.456004368
3/6/2023,2 wk ahead inc flu hosp,3/18/2023,34,quantile,0.025,6.691797391
3/6/2023,2 wk ahead inc flu hosp,3/18/2023,34,quantile,0.05,9.114459428
3/6/2023,2 wk ahead inc flu hosp,3/18/2023,34,quantile,0.1,12.57645744
3/6/2023,2 wk ahead inc flu hosp,3/18/2023,34,quantile,0.15,15.37163567
3/6/2023,2 wk ahead inc flu hosp,3/18/2023,34,quantile,0.2,17.88611502
3/6/2023,2 wk ahead inc flu hosp,3/18/2023,34,quantile,0.25,20.26630215
3/6/2023,2 wk ahead inc flu hosp,3/18/2023,34,quantile,0.3,22.59044314
3/6/2023,2 wk ahead inc flu hosp,3/18/2023,34,quantile,0.35,24.91042919
3/6/2023,2 wk ahead inc flu hosp,3/18/2023,34,quantile,0.4,27.26709703
3/6/2023,2 wk ahead inc flu hosp,3/18/2023,34,quantile,0.45,29.69762543
3/6/2023,2 wk ahead inc flu hosp,3/18/2023,34,quantile,0.5,32.2402791
3/6/2023,2 wk ahead inc flu hosp,3/18/2023,34,quantile,0.55,34.93858888
3/6/2023,2 wk ahead inc flu hosp,3/18/2023,34,quantile,0.6,37.84629007
3/6/2023,2 wk ahead inc flu hosp,3/18/2023,34,quantile,0.65,41.03452393
3/6/2023,2 wk ahead inc flu hosp,3/18/2023,34,quantile,0.7,44.60392732
3/6/2023,2 wk ahead inc flu hosp,3/18/2023,34,quantile,0.75,48.70734183
3/6/2023,2 wk ahead inc flu hosp,3/18/2023,34,quantile,0.8,53.59780037
3/6/2023,2 wk ahead inc flu hosp,3/18/2023,34,quantile,0.85,59.74658585
3/6/2023,2 wk ahead inc flu hosp,3/18/2023,34,quantile,0.9,68.20853692
3/6/2023,2 wk ahead inc flu hosp,3/18/2023,34,quantile,0.95,82.34867327
3/6/2023,2 wk ahead inc flu hosp,3/18/2023,34,quantile,0.975,96.28750148
3/6/2023,2 wk ahead inc flu hosp,3/18/2023,34,quantile,0.99,114.6274018
3/6/2023,2 wk ahead inc flu hosp,3/18/2023,35,point,NA,12.58435654
3/6/2023,2 wk ahead inc flu hosp,3/18/2023,35,quantile,0.01,1.92780946
3/6/2023,2 wk ahead inc flu hosp,3/18/2023,35,quantile,0.025,2.855274114
3/6/2023,2 wk ahead inc flu hosp,3/18/2023,35,quantile,0.05,3.82869675
3/6/2023,2 wk ahead inc flu hosp,3/18/2023,35,quantile,0.1,5.185155117
3/6/2023,2 wk ahead inc flu hosp,3/18/2023,35,quantile,0.15,6.261030206
3/6/2023,2 wk ahead inc flu hosp,3/18/2023,35,quantile,0.2,7.218667816
3/6/2023,2 wk ahead inc flu hosp,3/18/2023,35,quantile,0.25,8.118438948
3/6/2023,2 wk ahead inc flu hosp,3/18/2023,35,quantile,0.3,8.992057138
3/6/2023,2 wk ahead inc flu hosp,3/18/2023,35,quantile,0.35,9.860173064
3/6/2023,2 wk ahead inc flu hosp,3/18/2023,35,quantile,0.4,10.73872894
3/6/2023,2 wk ahead inc flu hosp,3/18/2023,35,quantile,0.45,11.64197568
3/6/2023,2 wk ahead inc flu hosp,3/18/2023,35,quantile,0.5,12.58435654
3/6/2023,2 wk ahead inc flu hosp,3/18/2023,35,quantile,0.55,13.58211504
3/6/2023,2 wk ahead inc flu hosp,3/18/2023,35,quantile,0.6,14.65514788
3/6/2023,2 wk ahead inc flu hosp,3/18/2023,35,quantile,0.65,15.82967081
3/6/2023,2 wk ahead inc flu hosp,3/18/2023,35,quantile,0.7,17.14266865
3/6/2023,2 wk ahead inc flu hosp,3/18/2023,35,quantile,0.75,18.65023864
3/6/2023,2 wk ahead inc flu hosp,3/18/2023,35,quantile,0.8,20.44521656
3/6/2023,2 wk ahead inc flu hosp,3/18/2023,35,quantile,0.85,22.7005629
3/6/2023,2 wk ahead inc flu hosp,3/18/2023,35,quantile,0.9,25.80374205
3/6/2023,2 wk ahead inc flu hosp,3/18/2023,35,quantile,0.95,30.99289645
3/6/2023,2 wk ahead inc flu hosp,3/18/2023,35,quantile,0.975,36.11777879
3/6/2023,2 wk ahead inc flu hosp,3/18/2023,35,quantile,0.99,42.88091259
3/6/2023,2 wk ahead inc flu hosp,3/18/2023,36,point,NA,58.71393273
3/6/2023,2 wk ahead inc flu hosp,3/18/2023,36,quantile,0.01,0
3/6/2023,2 wk ahead inc flu hosp,3/18/2023,36,quantile,0.025,0
3/6/2023,2 wk ahead inc flu hosp,3/18/2023,36,quantile,0.05,1.363117674
3/6/2023,2 wk ahead inc flu hosp,3/18/2023,36,quantile,0.1,7.607893537
3/6/2023,2 wk ahead inc flu hosp,3/18/2023,36,quantile,0.15,13.92446557
3/6/2023,2 wk ahead inc flu hosp,3/18/2023,36,quantile,0.2,20.12838067
3/6/2023,2 wk ahead inc flu hosp,3/18/2023,36,quantile,0.25,26.27636314
3/6/2023,2 wk ahead inc flu hosp,3/18/2023,36,quantile,0.3,32.44171661
3/6/2023,2 wk ahead inc flu hosp,3/18/2023,36,quantile,0.35,38.69542215
3/6/2023,2 wk ahead inc flu hosp,3/18/2023,36,quantile,0.4,45.10771854
3/6/2023,2 wk ahead inc flu hosp,3/18/2023,36,quantile,0.45,51.7526949
3/6/2023,2 wk ahead inc flu hosp,3/18/2023,36,quantile,0.5,58.71393273
3/6/2023,2 wk ahead inc flu hosp,3/18/2023,36,quantile,0.55,66.09173814
3/6/2023,2 wk ahead inc flu hosp,3/18/2023,36,quantile,0.6,74.01347968
3/6/2023,2 wk ahead inc flu hosp,3/18/2023,36,quantile,0.65,82.64990131
3/6/2023,2 wk ahead inc flu hosp,3/18/2023,36,quantile,0.7,92.24322933
3/6/2023,2 wk ahead inc flu hosp,3/18/2023,36,quantile,0.75,103.1601918
3/6/2023,2 wk ahead inc flu hosp,3/18/2023,36,quantile,0.8,116.0035382
3/6/2023,2 wk ahead inc flu hosp,3/18/2023,36,quantile,0.85,131.8839509
3/6/2023,2 wk ahead inc flu hosp,3/18/2023,36,quantile,0.9,153.2508305
3/6/2023,2 wk ahead inc flu hosp,3/18/2023,36,quantile,0.95,187.7454693
3/6/2023,2 wk ahead inc flu hosp,3/18/2023,36,quantile,0.975,220.3822827
3/6/2023,2 wk ahead inc flu hosp,3/18/2023,36,quantile,0.99,261.4860727
3/6/2023,2 wk ahead inc flu hosp,3/18/2023,37,point,NA,33.74311827
3/6/2023,2 wk ahead inc flu hosp,3/18/2023,37,quantile,0.01,4.88222758
3/6/2023,2 wk ahead inc flu hosp,3/18/2023,37,quantile,0.025,7.323585803
3/6/2023,2 wk ahead inc flu hosp,3/18/2023,37,quantile,0.05,9.937764684
3/6/2023,2 wk ahead inc flu hosp,3/18/2023,37,quantile,0.1,13.62292539
3/6/2023,2 wk ahead inc flu hosp,3/18/2023,37,quantile,0.15,16.56019266
3/6/2023,2 wk ahead inc flu hosp,3/18/2023,37,quantile,0.2,19.1768246
3/6/2023,2 wk ahead inc flu hosp,3/18/2023,37,quantile,0.25,21.63344205
3/6/2023,2 wk ahead inc flu hosp,3/18/2023,37,quantile,0.3,24.01476807
3/6/2023,2 wk ahead inc flu hosp,3/18/2023,37,quantile,0.35,26.37593355
3/6/2023,2 wk ahead inc flu hosp,3/18/2023,37,quantile,0.4,28.75929818
3/6/2023,2 wk ahead inc flu hosp,3/18/2023,37,quantile,0.45,31.2024417
3/6/2023,2 wk ahead inc flu hosp,3/18/2023,37,quantile,0.5,33.74311827
3/6/2023,2 wk ahead inc flu hosp,3/18/2023,37,quantile,0.55,36.42342744
3/6/2023,2 wk ahead inc flu hosp,3/18/2023,37,quantile,0.6,39.29455051
3/6/2023,2 wk ahead inc flu hosp,3/18/2023,37,quantile,0.65,42.42349207
3/6/2023,2 wk ahead inc flu hosp,3/18/2023,37,quantile,0.7,45.90425698
3/6/2023,2 wk ahead inc flu hosp,3/18/2023,37,quantile,0.75,49.87870395
3/6/2023,2 wk ahead inc flu hosp,3/18/2023,37,quantile,0.8,54.58041447
3/6/2023,2 wk ahead inc flu hosp,3/18/2023,37,quantile,0.85,60.44219171
3/6/2023,2 wk ahead inc flu hosp,3/18/2023,37,quantile,0.9,68.42719675
3/6/2023,2 wk ahead inc flu hosp,3/18/2023,37,quantile,0.95,81.58423735
3/6/2023,2 wk ahead inc flu hosp,3/18/2023,37,quantile,0.975,94.35685647
3/6/2023,2 wk ahead inc flu hosp,3/18/2023,37,quantile,0.99,110.908187
3/6/2023,2 wk ahead inc flu hosp,3/18/2023,38,point,NA,4.33790439
3/6/2023,2 wk ahead inc flu hosp,3/18/2023,38,quantile,0.01,0
3/6/2023,2 wk ahead inc flu hosp,3/18/2023,38,quantile,0.025,0.041057877
3/6/2023,2 wk ahead inc flu hosp,3/18/2023,38,quantile,0.05,0.407492321
3/6/2023,2 wk ahead inc flu hosp,3/18/2023,38,quantile,0.1,0.950967783
3/6/2023,2 wk ahead inc flu hosp,3/18/2023,38,quantile,0.15,1.404065507
3/6/2023,2 wk ahead inc flu hosp,3/18/2023,38,quantile,0.2,1.821113232
3/6/2023,2 wk ahead inc flu hosp,3/18/2023,38,quantile,0.25,2.223304368
3/6/2023,2 wk ahead inc flu hosp,3/18/2023,38,quantile,0.3,2.622403849
3/6/2023,2 wk ahead inc flu hosp,3/18/2023,38,quantile,0.35,3.026615195
3/6/2023,2 wk ahead inc flu hosp,3/18/2023,38,quantile,0.4,3.442780348
3/6/2023,2 wk ahead inc flu hosp,3/18/2023,38,quantile,0.45,3.877497715
3/6/2023,2 wk ahead inc flu hosp,3/18/2023,38,quantile,0.5,4.33790439
3/6/2023,2 wk ahead inc flu hosp,3/18/2023,38,quantile,0.55,4.832439312
3/6/2023,2 wk ahead inc flu hosp,3/18/2023,38,quantile,0.6,5.371817421
3/6/2023,2 wk ahead inc flu hosp,3/18/2023,38,quantile,0.65,5.970513221
3/6/2023,2 wk ahead inc flu hosp,3/18/2023,38,quantile,0.7,6.649305949
3/6/2023,2 wk ahead inc flu hosp,3/18/2023,38,quantile,0.75,7.440116578
3/6/2023,2 wk ahead inc flu hosp,3/18/2023,38,quantile,0.8,8.396311006
3/6/2023,2 wk ahead inc flu hosp,3/18/2023,38,quantile,0.85,9.618234087
3/6/2023,2 wk ahead inc flu hosp,3/18/2023,38,quantile,0.9,11.33287954
3/6/2023,2 wk ahead inc flu hosp,3/18/2023,38,quantile,0.95,14.27486394
3/6/2023,2 wk ahead inc flu hosp,3/18/2023,38,quantile,0.975,17.25854112
3/6/2023,2 wk ahead inc flu hosp,3/18/2023,38,quantile,0.99,21.295552
3/6/2023,2 wk ahead inc flu hosp,3/18/2023,39,point,NA,31.884128
3/6/2023,2 wk ahead inc flu hosp,3/18/2023,39,quantile,0.01,4.887705332
3/6/2023,2 wk ahead inc flu hosp,3/18/2023,39,quantile,0.025,7.184297884
3/6/2023,2 wk ahead inc flu hosp,3/18/2023,39,quantile,0.05,9.632263921
3/6/2023,2 wk ahead inc flu hosp,3/18/2023,39,quantile,0.1,13.07488055
3/6/2023,2 wk ahead inc flu hosp,3/18/2023,39,quantile,0.15,15.81659092
3/6/2023,2 wk ahead inc flu hosp,3/18/2023,39,quantile,0.2,18.25914148
3/6/2023,2 wk ahead inc flu hosp,3/18/2023,39,quantile,0.25,20.5531842
3/6/2023,2 wk ahead inc flu hosp,3/18/2023,39,quantile,0.3,22.77812187
3/6/2023,2 wk ahead inc flu hosp,3/18/2023,39,quantile,0.35,24.98564701
3/6/2023,2 wk ahead inc flu hosp,3/18/2023,39,quantile,0.4,27.2155369
3/6/2023,2 wk ahead inc flu hosp,3/18/2023,39,quantile,0.45,29.50315798
3/6/2023,2 wk ahead inc flu hosp,3/18/2023,39,quantile,0.5,31.884128
3/6/2023,2 wk ahead inc flu hosp,3/18/2023,39,quantile,0.55,34.39825637
3/6/2023,2 wk ahead inc flu hosp,3/18/2023,39,quantile,0.6,37.09403657
3/6/2023,2 wk ahead inc flu hosp,3/18/2023,39,quantile,0.65,40.03505895
3/6/2023,2 wk ahead inc flu hosp,3/18/2023,39,quantile,0.7,43.31066111
3/6/2023,2 wk ahead inc flu hosp,3/18/2023,39,quantile,0.75,47.05582236
3/6/2023,2 wk ahead inc flu hosp,3/18/2023,39,quantile,0.8,51.49305541
3/6/2023,2 wk ahead inc flu hosp,3/18/2023,39,quantile,0.85,57.03516193
3/6/2023,2 wk ahead inc flu hosp,3/18/2023,39,quantile,0.9,64.60213568
3/6/2023,2 wk ahead inc flu hosp,3/18/2023,39,quantile,0.95,77.11215569
3/6/2023,2 wk ahead inc flu hosp,3/18/2023,39,quantile,0.975,89.30338425
3/6/2023,2 wk ahead inc flu hosp,3/18/2023,39,quantile,0.99,105.16474
3/6/2023,2 wk ahead inc flu hosp,3/18/2023,40,point,NA,22.96571978
3/6/2023,2 wk ahead inc flu hosp,3/18/2023,40,quantile,0.01,1.864097816
3/6/2023,2 wk ahead inc flu hosp,3/18/2023,40,quantile,0.025,3.371875885
3/6/2023,2 wk ahead inc flu hosp,3/18/2023,40,quantile,0.05,5.079777166
3/6/2023,2 wk ahead inc flu hosp,3/18/2023,40,quantile,0.1,7.61041892
3/6/2023,2 wk ahead inc flu hosp,3/18/2023,40,quantile,0.15,9.709062356
3/6/2023,2 wk ahead inc flu hosp,3/18/2023,40,quantile,0.2,11.62903466
3/6/2023,2 wk ahead inc flu hosp,3/18/2023,40,quantile,0.25,13.46929135
3/6/2023,2 wk ahead inc flu hosp,3/18/2023,40,quantile,0.3,15.28431379
3/6/2023,2 wk ahead inc flu hosp,3/18/2023,40,quantile,0.35,17.11147947
3/6/2023,2 wk ahead inc flu hosp,3/18/2023,40,quantile,0.4,18.98130097
3/6/2023,2 wk ahead inc flu hosp,3/18/2023,40,quantile,0.45,20.92254878
3/6/2023,2 wk ahead inc flu hosp,3/18/2023,40,quantile,0.5,22.96571978
3/6/2023,2 wk ahead inc flu hosp,3/18/2023,40,quantile,0.55,25.1462891
3/6/2023,2 wk ahead inc flu hosp,3/18/2023,40,quantile,0.6,27.50873616
3/6/2023,2 wk ahead inc flu hosp,3/18/2023,40,quantile,0.65,30.11256712
3/6/2023,2 wk ahead inc flu hosp,3/18/2023,40,quantile,0.7,33.04254461
3/6/2023,2 wk ahead inc flu hosp,3/18/2023,40,quantile,0.75,36.42800446
3/6/2023,2 wk ahead inc flu hosp,3/18/2023,40,quantile,0.8,40.48378391
3/6/2023,2 wk ahead inc flu hosp,3/18/2023,40,quantile,0.85,45.61109958
3/6/2023,2 wk ahead inc flu hosp,3/18/2023,40,quantile,0.9,52.7102378
3/6/2023,2 wk ahead inc flu hosp,3/18/2023,40,quantile,0.95,64.66180451
3/6/2023,2 wk ahead inc flu hosp,3/18/2023,40,quantile,0.975,76.52760681
3/6/2023,2 wk ahead inc flu hosp,3/18/2023,40,quantile,0.99,92.23625543
3/6/2023,2 wk ahead inc flu hosp,3/18/2023,41,point,NA,6.769728909
3/6/2023,2 wk ahead inc flu hosp,3/18/2023,41,quantile,0.01,0
3/6/2023,2 wk ahead inc flu hosp,3/18/2023,41,quantile,0.025,0
3/6/2023,2 wk ahead inc flu hosp,3/18/2023,41,quantile,0.05,0
3/6/2023,2 wk ahead inc flu hosp,3/18/2023,41,quantile,0.1,0.632983999
3/6/2023,2 wk ahead inc flu hosp,3/18/2023,41,quantile,0.15,1.290669347
3/6/2023,2 wk ahead inc flu hosp,3/18/2023,41,quantile,0.2,1.951673096
3/6/2023,2 wk ahead inc flu hosp,3/18/2023,41,quantile,0.25,2.63305306
3/6/2023,2 wk ahead inc flu hosp,3/18/2023,41,quantile,0.3,3.347108781
3/6/2023,2 wk ahead inc flu hosp,3/18/2023,41,quantile,0.35,4.105017483
3/6/2023,2 wk ahead inc flu hosp,3/18/2023,41,quantile,0.4,4.91853287
3/6/2023,2 wk ahead inc flu hosp,3/18/2023,41,quantile,0.45,5.801216504
3/6/2023,2 wk ahead inc flu hosp,3/18/2023,41,quantile,0.5,6.769728909
3/6/2023,2 wk ahead inc flu hosp,3/18/2023,41,quantile,0.55,7.845541818
3/6/2023,2 wk ahead inc flu hosp,3/18/2023,41,quantile,0.6,9.057529827
3/6/2023,2 wk ahead inc flu hosp,3/18/2023,41,quantile,0.65,10.44624814
3/6/2023,2 wk ahead inc flu hosp,3/18/2023,41,quantile,0.7,12.07155328
3/6/2023,2 wk ahead inc flu hosp,3/18/2023,41,quantile,0.75,14.02738333
3/6/2023,2 wk ahead inc flu hosp,3/18/2023,41,quantile,0.8,16.47369404
3/6/2023,2 wk ahead inc flu hosp,3/18/2023,41,quantile,0.85,19.71666226
3/6/2023,2 wk ahead inc flu hosp,3/18/2023,41,quantile,0.9,24.4627381
3/6/2023,2 wk ahead inc flu hosp,3/18/2023,41,quantile,0.95,33.05893944
3/6/2023,2 wk ahead inc flu hosp,3/18/2023,41,quantile,0.975,42.26569017
3/6/2023,2 wk ahead inc flu hosp,3/18/2023,41,quantile,0.99,55.36662224
3/6/2023,2 wk ahead inc flu hosp,3/18/2023,42,point,NA,86.80374027
3/6/2023,2 wk ahead inc flu hosp,3/18/2023,42,quantile,0.01,17.95249409
3/6/2023,2 wk ahead inc flu hosp,3/18/2023,42,quantile,0.025,24.53148095
3/6/2023,2 wk ahead inc flu hosp,3/18/2023,42,quantile,0.05,31.29754481
3/6/2023,2 wk ahead inc flu hosp,3/18/2023,42,quantile,0.1,40.49122887
3/6/2023,2 wk ahead inc flu hosp,3/18/2023,42,quantile,0.15,47.60230636
3/6/2023,2 wk ahead inc flu hosp,3/18/2023,42,quantile,0.2,53.80867719
3/6/2023,2 wk ahead inc flu hosp,3/18/2023,42,quantile,0.25,59.5423057
3/6/2023,2 wk ahead inc flu hosp,3/18/2023,42,quantile,0.3,65.02499107
3/6/2023,2 wk ahead inc flu hosp,3/18/2023,42,quantile,0.35,70.39623937
3/6/2023,2 wk ahead inc flu hosp,3/18/2023,42,quantile,0.4,75.75888428
3/6/2023,2 wk ahead inc flu hosp,3/18/2023,42,quantile,0.45,81.20010367
3/6/2023,2 wk ahead inc flu hosp,3/18/2023,42,quantile,0.5,86.80374027
3/6/2023,2 wk ahead inc flu hosp,3/18/2023,42,quantile,0.55,92.65988494
3/6/2023,2 wk ahead inc flu hosp,3/18/2023,42,quantile,0.6,98.87497612
3/6/2023,2 wk ahead inc flu hosp,3/18/2023,42,quantile,0.65,105.5855
3/6/2023,2 wk ahead inc flu hosp,3/18/2023,42,quantile,0.7,112.9801494
3/6/2023,2 wk ahead inc flu hosp,3/18/2023,42,quantile,0.75,121.3406696
3/6/2023,2 wk ahead inc flu hosp,3/18/2023,42,quantile,0.8,131.127196
3/6/2023,2 wk ahead inc flu hosp,3/18/2023,42,quantile,0.85,143.1862798
3/6/2023,2 wk ahead inc flu hosp,3/18/2023,42,quantile,0.9,159.3882083
3/6/2023,2 wk ahead inc flu hosp,3/18/2023,42,quantile,0.95,185.5984007
3/6/2023,2 wk ahead inc flu hosp,3/18/2023,42,quantile,0.975,210.5537998
3/6/2023,2 wk ahead inc flu hosp,3/18/2023,42,quantile,0.99,242.2946047
3/6/2023,2 wk ahead inc flu hosp,3/18/2023,44,point,NA,1.233388109
3/6/2023,2 wk ahead inc flu hosp,3/18/2023,44,quantile,0.01,0
3/6/2023,2 wk ahead inc flu hosp,3/18/2023,44,quantile,0.025,0
3/6/2023,2 wk ahead inc flu hosp,3/18/2023,44,quantile,0.05,0
3/6/2023,2 wk ahead inc flu hosp,3/18/2023,44,quantile,0.1,0
3/6/2023,2 wk ahead inc flu hosp,3/18/2023,44,quantile,0.15,0
3/6/2023,2 wk ahead inc flu hosp,3/18/2023,44,quantile,0.2,0
3/6/2023,2 wk ahead inc flu hosp,3/18/2023,44,quantile,0.25,0.133571016
3/6/2023,2 wk ahead inc flu hosp,3/18/2023,44,quantile,0.3,0.341663269
3/6/2023,2 wk ahead inc flu hosp,3/18/2023,44,quantile,0.35,0.552826284
3/6/2023,2 wk ahead inc flu hosp,3/18/2023,44,quantile,0.4,0.769891394
3/6/2023,2 wk ahead inc flu hosp,3/18/2023,44,quantile,0.45,0.995700241
3/6/2023,2 wk ahead inc flu hosp,3/18/2023,44,quantile,0.5,1.233388109
3/6/2023,2 wk ahead inc flu hosp,3/18/2023,44,quantile,0.55,1.48668746
3/6/2023,2 wk ahead inc flu hosp,3/18/2023,44,quantile,0.6,1.760332671
3/6/2023,2 wk ahead inc flu hosp,3/18/2023,44,quantile,0.65,2.060684288
3/6/2023,2 wk ahead inc flu hosp,3/18/2023,44,quantile,0.7,2.396798837
3/6/2023,2 wk ahead inc flu hosp,3/18/2023,44,quantile,0.75,2.782448352
3/6/2023,2 wk ahead inc flu hosp,3/18/2023,44,quantile,0.8,3.240381053
3/6/2023,2 wk ahead inc flu hosp,3/18/2023,44,quantile,0.85,3.812754243
3/6/2023,2 wk ahead inc flu hosp,3/18/2023,44,quantile,0.9,4.593188033
3/6/2023,2 wk ahead inc flu hosp,3/18/2023,44,quantile,0.95,5.876631394
3/6/2023,2 wk ahead inc flu hosp,3/18/2023,44,quantile,0.975,7.115800159
3/6/2023,2 wk ahead inc flu hosp,3/18/2023,44,quantile,0.99,8.708046698
3/6/2023,2 wk ahead inc flu hosp,3/18/2023,45,point,NA,26.13573542
3/6/2023,2 wk ahead inc flu hosp,3/18/2023,45,quantile,0.01,4.695277169
3/6/2023,2 wk ahead inc flu hosp,3/18/2023,45,quantile,0.025,6.676807907
3/6/2023,2 wk ahead inc flu hosp,3/18/2023,45,quantile,0.05,8.733306983
3/6/2023,2 wk ahead inc flu hosp,3/18/2023,45,quantile,0.1,11.55473359
3/6/2023,2 wk ahead inc flu hosp,3/18/2023,45,quantile,0.15,13.75622596
3/6/2023,2 wk ahead inc flu hosp,3/18/2023,45,quantile,0.2,15.69004959
3/6/2023,2 wk ahead inc flu hosp,3/18/2023,45,quantile,0.25,17.48611656
3/6/2023,2 wk ahead inc flu hosp,3/18/2023,45,quantile,0.3,19.21162333
3/6/2023,2 wk ahead inc flu hosp,3/18/2023,45,quantile,0.35,20.90927207
3/6/2023,2 wk ahead inc flu hosp,3/18/2023,45,quantile,0.4,22.61096619
3/6/2023,2 wk ahead inc flu hosp,3/18/2023,45,quantile,0.45,24.34417566
3/6/2023,2 wk ahead inc flu hosp,3/18/2023,45,quantile,0.5,26.13573542
3/6/2023,2 wk ahead inc flu hosp,3/18/2023,45,quantile,0.55,28.01488065
3/6/2023,2 wk ahead inc flu hosp,3/18/2023,45,quantile,0.6,30.01653343
3/6/2023,2 wk ahead inc flu hosp,3/18/2023,45,quantile,0.65,32.18584393
3/6/2023,2 wk ahead inc flu hosp,3/18/2023,45,quantile,0.7,34.58560816
3/6/2023,2 wk ahead inc flu hosp,3/18/2023,45,quantile,0.75,37.31001029
3/6/2023,2 wk ahead inc flu hosp,3/18/2023,45,quantile,0.8,40.51342083
3/6/2023,2 wk ahead inc flu hosp,3/18/2023,45,quantile,0.85,44.48076869
3/6/2023,2 wk ahead inc flu hosp,3/18/2023,45,quantile,0.9,49.8437027
3/6/2023,2 wk ahead inc flu hosp,3/18/2023,45,quantile,0.95,58.59205198
3/6/2023,2 wk ahead inc flu hosp,3/18/2023,45,quantile,0.975,66.99731244
3/6/2023,2 wk ahead inc flu hosp,3/18/2023,45,quantile,0.99,77.78400083
3/6/2023,2 wk ahead inc flu hosp,3/18/2023,46,point,NA,5.621652942
3/6/2023,2 wk ahead inc flu hosp,3/18/2023,46,quantile,0.01,0.512550893
3/6/2023,2 wk ahead inc flu hosp,3/18/2023,46,quantile,0.025,0.980959777
3/6/2023,2 wk ahead inc flu hosp,3/18/2023,46,quantile,0.05,1.465802601
3/6/2023,2 wk ahead inc flu hosp,3/18/2023,46,quantile,0.1,2.131607705
3/6/2023,2 wk ahead inc flu hosp,3/18/2023,46,quantile,0.15,2.652693418
3/6/2023,2 wk ahead inc flu hosp,3/18/2023,46,quantile,0.2,3.111947767
3/6/2023,2 wk ahead inc flu hosp,3/18/2023,46,quantile,0.25,3.539910323
3/6/2023,2 wk ahead inc flu hosp,3/18/2023,46,quantile,0.3,3.952420557
3/6/2023,2 wk ahead inc flu hosp,3/18/2023,46,quantile,0.35,4.359608037
3/6/2023,2 wk ahead inc flu hosp,3/18/2023,46,quantile,0.4,4.76911478
3/6/2023,2 wk ahead inc flu hosp,3/18/2023,46,quantile,0.45,5.187600527
3/6/2023,2 wk ahead inc flu hosp,3/18/2023,46,quantile,0.5,5.621652942
3/6/2023,2 wk ahead inc flu hosp,3/18/2023,46,quantile,0.55,6.078530572
3/6/2023,2 wk ahead inc flu hosp,3/18/2023,46,quantile,0.6,6.566984819
3/6/2023,2 wk ahead inc flu hosp,3/18/2023,46,quantile,0.65,7.098412578
3/6/2023,2 wk ahead inc flu hosp,3/18/2023,46,quantile,0.7,7.688754678
3/6/2023,2 wk ahead inc flu hosp,3/18/2023,46,quantile,0.75,8.362029943
3/6/2023,2 wk ahead inc flu hosp,3/18/2023,46,quantile,0.8,9.157766551
3/6/2023,2 wk ahead inc flu hosp,3/18/2023,46,quantile,0.85,10.14921957
3/6/2023,2 wk ahead inc flu hosp,3/18/2023,46,quantile,0.9,11.49953723
3/6/2023,2 wk ahead inc flu hosp,3/18/2023,46,quantile,0.95,13.72595835
3/6/2023,2 wk ahead inc flu hosp,3/18/2023,46,quantile,0.975,15.89111897
3/6/2023,2 wk ahead inc flu hosp,3/18/2023,46,quantile,0.99,18.70458746
3/6/2023,2 wk ahead inc flu hosp,3/18/2023,47,point,NA,37.62726566
3/6/2023,2 wk ahead inc flu hosp,3/18/2023,47,quantile,0.01,3.838020267
3/6/2023,2 wk ahead inc flu hosp,3/18/2023,47,quantile,0.025,6.519010204
3/6/2023,2 wk ahead inc flu hosp,3/18/2023,47,quantile,0.05,9.485700152
3/6/2023,2 wk ahead inc flu hosp,3/18/2023,47,quantile,0.1,13.7591013
3/6/2023,2 wk ahead inc flu hosp,3/18/2023,47,quantile,0.15,17.20866848
3/6/2023,2 wk ahead inc flu hosp,3/18/2023,47,quantile,0.2,20.30067476
3/6/2023,2 wk ahead inc flu hosp,3/18/2023,47,quantile,0.25,23.21391409
3/6/2023,2 wk ahead inc flu hosp,3/18/2023,47,quantile,0.3,26.04395074
3/6/2023,2 wk ahead inc flu hosp,3/18/2023,47,quantile,0.35,28.85363225
3/6/2023,2 wk ahead inc flu hosp,3/18/2023,47,quantile,0.4,31.69167124
3/6/2023,2 wk ahead inc flu hosp,3/18/2023,47,quantile,0.45,34.60157727
3/6/2023,2 wk ahead inc flu hosp,3/18/2023,47,quantile,0.5,37.62726566
3/6/2023,2 wk ahead inc flu hosp,3/18/2023,47,quantile,0.55,40.81783821
3/6/2023,2 wk ahead inc flu hosp,3/18/2023,47,quantile,0.6,44.23305713
3/6/2023,2 wk ahead inc flu hosp,3/18/2023,47,quantile,0.65,47.95116536
3/6/2023,2 wk ahead inc flu hosp,3/18/2023,47,quantile,0.7,52.08186109
3/6/2023,2 wk ahead inc flu hosp,3/18/2023,47,quantile,0.75,56.79049004
3/6/2023,2 wk ahead inc flu hosp,3/18/2023,47,quantile,0.8,62.34887158
3/6/2023,2 wk ahead inc flu hosp,3/18/2023,47,quantile,0.85,69.25962825
3/6/2023,2 wk ahead inc flu hosp,3/18/2023,47,quantile,0.9,78.63828538
3/6/2023,2 wk ahead inc flu hosp,3/18/2023,47,quantile,0.95,94.00182295
3/6/2023,2 wk ahead inc flu hosp,3/18/2023,47,quantile,0.975,108.8112613
3/6/2023,2 wk ahead inc flu hosp,3/18/2023,47,quantile,0.99,127.8544512
3/6/2023,2 wk ahead inc flu hosp,3/18/2023,48,point,NA,140.913745
3/6/2023,2 wk ahead inc flu hosp,3/18/2023,48,quantile,0.01,24.30474833
3/6/2023,2 wk ahead inc flu hosp,3/18/2023,48,quantile,0.025,35.2819358
3/6/2023,2 wk ahead inc flu hosp,3/18/2023,48,quantile,0.05,46.72115418
3/6/2023,2 wk ahead inc flu hosp,3/18/2023,48,quantile,0.1,62.36354064
3/6/2023,2 wk ahead inc flu hosp,3/18/2023,48,quantile,0.15,74.48408604
3/6/2023,2 wk ahead inc flu hosp,3/18/2023,48,quantile,0.2,85.05702171
3/6/2023,2 wk ahead inc flu hosp,3/18/2023,48,quantile,0.25,94.81159306
3/6/2023,2 wk ahead inc flu hosp,3/18/2023,48,quantile,0.3,104.1231426
3/6/2023,2 wk ahead inc flu hosp,3/18/2023,48,quantile,0.35,113.2275297
3/6/2023,2 wk ahead inc flu hosp,3/18/2023,48,quantile,0.4,122.297934
3/6/2023,2 wk ahead inc flu hosp,3/18/2023,48,quantile,0.45,131.4802513
3/6/2023,2 wk ahead inc flu hosp,3/18/2023,48,quantile,0.5,140.913745
3/6/2023,2 wk ahead inc flu hosp,3/18/2023,48,quantile,0.55,150.7469371
3/6/2023,2 wk ahead inc flu hosp,3/18/2023,48,quantile,0.6,161.1541393
3/6/2023,2 wk ahead inc flu hosp,3/18/2023,48,quantile,0.65,172.3576535
3/6/2023,2 wk ahead inc flu hosp,3/18/2023,48,quantile,0.7,184.6634605
3/6/2023,2 wk ahead inc flu hosp,3/18/2023,48,quantile,0.75,198.5267602
3/6/2023,2 wk ahead inc flu hosp,3/18/2023,48,quantile,0.8,214.6885307
3/6/2023,2 wk ahead inc flu hosp,3/18/2023,48,quantile,0.85,234.5075643
3/6/2023,2 wk ahead inc flu hosp,3/18/2023,48,quantile,0.9,260.9746973
3/6/2023,2 wk ahead inc flu hosp,3/18/2023,48,quantile,0.95,303.4215891
3/6/2023,2 wk ahead inc flu hosp,3/18/2023,48,quantile,0.975,343.4400405
3/6/2023,2 wk ahead inc flu hosp,3/18/2023,48,quantile,0.99,393.8256589
3/6/2023,2 wk ahead inc flu hosp,3/18/2023,49,point,NA,2.431693675
3/6/2023,2 wk ahead inc flu hosp,3/18/2023,49,quantile,0.01,0
3/6/2023,2 wk ahead inc flu hosp,3/18/2023,49,quantile,0.025,0
3/6/2023,2 wk ahead inc flu hosp,3/18/2023,49,quantile,0.05,0
3/6/2023,2 wk ahead inc flu hosp,3/18/2023,49,quantile,0.1,0
3/6/2023,2 wk ahead inc flu hosp,3/18/2023,49,quantile,0.15,0
3/6/2023,2 wk ahead inc flu hosp,3/18/2023,49,quantile,0.2,0.005560341
3/6/2023,2 wk ahead inc flu hosp,3/18/2023,49,quantile,0.25,0.316414619
3/6/2023,2 wk ahead inc flu hosp,3/18/2023,49,quantile,0.3,0.656731022
3/6/2023,2 wk ahead inc flu hosp,3/18/2023,49,quantile,0.35,1.031401316
3/6/2023,2 wk ahead inc flu hosp,3/18/2023,49,quantile,0.4,1.446533968
3/6/2023,2 wk ahead inc flu hosp,3/18/2023,49,quantile,0.45,1.909915555
3/6/2023,2 wk ahead inc flu hosp,3/18/2023,49,quantile,0.5,2.431693675
3/6/2023,2 wk ahead inc flu hosp,3/18/2023,49,quantile,0.55,3.025429796
3/6/2023,2 wk ahead inc flu hosp,3/18/2023,49,quantile,0.6,3.709795531
3/6/2023,2 wk ahead inc flu hosp,3/18/2023,49,quantile,0.65,4.511449388
3/6/2023,2 wk ahead inc flu hosp,3/18/2023,49,quantile,0.7,5.470232064
3/6/2023,2 wk ahead inc flu hosp,3/18/2023,49,quantile,0.75,6.649331622
3/6/2023,2 wk ahead inc flu hosp,3/18/2023,49,quantile,0.8,8.157411286
3/6/2023,2 wk ahead inc flu hosp,3/18/2023,49,quantile,0.85,10.20460637
3/6/2023,2 wk ahead inc flu hosp,3/18/2023,49,quantile,0.9,13.28149738
3/6/2023,2 wk ahead inc flu hosp,3/18/2023,49,quantile,0.95,19.04366148
3/6/2023,2 wk ahead inc flu hosp,3/18/2023,49,quantile,0.975,25.41932618
3/6/2023,2 wk ahead inc flu hosp,3/18/2023,49,quantile,0.99,34.76087304
3/6/2023,2 wk ahead inc flu hosp,3/18/2023,50,point,NA,0.695312554
3/6/2023,2 wk ahead inc flu hosp,3/18/2023,50,quantile,0.01,0
3/6/2023,2 wk ahead inc flu hosp,3/18/2023,50,quantile,0.025,0
3/6/2023,2 wk ahead inc flu hosp,3/18/2023,50,quantile,0.05,0
3/6/2023,2 wk ahead inc flu hosp,3/18/2023,50,quantile,0.1,0
3/6/2023,2 wk ahead inc flu hosp,3/18/2023,50,quantile,0.15,0
3/6/2023,2 wk ahead inc flu hosp,3/18/2023,50,quantile,0.2,0
3/6/2023,2 wk ahead inc flu hosp,3/18/2023,50,quantile,0.25,0.086007253
3/6/2023,2 wk ahead inc flu hosp,3/18/2023,50,quantile,0.3,0.203337591
3/6/2023,2 wk ahead inc flu hosp,3/18/2023,50,quantile,0.35,0.320910801
3/6/2023,2 wk ahead inc flu hosp,3/18/2023,50,quantile,0.4,0.440804253
3/6/2023,2 wk ahead inc flu hosp,3/18/2023,50,quantile,0.45,0.564937208
3/6/2023,2 wk ahead inc flu hosp,3/18/2023,50,quantile,0.5,0.695312554
3/6/2023,2 wk ahead inc flu hosp,3/18/2023,50,quantile,0.55,0.834235479
3/6/2023,2 wk ahead inc flu hosp,3/18/2023,50,quantile,0.6,0.984577608
3/6/2023,2 wk ahead inc flu hosp,3/18/2023,50,quantile,0.65,1.150167498
3/6/2023,2 wk ahead inc flu hosp,3/18/2023,50,quantile,0.7,1.336451165
3/6/2023,2 wk ahead inc flu hosp,3/18/2023,50,quantile,0.75,1.551738577
3/6/2023,2 wk ahead inc flu hosp,3/18/2023,50,quantile,0.8,1.809847194
3/6/2023,2 wk ahead inc flu hosp,3/18/2023,50,quantile,0.85,2.13662934
3/6/2023,2 wk ahead inc flu hosp,3/18/2023,50,quantile,0.9,2.590256959
3/6/2023,2 wk ahead inc flu hosp,3/18/2023,50,quantile,0.95,3.357691121
3/6/2023,2 wk ahead inc flu hosp,3/18/2023,50,quantile,0.975,4.124802665
3/6/2023,2 wk ahead inc flu hosp,3/18/2023,50,quantile,0.99,5.148708025
3/6/2023,2 wk ahead inc flu hosp,3/18/2023,51,point,NA,46.63060916
3/6/2023,2 wk ahead inc flu hosp,3/18/2023,51,quantile,0.01,7.503304535
3/6/2023,2 wk ahead inc flu hosp,3/18/2023,51,quantile,0.025,11.12907714
3/6/2023,2 wk ahead inc flu hosp,3/18/2023,51,quantile,0.05,14.92174566
3/6/2023,2 wk ahead inc flu hosp,3/18/2023,51,quantile,0.1,20.13144941
3/6/2023,2 wk ahead inc flu hosp,3/18/2023,51,quantile,0.15,24.18564065
3/6/2023,2 wk ahead inc flu hosp,3/18/2023,51,quantile,0.2,27.73366804
3/6/2023,2 wk ahead inc flu hosp,3/18/2023,51,quantile,0.25,31.01595727
3/6/2023,2 wk ahead inc flu hosp,3/18/2023,51,quantile,0.3,34.15667561
3/6/2023,2 wk ahead inc flu hosp,3/18/2023,51,quantile,0.35,37.23423306
3/6/2023,2 wk ahead inc flu hosp,3/18/2023,51,quantile,0.4,40.3065823
3/6/2023,2 wk ahead inc flu hosp,3/18/2023,51,quantile,0.45,43.42292663
3/6/2023,2 wk ahead inc flu hosp,3/18/2023,51,quantile,0.5,46.63060916
3/6/2023,2 wk ahead inc flu hosp,3/18/2023,51,quantile,0.55,49.9804853
3/6/2023,2 wk ahead inc flu hosp,3/18/2023,51,quantile,0.6,53.53259039
3/6/2023,2 wk ahead inc flu hosp,3/18/2023,51,quantile,0.65,57.36382611
3/6/2023,2 wk ahead inc flu hosp,3/18/2023,51,quantile,0.7,61.5803825
3/6/2023,2 wk ahead inc flu hosp,3/18/2023,51,quantile,0.75,66.34061235
3/6/2023,2 wk ahead inc flu hosp,3/18/2023,51,quantile,0.8,71.9027676
3/6/2023,2 wk ahead inc flu hosp,3/18/2023,51,quantile,0.85,78.74121023
3/6/2023,2 wk ahead inc flu hosp,3/18/2023,51,quantile,0.9,87.90184918
3/6/2023,2 wk ahead inc flu hosp,3/18/2023,51,quantile,0.95,102.6552642
3/6/2023,2 wk ahead inc flu hosp,3/18/2023,51,quantile,0.975,116.6280659
3/6/2023,2 wk ahead inc flu hosp,3/18/2023,51,quantile,0.99,134.2994388
3/6/2023,2 wk ahead inc flu hosp,3/18/2023,53,point,NA,25.77923045
3/6/2023,2 wk ahead inc flu hosp,3/18/2023,53,quantile,0.01,1.236983184
3/6/2023,2 wk ahead inc flu hosp,3/18/2023,53,quantile,0.025,2.647418712
3/6/2023,2 wk ahead inc flu hosp,3/18/2023,53,quantile,0.05,4.3508957
3/6/2023,2 wk ahead inc flu hosp,3/18/2023,53,quantile,0.1,7.032330133
3/6/2023,2 wk ahead inc flu hosp,3/18/2023,53,quantile,0.15,9.370264806
3/6/2023,2 wk ahead inc flu hosp,3/18/2023,53,quantile,0.2,11.58504499
3/6/2023,2 wk ahead inc flu hosp,3/18/2023,53,quantile,0.25,13.76766571
3/6/2023,2 wk ahead inc flu hosp,3/18/2023,53,quantile,0.3,15.97195491
3/6/2023,2 wk ahead inc flu hosp,3/18/2023,53,quantile,0.35,18.23824576
3/6/2023,2 wk ahead inc flu hosp,3/18/2023,53,quantile,0.4,20.60267852
3/6/2023,2 wk ahead inc flu hosp,3/18/2023,53,quantile,0.45,23.10232791
3/6/2023,2 wk ahead inc flu hosp,3/18/2023,53,quantile,0.5,25.77923045
3/6/2023,2 wk ahead inc flu hosp,3/18/2023,53,quantile,0.55,28.68476396
3/6/2023,2 wk ahead inc flu hosp,3/18/2023,53,quantile,0.6,31.88563191
3/6/2023,2 wk ahead inc flu hosp,3/18/2023,53,quantile,0.65,35.47328706
3/6/2023,2 wk ahead inc flu hosp,3/18/2023,53,quantile,0.7,39.58034564
3/6/2023,2 wk ahead inc flu hosp,3/18/2023,53,quantile,0.75,44.41201248
3/6/2023,2 wk ahead inc flu hosp,3/18/2023,53,quantile,0.8,50.31331802
3/6/2023,2 wk ahead inc flu hosp,3/18/2023,53,quantile,0.85,57.93636197
3/6/2023,2 wk ahead inc flu hosp,3/18/2023,53,quantile,0.9,68.76419469
3/6/2023,2 wk ahead inc flu hosp,3/18/2023,53,quantile,0.95,87.62920675
3/6/2023,2 wk ahead inc flu hosp,3/18/2023,53,quantile,0.975,107.051712
3/6/2023,2 wk ahead inc flu hosp,3/18/2023,53,quantile,0.99,133.6869868
3/6/2023,2 wk ahead inc flu hosp,3/18/2023,54,point,NA,7.976208378
3/6/2023,2 wk ahead inc flu hosp,3/18/2023,54,quantile,0.01,0.830395794
3/6/2023,2 wk ahead inc flu hosp,3/18/2023,54,quantile,0.025,1.491186858
3/6/2023,2 wk ahead inc flu hosp,3/18/2023,54,quantile,0.05,2.177921974
3/6/2023,2 wk ahead inc flu hosp,3/18/2023,54,quantile,0.1,3.120308896
3/6/2023,2 wk ahead inc flu hosp,3/18/2023,54,quantile,0.15,3.855283586
3/6/2023,2 wk ahead inc flu hosp,3/18/2023,54,quantile,0.2,4.500458063
3/6/2023,2 wk ahead inc flu hosp,3/18/2023,54,quantile,0.25,5.099235672
3/6/2023,2 wk ahead inc flu hosp,3/18/2023,54,quantile,0.3,5.674058946
3/6/2023,2 wk ahead inc flu hosp,3/18/2023,54,quantile,0.35,6.239171976
3/6/2023,2 wk ahead inc flu hosp,3/18/2023,54,quantile,0.4,6.805194453
3/6/2023,2 wk ahead inc flu hosp,3/18/2023,54,quantile,0.45,7.381245653
3/6/2023,2 wk ahead inc flu hosp,3/18/2023,54,quantile,0.5,7.976208378
3/6/2023,2 wk ahead inc flu hosp,3/18/2023,54,quantile,0.55,8.599734172
3/6/2023,2 wk ahead inc flu hosp,3/18/2023,54,quantile,0.6,9.263326412
3/6/2023,2 wk ahead inc flu hosp,3/18/2023,54,quantile,0.65,9.981831591
3/6/2023,2 wk ahead inc flu hosp,3/18/2023,54,quantile,0.7,10.77587033
3/6/2023,2 wk ahead inc flu hosp,3/18/2023,54,quantile,0.75,11.67633592
3/6/2023,2 wk ahead inc flu hosp,3/18/2023,54,quantile,0.8,12.73381367
3/6/2023,2 wk ahead inc flu hosp,3/18/2023,54,quantile,0.85,14.04158074
3/6/2023,2 wk ahead inc flu hosp,3/18/2023,54,quantile,0.9,15.80619275
3/6/2023,2 wk ahead inc flu hosp,3/18/2023,54,quantile,0.95,18.6773612
3/6/2023,2 wk ahead inc flu hosp,3/18/2023,54,quantile,0.975,21.42794904
3/6/2023,2 wk ahead inc flu hosp,3/18/2023,54,quantile,0.99,24.94737013
3/6/2023,2 wk ahead inc flu hosp,3/18/2023,55,point,NA,7.621343907
3/6/2023,2 wk ahead inc flu hosp,3/18/2023,55,quantile,0.01,0.16446552
3/6/2023,2 wk ahead inc flu hosp,3/18/2023,55,quantile,0.025,0.735297985
3/6/2023,2 wk ahead inc flu hosp,3/18/2023,55,quantile,0.05,1.368107639
3/6/2023,2 wk ahead inc flu hosp,3/18/2023,55,quantile,0.1,2.287325879
3/6/2023,2 wk ahead inc flu hosp,3/18/2023,55,quantile,0.15,3.037344689
3/6/2023,2 wk ahead inc flu hosp,3/18/2023,55,quantile,0.2,3.715896151
3/6/2023,2 wk ahead inc flu hosp,3/18/2023,55,quantile,0.25,4.360565878
3/6/2023,2 wk ahead inc flu hosp,3/18/2023,55,quantile,0.3,4.991663232
3/6/2023,2 wk ahead inc flu hosp,3/18/2023,55,quantile,0.35,5.622795882
3/6/2023,2 wk ahead inc flu hosp,3/18/2023,55,quantile,0.4,6.264776472
3/6/2023,2 wk ahead inc flu hosp,3/18/2023,55,quantile,0.45,6.927531669
3/6/2023,2 wk ahead inc flu hosp,3/18/2023,55,quantile,0.5,7.621343907
3/6/2023,2 wk ahead inc flu hosp,3/18/2023,55,quantile,0.55,8.357961874
3/6/2023,2 wk ahead inc flu hosp,3/18/2023,55,quantile,0.6,9.15192627
3/6/2023,2 wk ahead inc flu hosp,3/18/2023,55,quantile,0.65,10.02251305
3/6/2023,2 wk ahead inc flu hosp,3/18/2023,55,quantile,0.7,10.99700147
3/6/2023,2 wk ahead inc flu hosp,3/18/2023,55,quantile,0.75,12.11681366
3/6/2023,2 wk ahead inc flu hosp,3/18/2023,55,quantile,0.8,13.45048109
3/6/2023,2 wk ahead inc flu hosp,3/18/2023,55,quantile,0.85,15.12551463
3/6/2023,2 wk ahead inc flu hosp,3/18/2023,55,quantile,0.9,17.4268877
3/6/2023,2 wk ahead inc flu hosp,3/18/2023,55,quantile,0.95,21.26157764
3/6/2023,2 wk ahead inc flu hosp,3/18/2023,55,quantile,0.975,25.02753436
3/6/2023,2 wk ahead inc flu hosp,3/18/2023,55,quantile,0.99,29.96105575
3/6/2023,2 wk ahead inc flu hosp,3/18/2023,56,point,NA,1.007510187
3/6/2023,2 wk ahead inc flu hosp,3/18/2023,56,quantile,0.01,0
3/6/2023,2 wk ahead inc flu hosp,3/18/2023,56,quantile,0.025,0
3/6/2023,2 wk ahead inc flu hosp,3/18/2023,56,quantile,0.05,0
3/6/2023,2 wk ahead inc flu hosp,3/18/2023,56,quantile,0.1,0
3/6/2023,2 wk ahead inc flu hosp,3/18/2023,56,quantile,0.15,0.107814974
3/6/2023,2 wk ahead inc flu hosp,3/18/2023,56,quantile,0.2,0.246493607
3/6/2023,2 wk ahead inc flu hosp,3/18/2023,56,quantile,0.25,0.375887866
3/6/2023,2 wk ahead inc flu hosp,3/18/2023,56,quantile,0.3,0.500759711
3/6/2023,2 wk ahead inc flu hosp,3/18/2023,56,quantile,0.35,0.624162512
3/6/2023,2 wk ahead inc flu hosp,3/18/2023,56,quantile,0.4,0.74840832
3/6/2023,2 wk ahead inc flu hosp,3/18/2023,56,quantile,0.45,0.875520745
3/6/2023,2 wk ahead inc flu hosp,3/18/2023,56,quantile,0.5,1.007510187
3/6/2023,2 wk ahead inc flu hosp,3/18/2023,56,quantile,0.55,1.146600232
3/6/2023,2 wk ahead inc flu hosp,3/18/2023,56,quantile,0.6,1.295479982
3/6/2023,2 wk ahead inc flu hosp,3/18/2023,56,quantile,0.65,1.457659624
3/6/2023,2 wk ahead inc flu hosp,3/18/2023,56,quantile,0.7,1.63805765
3/6/2023,2 wk ahead inc flu hosp,3/18/2023,56,quantile,0.75,1.844095658
3/6/2023,2 wk ahead inc flu hosp,3/18/2023,56,quantile,0.8,2.088002935
3/6/2023,2 wk ahead inc flu hosp,3/18/2023,56,quantile,0.85,2.392471558
3/6/2023,2 wk ahead inc flu hosp,3/18/2023,56,quantile,0.9,2.808111389
3/6/2023,2 wk ahead inc flu hosp,3/18/2023,56,quantile,0.95,3.495687987
3/6/2023,2 wk ahead inc flu hosp,3/18/2023,56,quantile,0.975,4.166832187
3/6/2023,2 wk ahead inc flu hosp,3/18/2023,56,quantile,0.99,5.042264587
3/6/2023,2 wk ahead inc flu hosp,3/18/2023,72,point,NA,35.22084297
3/6/2023,2 wk ahead inc flu hosp,3/18/2023,72,quantile,0.01,3.474496268
3/6/2023,2 wk ahead inc flu hosp,3/18/2023,72,quantile,0.025,5.89616927
3/6/2023,2 wk ahead inc flu hosp,3/18/2023,72,quantile,0.05,8.599864368
3/6/2023,2 wk ahead inc flu hosp,3/18/2023,72,quantile,0.1,12.53664899
3/6/2023,2 wk ahead inc flu hosp,3/18/2023,72,quantile,0.15,15.74728938
3/6/2023,2 wk ahead inc flu hosp,3/18/2023,72,quantile,0.2,18.64750656
3/6/2023,2 wk ahead inc flu hosp,3/18/2023,72,quantile,0.25,21.39778038
3/6/2023,2 wk ahead inc flu hosp,3/18/2023,72,quantile,0.3,24.08478912
3/6/2023,2 wk ahead inc flu hosp,3/18/2023,72,quantile,0.35,26.76639942
3/6/2023,2 wk ahead inc flu hosp,3/18/2023,72,quantile,0.4,29.48831376
3/6/2023,2 wk ahead inc flu hosp,3/18/2023,72,quantile,0.45,32.29218384
3/6/2023,2 wk ahead inc flu hosp,3/18/2023,72,quantile,0.5,35.22084297
3/6/2023,2 wk ahead inc flu hosp,3/18/2023,72,quantile,0.55,38.32292639
3/6/2023,2 wk ahead inc flu hosp,3/18/2023,72,quantile,0.6,41.65832506
3/6/2023,2 wk ahead inc flu hosp,3/18/2023,72,quantile,0.65,45.30612196
3/6/2023,2 wk ahead inc flu hosp,3/18/2023,72,quantile,0.7,49.37788436
3/6/2023,2 wk ahead inc flu hosp,3/18/2023,72,quantile,0.75,54.04257184
3/6/2023,2 wk ahead inc flu hosp,3/18/2023,72,quantile,0.8,59.57903449
3/6/2023,2 wk ahead inc flu hosp,3/18/2023,72,quantile,0.85,66.50478859
3/6/2023,2 wk ahead inc flu hosp,3/18/2023,72,quantile,0.9,75.97300296
3/6/2023,2 wk ahead inc flu hosp,3/18/2023,72,quantile,0.95,91.63871149
3/6/2023,2 wk ahead inc flu hosp,3/18/2023,72,quantile,0.975,106.9026317
3/6/2023,2 wk ahead inc flu hosp,3/18/2023,72,quantile,0.99,126.7384906
3/6/2023,2 wk ahead inc flu hosp,3/18/2023,78,point,NA,3.90E-13
3/6/2023,2 wk ahead inc flu hosp,3/18/2023,78,quantile,0.01,0
3/6/2023,2 wk ahead inc flu hosp,3/18/2023,78,quantile,0.025,0
3/6/2023,2 wk ahead inc flu hosp,3/18/2023,78,quantile,0.05,0
3/6/2023,2 wk ahead inc flu hosp,3/18/2023,78,quantile,0.1,0
3/6/2023,2 wk ahead inc flu hosp,3/18/2023,78,quantile,0.15,0
3/6/2023,2 wk ahead inc flu hosp,3/18/2023,78,quantile,0.2,0
3/6/2023,2 wk ahead inc flu hosp,3/18/2023,78,quantile,0.25,0
3/6/2023,2 wk ahead inc flu hosp,3/18/2023,78,quantile,0.3,0
3/6/2023,2 wk ahead inc flu hosp,3/18/2023,78,quantile,0.35,0
3/6/2023,2 wk ahead inc flu hosp,3/18/2023,78,quantile,0.4,0
3/6/2023,2 wk ahead inc flu hosp,3/18/2023,78,quantile,0.45,0
3/6/2023,2 wk ahead inc flu hosp,3/18/2023,78,quantile,0.5,3.91E-13
3/6/2023,2 wk ahead inc flu hosp,3/18/2023,78,quantile,0.55,0.052263396
3/6/2023,2 wk ahead inc flu hosp,3/18/2023,78,quantile,0.6,0.107583956
3/6/2023,2 wk ahead inc flu hosp,3/18/2023,78,quantile,0.65,0.167182439
3/6/2023,2 wk ahead inc flu hosp,3/18/2023,78,quantile,0.7,0.232738446
3/6/2023,2 wk ahead inc flu hosp,3/18/2023,78,quantile,0.75,0.306754027
3/6/2023,2 wk ahead inc flu hosp,3/18/2023,78,quantile,0.8,0.39331294
3/6/2023,2 wk ahead inc flu hosp,3/18/2023,78,quantile,0.85,0.499933208
3/6/2023,2 wk ahead inc flu hosp,3/18/2023,78,quantile,0.9,0.643253264
3/6/2023,2 wk ahead inc flu hosp,3/18/2023,78,quantile,0.95,0.875624049
3/6/2023,2 wk ahead inc flu hosp,3/18/2023,78,quantile,0.975,1.097805266
3/6/2023,2 wk ahead inc flu hosp,3/18/2023,78,quantile,0.99,1.382095716
3/6/2023,2 wk ahead inc flu hosp,3/18/2023,US,point,NA,1282.321278
3/6/2023,2 wk ahead inc flu hosp,3/18/2023,US,quantile,0.01,122.9009366
3/6/2023,2 wk ahead inc flu hosp,3/18/2023,US,quantile,0.025,210.7646849
3/6/2023,2 wk ahead inc flu hosp,3/18/2023,US,quantile,0.05,310.7693313
3/6/2023,2 wk ahead inc flu hosp,3/18/2023,US,quantile,0.1,457.0955687
3/6/2023,2 wk ahead inc flu hosp,3/18/2023,US,quantile,0.15,576.1048157
3/6/2023,2 wk ahead inc flu hosp,3/18/2023,US,quantile,0.2,683.0696388
3/6/2023,2 wk ahead inc flu hosp,3/18/2023,US,quantile,0.25,783.9476335
3/6/2023,2 wk ahead inc flu hosp,3/18/2023,US,quantile,0.3,881.9528579
3/6/2023,2 wk ahead inc flu hosp,3/18/2023,US,quantile,0.35,979.2104807
3/6/2023,2 wk ahead inc flu hosp,3/18/2023,US,quantile,0.4,1077.371962
3/6/2023,2 wk ahead inc flu hosp,3/18/2023,US,quantile,0.45,1177.912956
3/6/2023,2 wk ahead inc flu hosp,3/18/2023,US,quantile,0.5,1282.321278
3/6/2023,2 wk ahead inc flu hosp,3/18/2023,US,quantile,0.55,1392.257385
3/6/2023,2 wk ahead inc flu hosp,3/18/2023,US,quantile,0.6,1509.738
3/6/2023,2 wk ahead inc flu hosp,3/18/2023,US,quantile,0.65,1637.397995
3/6/2023,2 wk ahead inc flu hosp,3/18/2023,US,quantile,0.7,1778.924168
3/6/2023,2 wk ahead inc flu hosp,3/18/2023,US,quantile,0.75,1939.862765
3/6/2023,2 wk ahead inc flu hosp,3/18/2023,US,quantile,0.8,2129.313378
3/6/2023,2 wk ahead inc flu hosp,3/18/2023,US,quantile,0.85,2364.065204
3/6/2023,2 wk ahead inc flu hosp,3/18/2023,US,quantile,0.9,2681.281339
3/6/2023,2 wk ahead inc flu hosp,3/18/2023,US,quantile,0.95,3197.686009
3/6/2023,2 wk ahead inc flu hosp,3/18/2023,US,quantile,0.975,3691.909195
3/6/2023,2 wk ahead inc flu hosp,3/18/2023,US,quantile,0.99,4322.714569
3/6/2023,3 wk ahead inc flu hosp,3/25/2023,1,point,NA,14.29973366
3/6/2023,3 wk ahead inc flu hosp,3/25/2023,1,quantile,0.01,0.6451295
3/6/2023,3 wk ahead inc flu hosp,3/25/2023,1,quantile,0.025,1.597210508
3/6/2023,3 wk ahead inc flu hosp,3/25/2023,1,quantile,0.05,2.689368521
3/6/2023,3 wk ahead inc flu hosp,3/25/2023,1,quantile,0.1,4.320968571
3/6/2023,3 wk ahead inc flu hosp,3/25/2023,1,quantile,0.15,5.680366679
3/6/2023,3 wk ahead inc flu hosp,3/25/2023,1,quantile,0.2,6.926729654
3/6/2023,3 wk ahead inc flu hosp,3/25/2023,1,quantile,0.25,8.122740813
3/6/2023,3 wk ahead inc flu hosp,3/25/2023,1,quantile,0.3,9.30310098
3/6/2023,3 wk ahead inc flu hosp,3/25/2023,1,quantile,0.35,10.49171815
3/6/2023,3 wk ahead inc flu hosp,3/25/2023,1,quantile,0.4,11.70817208
3/6/2023,3 wk ahead inc flu hosp,3/25/2023,1,quantile,0.45,12.97096499
3/6/2023,3 wk ahead inc flu hosp,3/25/2023,1,quantile,0.5,14.29973366
3/6/2023,3 wk ahead inc flu hosp,3/25/2023,1,quantile,0.55,15.71733209
3/6/2023,3 wk ahead inc flu hosp,3/25/2023,1,quantile,0.6,17.25241541
3/6/2023,3 wk ahead inc flu hosp,3/25/2023,1,quantile,0.65,18.94330767
3/6/2023,3 wk ahead inc flu hosp,3/25/2023,1,quantile,0.7,20.84457077
3/6/2023,3 wk ahead inc flu hosp,3/25/2023,1,quantile,0.75,23.03940211
3/6/2023,3 wk ahead inc flu hosp,3/25/2023,1,quantile,0.8,25.66588489
3/6/2023,3 wk ahead inc flu hosp,3/25/2023,1,quantile,0.85,28.98163253
3/6/2023,3 wk ahead inc flu hosp,3/25/2023,1,quantile,0.9,33.56394388
3/6/2023,3 wk ahead inc flu hosp,3/25/2023,1,quantile,0.95,41.25641524
3/6/2023,3 wk ahead inc flu hosp,3/25/2023,1,quantile,0.975,48.86776376
3/6/2023,3 wk ahead inc flu hosp,3/25/2023,1,quantile,0.99,58.90724384
3/6/2023,3 wk ahead inc flu hosp,3/25/2023,2,point,NA,1.117477701
3/6/2023,3 wk ahead inc flu hosp,3/25/2023,2,quantile,0.01,0
3/6/2023,3 wk ahead inc flu hosp,3/25/2023,2,quantile,0.025,0
3/6/2023,3 wk ahead inc flu hosp,3/25/2023,2,quantile,0.05,0
3/6/2023,3 wk ahead inc flu hosp,3/25/2023,2,quantile,0.1,0
3/6/2023,3 wk ahead inc flu hosp,3/25/2023,2,quantile,0.15,0
3/6/2023,3 wk ahead inc flu hosp,3/25/2023,2,quantile,0.2,0
3/6/2023,3 wk ahead inc flu hosp,3/25/2023,2,quantile,0.25,0
3/6/2023,3 wk ahead inc flu hosp,3/25/2023,2,quantile,0.3,0
3/6/2023,3 wk ahead inc flu hosp,3/25/2023,2,quantile,0.35,0
3/6/2023,3 wk ahead inc flu hosp,3/25/2023,2,quantile,0.4,0.298632741
3/6/2023,3 wk ahead inc flu hosp,3/25/2023,2,quantile,0.45,0.687865918
3/6/2023,3 wk ahead inc flu hosp,3/25/2023,2,quantile,0.5,1.117477701
3/6/2023,3 wk ahead inc flu hosp,3/25/2023,2,quantile,0.55,1.59266426
3/6/2023,3 wk ahead inc flu hosp,3/25/2023,2,quantile,0.6,2.121644266
3/6/2023,3 wk ahead inc flu hosp,3/25/2023,2,quantile,0.65,2.716740547
3/6/2023,3 wk ahead inc flu hosp,3/25/2023,2,quantile,0.7,3.396541478
3/6/2023,3 wk ahead inc flu hosp,3/25/2023,2,quantile,0.75,4.190192094
3/6/2023,3 wk ahead inc flu hosp,3/25/2023,2,quantile,0.8,5.14659741
3/6/2023,3 wk ahead inc flu hosp,3/25/2023,2,quantile,0.85,6.357059778
3/6/2023,3 wk ahead inc flu hosp,3/25/2023,2,quantile,0.9,8.024837494
3/6/2023,3 wk ahead inc flu hosp,3/25/2023,2,quantile,0.95,10.78970316
3/6/2023,3 wk ahead inc flu hosp,3/25/2023,2,quantile,0.975,13.46750347
3/6/2023,3 wk ahead inc flu hosp,3/25/2023,2,quantile,0.99,16.90347409
3/6/2023,3 wk ahead inc flu hosp,3/25/2023,4,point,NA,45.01404986
3/6/2023,3 wk ahead inc flu hosp,3/25/2023,4,quantile,0.01,6.639807866
3/6/2023,3 wk ahead inc flu hosp,3/25/2023,4,quantile,0.025,9.783281471
3/6/2023,3 wk ahead inc flu hosp,3/25/2023,4,quantile,0.05,13.17527642
3/6/2023,3 wk ahead inc flu hosp,3/25/2023,4,quantile,0.1,17.99917501
3/6/2023,3 wk ahead inc flu hosp,3/25/2023,4,quantile,0.15,21.87616573
3/6/2023,3 wk ahead inc flu hosp,3/25/2023,4,quantile,0.2,25.35171321
3/6/2023,3 wk ahead inc flu hosp,3/25/2023,4,quantile,0.25,28.63200145
3/6/2023,3 wk ahead inc flu hosp,3/25/2023,4,quantile,0.3,31.82669324
3/6/2023,3 wk ahead inc flu hosp,3/25/2023,4,quantile,0.35,35.008009
3/6/2023,3 wk ahead inc flu hosp,3/25/2023,4,quantile,0.4,38.23228944
3/6/2023,3 wk ahead inc flu hosp,3/25/2023,4,quantile,0.45,41.55035189
3/6/2023,3 wk ahead inc flu hosp,3/25/2023,4,quantile,0.5,45.01404986
3/6/2023,3 wk ahead inc flu hosp,3/25/2023,4,quantile,0.55,48.68195867
3/6/2023,3 wk ahead inc flu hosp,3/25/2023,4,quantile,0.6,52.62599918
3/6/2023,3 wk ahead inc flu hosp,3/25/2023,4,quantile,0.65,56.94101609
3/6/2023,3 wk ahead inc flu hosp,3/25/2023,4,quantile,0.7,61.76078828
3/6/2023,3 wk ahead inc flu hosp,3/25/2023,4,quantile,0.75,67.28803156
3/6/2023,3 wk ahead inc flu hosp,3/25/2023,4,quantile,0.8,73.85769577
3/6/2023,3 wk ahead inc flu hosp,3/25/2023,4,quantile,0.85,82.09246534
3/6/2023,3 wk ahead inc flu hosp,3/25/2023,4,quantile,0.9,93.38312574
3/6/2023,3 wk ahead inc flu hosp,3/25/2023,4,quantile,0.95,112.1537645
3/6/2023,3 wk ahead inc flu hosp,3/25/2023,4,quantile,0.975,130.5540101
3/6/2023,3 wk ahead inc flu hosp,3/25/2023,4,quantile,0.99,154.6293614
3/6/2023,3 wk ahead inc flu hosp,3/25/2023,5,point,NA,21.45054339
3/6/2023,3 wk ahead inc flu hosp,3/25/2023,5,quantile,0.01,2.484239199
3/6/2023,3 wk ahead inc flu hosp,3/25/2023,5,quantile,0.025,4.054265292
3/6/2023,3 wk ahead inc flu hosp,3/25/2023,5,quantile,0.05,5.752166092
3/6/2023,3 wk ahead inc flu hosp,3/25/2023,5,quantile,0.1,8.16276768
3/6/2023,3 wk ahead inc flu hosp,3/25/2023,5,quantile,0.15,10.09304425
3/6/2023,3 wk ahead inc flu hosp,3/25/2023,5,quantile,0.2,11.81697432
3/6/2023,3 wk ahead inc flu hosp,3/25/2023,5,quantile,0.25,13.43817362
3/6/2023,3 wk ahead inc flu hosp,3/25/2023,5,quantile,0.3,15.01154755
3/6/2023,3 wk ahead inc flu hosp,3/25/2023,5,quantile,0.35,16.57297846
3/6/2023,3 wk ahead inc flu hosp,3/25/2023,5,quantile,0.4,18.1501523
3/6/2023,3 wk ahead inc flu hosp,3/25/2023,5,quantile,0.45,19.76772479
3/6/2023,3 wk ahead inc flu hosp,3/25/2023,5,quantile,0.5,21.45054339
3/6/2023,3 wk ahead inc flu hosp,3/25/2023,5,quantile,0.55,23.22637817
3/6/2023,3 wk ahead inc flu hosp,3/25/2023,5,quantile,0.6,25.12903914
3/6/2023,3 wk ahead inc flu hosp,3/25/2023,5,quantile,0.65,27.20282613
3/6/2023,3 wk ahead inc flu hosp,3/25/2023,5,quantile,0.7,29.50991451
3/6/2023,3 wk ahead inc flu hosp,3/25/2023,5,quantile,0.75,32.14413895
3/6/2023,3 wk ahead inc flu hosp,3/25/2023,5,quantile,0.8,35.25998711
3/6/2023,3 wk ahead inc flu hosp,3/25/2023,5,quantile,0.85,39.14362719
3/6/2023,3 wk ahead inc flu hosp,3/25/2023,5,quantile,0.9,44.43160594
3/6/2023,3 wk ahead inc flu hosp,3/25/2023,5,quantile,0.95,53.13735917
3/6/2023,3 wk ahead inc flu hosp,3/25/2023,5,quantile,0.975,61.57890098
3/6/2023,3 wk ahead inc flu hosp,3/25/2023,5,quantile,0.99,72.5025642
3/6/2023,3 wk ahead inc flu hosp,3/25/2023,6,point,NA,75.3
3/6/2023,3 wk ahead inc flu hosp,3/25/2023,6,quantile,0.01,1.721205162
3/6/2023,3 wk ahead inc flu hosp,3/25/2023,6,quantile,0.025,4.846384293
3/6/2023,3 wk ahead inc flu hosp,3/25/2023,6,quantile,0.05,9.150304901
3/6/2023,3 wk ahead inc flu hosp,3/25/2023,6,quantile,0.1,16.57082341
3/6/2023,3 wk ahead inc flu hosp,3/25/2023,6,quantile,0.15,23.42260165
3/6/2023,3 wk ahead inc flu hosp,3/25/2023,6,quantile,0.2,30.12192044
3/6/2023,3 wk ahead inc flu hosp,3/25/2023,6,quantile,0.25,36.86399613
3/6/2023,3 wk ahead inc flu hosp,3/25/2023,6,quantile,0.3,43.77763307
3/6/2023,3 wk ahead inc flu hosp,3/25/2023,6,quantile,0.35,50.96926361
3/6/2023,3 wk ahead inc flu hosp,3/25/2023,6,quantile,0.4,58.54212473
3/6/2023,3 wk ahead inc flu hosp,3/25/2023,6,quantile,0.45,66.60835964
3/6/2023,3 wk ahead inc flu hosp,3/25/2023,6,quantile,0.5,75.3
3/6/2023,3 wk ahead inc flu hosp,3/25/2023,6,quantile,0.55,84.78220631
3/6/2023,3 wk ahead inc flu hosp,3/25/2023,6,quantile,0.6,95.27233716
3/6/2023,3 wk ahead inc flu hosp,3/25/2023,6,quantile,0.65,107.0706394
3/6/2023,3 wk ahead inc flu hosp,3/25/2023,6,quantile,0.7,120.6141207
3/6/2023,3 wk ahead inc flu hosp,3/25/2023,6,quantile,0.75,136.5798909
3/6/2023,3 wk ahead inc flu hosp,3/25/2023,6,quantile,0.8,156.1061706
3/6/2023,3 wk ahead inc flu hosp,3/25/2023,6,quantile,0.85,181.3411311
3/6/2023,3 wk ahead inc flu hosp,3/25/2023,6,quantile,0.9,217.157762
3/6/2023,3 wk ahead inc flu hosp,3/25/2023,6,quantile,0.95,279.3648114
3/6/2023,3 wk ahead inc flu hosp,3/25/2023,6,quantile,0.975,343.0527578
3/6/2023,3 wk ahead inc flu hosp,3/25/2023,6,quantile,0.99,429.7268269
3/6/2023,3 wk ahead inc flu hosp,3/25/2023,8,point,NA,17.4275869
3/6/2023,3 wk ahead inc flu hosp,3/25/2023,8,quantile,0.01,0.811307519
3/6/2023,3 wk ahead inc flu hosp,3/25/2023,8,quantile,0.025,1.825363087
3/6/2023,3 wk ahead inc flu hosp,3/25/2023,8,quantile,0.05,3.021742002
3/6/2023,3 wk ahead inc flu hosp,3/25/2023,8,quantile,0.1,4.87114609
3/6/2023,3 wk ahead inc flu hosp,3/25/2023,8,quantile,0.15,6.4635377
3/6/2023,3 wk ahead inc flu hosp,3/25/2023,8,quantile,0.2,7.960837509
3/6/2023,3 wk ahead inc flu hosp,3/25/2023,8,quantile,0.25,9.428660568
3/6/2023,3 wk ahead inc flu hosp,3/25/2023,8,quantile,0.3,10.90509841
3/6/2023,3 wk ahead inc flu hosp,3/25/2023,8,quantile,0.35,12.41814629
3/6/2023,3 wk ahead inc flu hosp,3/25/2023,8,quantile,0.4,13.99244911
3/6/2023,3 wk ahead inc flu hosp,3/25/2023,8,quantile,0.45,15.65293507
3/6/2023,3 wk ahead inc flu hosp,3/25/2023,8,quantile,0.5,17.4275869
3/6/2023,3 wk ahead inc flu hosp,3/25/2023,8,quantile,0.55,19.35038156
3/6/2023,3 wk ahead inc flu hosp,3/25/2023,8,quantile,0.6,21.46525111
3/6/2023,3 wk ahead inc flu hosp,3/25/2023,8,quantile,0.65,23.83228041
3/6/2023,3 wk ahead inc flu hosp,3/25/2023,8,quantile,0.7,26.53847564
3/6/2023,3 wk ahead inc flu hosp,3/25/2023,8,quantile,0.75,29.71836259
3/6/2023,3 wk ahead inc flu hosp,3/25/2023,8,quantile,0.8,33.59804872
3/6/2023,3 wk ahead inc flu hosp,3/25/2023,8,quantile,0.85,38.60482766
3/6/2023,3 wk ahead inc flu hosp,3/25/2023,8,quantile,0.9,45.71058053
3/6/2023,3 wk ahead inc flu hosp,3/25/2023,8,quantile,0.95,58.08323096
3/6/2023,3 wk ahead inc flu hosp,3/25/2023,8,quantile,0.975,70.82065493
3/6/2023,3 wk ahead inc flu hosp,3/25/2023,8,quantile,0.99,88.29714411
3/6/2023,3 wk ahead inc flu hosp,3/25/2023,9,point,NA,11.38305366
3/6/2023,3 wk ahead inc flu hosp,3/25/2023,9,quantile,0.01,0
3/6/2023,3 wk ahead inc flu hosp,3/25/2023,9,quantile,0.025,0.610229378
3/6/2023,3 wk ahead inc flu hosp,3/25/2023,9,quantile,0.05,1.494627536
3/6/2023,3 wk ahead inc flu hosp,3/25/2023,9,quantile,0.1,2.856537805
3/6/2023,3 wk ahead inc flu hosp,3/25/2023,9,quantile,0.15,4.009098441
3/6/2023,3 wk ahead inc flu hosp,3/25/2023,9,quantile,0.2,5.072653273
3/6/2023,3 wk ahead inc flu hosp,3/25/2023,9,quantile,0.25,6.096268178
3/6/2023,3 wk ahead inc flu hosp,3/25/2023,9,quantile,0.3,7.107678604
3/6/2023,3 wk ahead inc flu hosp,3/25/2023,9,quantile,0.35,8.126267035
3/6/2023,3 wk ahead inc flu hosp,3/25/2023,9,quantile,0.4,9.168054157
3/6/2023,3 wk ahead inc flu hosp,3/25/2023,9,quantile,0.45,10.24825616
3/6/2023,3 wk ahead inc flu hosp,3/25/2023,9,quantile,0.5,11.38305366
3/6/2023,3 wk ahead inc flu hosp,3/25/2023,9,quantile,0.55,12.59127577
3/6/2023,3 wk ahead inc flu hosp,3/25/2023,9,quantile,0.6,13.89649966
3/6/2023,3 wk ahead inc flu hosp,3/25/2023,9,quantile,0.65,15.33019518
3/6/2023,3 wk ahead inc flu hosp,3/25/2023,9,quantile,0.7,16.93705886
3/6/2023,3 wk ahead inc flu hosp,3/25/2023,9,quantile,0.75,18.78506069
3/6/2023,3 wk ahead inc flu hosp,3/25/2023,9,quantile,0.8,20.98666364
3/6/2023,3 wk ahead inc flu hosp,3/25/2023,9,quantile,0.85,23.75092296
3/6/2023,3 wk ahead inc flu hosp,3/25/2023,9,quantile,0.9,27.54418539
3/6/2023,3 wk ahead inc flu hosp,3/25/2023,9,quantile,0.95,33.84589936
3/6/2023,3 wk ahead inc flu hosp,3/25/2023,9,quantile,0.975,40.0060116
3/6/2023,3 wk ahead inc flu hosp,3/25/2023,9,quantile,0.99,48.0283912
3/6/2023,3 wk ahead inc flu hosp,3/25/2023,10,point,NA,3.001050743
3/6/2023,3 wk ahead inc flu hosp,3/25/2023,10,quantile,0.01,0
3/6/2023,3 wk ahead inc flu hosp,3/25/2023,10,quantile,0.025,0
3/6/2023,3 wk ahead inc flu hosp,3/25/2023,10,quantile,0.05,0.102436023
3/6/2023,3 wk ahead inc flu hosp,3/25/2023,10,quantile,0.1,0.510140936
3/6/2023,3 wk ahead inc flu hosp,3/25/2023,10,quantile,0.15,0.847526438
3/6/2023,3 wk ahead inc flu hosp,3/25/2023,10,quantile,0.2,1.156531099
3/6/2023,3 wk ahead inc flu hosp,3/25/2023,10,quantile,0.25,1.453387011
3/6/2023,3 wk ahead inc flu hosp,3/25/2023,10,quantile,0.3,1.747022276
3/6/2023,3 wk ahead inc flu hosp,3/25/2023,10,quantile,0.35,2.043593034
3/6/2023,3 wk ahead inc flu hosp,3/25/2023,10,quantile,0.4,2.348171941
3/6/2023,3 wk ahead inc flu hosp,3/25/2023,10,quantile,0.45,2.665596338
3/6/2023,3 wk ahead inc flu hosp,3/25/2023,10,quantile,0.5,3.001050743
3/6/2023,3 wk ahead inc flu hosp,3/25/2023,10,quantile,0.55,3.360623985
3/6/2023,3 wk ahead inc flu hosp,3/25/2023,10,quantile,0.6,3.752010605
3/6/2023,3 wk ahead inc flu hosp,3/25/2023,10,quantile,0.65,4.185571302
3/6/2023,3 wk ahead inc flu hosp,3/25/2023,10,quantile,0.7,4.676146015
3/6/2023,3 wk ahead inc flu hosp,3/25/2023,10,quantile,0.75,5.246493668
3/6/2023,3 wk ahead inc flu hosp,3/25/2023,10,quantile,0.8,5.934611129
3/6/2023,3 wk ahead inc flu hosp,3/25/2023,10,quantile,0.85,6.811854613
3/6/2023,3 wk ahead inc flu hosp,3/25/2023,10,quantile,0.9,8.039423068
3/6/2023,3 wk ahead inc flu hosp,3/25/2023,10,quantile,0.95,10.13807722
3/6/2023,3 wk ahead inc flu hosp,3/25/2023,10,quantile,0.975,12.2585953
3/6/2023,3 wk ahead inc flu hosp,3/25/2023,10,quantile,0.99,15.11777582
3/6/2023,3 wk ahead inc flu hosp,3/25/2023,11,point,NA,3.614343139
3/6/2023,3 wk ahead inc flu hosp,3/25/2023,11,quantile,0.01,0
3/6/2023,3 wk ahead inc flu hosp,3/25/2023,11,quantile,0.025,0
3/6/2023,3 wk ahead inc flu hosp,3/25/2023,11,quantile,0.05,0.308241308
3/6/2023,3 wk ahead inc flu hosp,3/25/2023,11,quantile,0.1,0.778398377
3/6/2023,3 wk ahead inc flu hosp,3/25/2023,11,quantile,0.15,1.16560106
3/6/2023,3 wk ahead inc flu hosp,3/25/2023,11,quantile,0.2,1.519096829
3/6/2023,3 wk ahead inc flu hosp,3/25/2023,11,quantile,0.25,1.857852875
3/6/2023,3 wk ahead inc flu hosp,3/25/2023,11,quantile,0.3,2.192241896
3/6/2023,3 wk ahead inc flu hosp,3/25/2023,11,quantile,0.35,2.529366037
3/6/2023,3 wk ahead inc flu hosp,3/25/2023,11,quantile,0.4,2.875032586
3/6/2023,3 wk ahead inc flu hosp,3/25/2023,11,quantile,0.45,3.234739284
3/6/2023,3 wk ahead inc flu hosp,3/25/2023,11,quantile,0.5,3.614343139
3/6/2023,3 wk ahead inc flu hosp,3/25/2023,11,quantile,0.55,4.020691974
3/6/2023,3 wk ahead inc flu hosp,3/25/2023,11,quantile,0.6,4.462412238
3/6/2023,3 wk ahead inc flu hosp,3/25/2023,11,quantile,0.65,4.951094317
3/6/2023,3 wk ahead inc flu hosp,3/25/2023,11,quantile,0.7,5.503314393
3/6/2023,3 wk ahead inc flu hosp,3/25/2023,11,quantile,0.75,6.144465887
3/6/2023,3 wk ahead inc flu hosp,3/25/2023,11,quantile,0.8,6.916905933
3/6/2023,3 wk ahead inc flu hosp,3/25/2023,11,quantile,0.85,7.900113384
3/6/2023,3 wk ahead inc flu hosp,3/25/2023,11,quantile,0.9,9.273478136
3/6/2023,3 wk ahead inc flu hosp,3/25/2023,11,quantile,0.95,11.61585831
3/6/2023,3 wk ahead inc flu hosp,3/25/2023,11,quantile,0.975,13.97692514
3/6/2023,3 wk ahead inc flu hosp,3/25/2023,11,quantile,0.99,17.15324186
3/6/2023,3 wk ahead inc flu hosp,3/25/2023,12,point,NA,151.6452373
3/6/2023,3 wk ahead inc flu hosp,3/25/2023,12,quantile,0.01,31.01454609
3/6/2023,3 wk ahead inc flu hosp,3/25/2023,12,quantile,0.025,42.16239252
3/6/2023,3 wk ahead inc flu hosp,3/25/2023,12,quantile,0.05,53.73263141
3/6/2023,3 wk ahead inc flu hosp,3/25/2023,12,quantile,0.1,69.60698414
3/6/2023,3 wk ahead inc flu hosp,3/25/2023,12,quantile,0.15,81.99352927
3/6/2023,3 wk ahead inc flu hosp,3/25/2023,12,quantile,0.2,92.87408076
3/6/2023,3 wk ahead inc flu hosp,3/25/2023,12,quantile,0.25,102.9795342
3/6/2023,3 wk ahead inc flu hosp,3/25/2023,12,quantile,0.3,112.6879469
3/6/2023,3 wk ahead inc flu hosp,3/25/2023,12,quantile,0.35,122.2395677
3/6/2023,3 wk ahead inc flu hosp,3/25/2023,12,quantile,0.4,131.8138884
3/6/2023,3 wk ahead inc flu hosp,3/25/2023,12,quantile,0.45,141.5654548
3/6/2023,3 wk ahead inc flu hosp,3/25/2023,12,quantile,0.5,151.6452373
3/6/2023,3 wk ahead inc flu hosp,3/25/2023,12,quantile,0.55,162.2177054
3/6/2023,3 wk ahead inc flu hosp,3/25/2023,12,quantile,0.6,173.4793182
3/6/2023,3 wk ahead inc flu hosp,3/25/2023,12,quantile,0.65,185.6840697
3/6/2023,3 wk ahead inc flu hosp,3/25/2023,12,quantile,0.7,199.1852162
3/6/2023,3 wk ahead inc flu hosp,3/25/2023,12,quantile,0.75,214.5125797
3/6/2023,3 wk ahead inc flu hosp,3/25/2023,12,quantile,0.8,232.5345431
3/6/2023,3 wk ahead inc flu hosp,3/25/2023,12,quantile,0.85,254.8539001
3/6/2023,3 wk ahead inc flu hosp,3/25/2023,12,quantile,0.9,285.0237726
3/6/2023,3 wk ahead inc flu hosp,3/25/2023,12,quantile,0.95,334.2370107
3/6/2023,3 wk ahead inc flu hosp,3/25/2023,12,quantile,0.975,381.5183079
3/6/2023,3 wk ahead inc flu hosp,3/25/2023,12,quantile,0.99,442.1930317
3/6/2023,3 wk ahead inc flu hosp,3/25/2023,13,point,NA,42.16
3/6/2023,3 wk ahead inc flu hosp,3/25/2023,13,quantile,0.01,2.210797561
3/6/2023,3 wk ahead inc flu hosp,3/25/2023,13,quantile,0.025,4.648848627
3/6/2023,3 wk ahead inc flu hosp,3/25/2023,13,quantile,0.05,7.601508429
3/6/2023,3 wk ahead inc flu hosp,3/25/2023,13,quantile,0.1,12.19462728
3/6/2023,3 wk ahead inc flu hosp,3/25/2023,13,quantile,0.15,16.12887787
3/6/2023,3 wk ahead inc flu hosp,3/25/2023,13,quantile,0.2,19.79583746
3/6/2023,3 wk ahead inc flu hosp,3/25/2023,13,quantile,0.25,23.35604282
3/6/2023,3 wk ahead inc flu hosp,3/25/2023,13,quantile,0.3,26.9016916
3/6/2023,3 wk ahead inc flu hosp,3/25/2023,13,quantile,0.35,30.4987903
3/6/2023,3 wk ahead inc flu hosp,3/25/2023,13,quantile,0.4,34.20348525
3/6/2023,3 wk ahead inc flu hosp,3/25/2023,13,quantile,0.45,38.07063406
3/6/2023,3 wk ahead inc flu hosp,3/25/2023,13,quantile,0.5,42.16
3/6/2023,3 wk ahead inc flu hosp,3/25/2023,13,quantile,0.55,46.54244612
3/6/2023,3 wk ahead inc flu hosp,3/25/2023,13,quantile,0.6,51.30793834
3/6/2023,3 wk ahead inc flu hosp,3/25/2023,13,quantile,0.65,56.57777178
3/6/2023,3 wk ahead inc flu hosp,3/25/2023,13,quantile,0.7,62.52552081
3/6/2023,3 wk ahead inc flu hosp,3/25/2023,13,quantile,0.75,69.41672875
3/6/2023,3 wk ahead inc flu hosp,3/25/2023,13,quantile,0.8,77.69309036
3/6/2023,3 wk ahead inc flu hosp,3/25/2023,13,quantile,0.85,88.17997314
3/6/2023,3 wk ahead inc flu hosp,3/25/2023,13,quantile,0.9,102.7295031
3/6/2023,3 wk ahead inc flu hosp,3/25/2023,13,quantile,0.95,127.2650299
3/6/2023,3 wk ahead inc flu hosp,3/25/2023,13,quantile,0.975,151.6394036
3/6/2023,3 wk ahead inc flu hosp,3/25/2023,13,quantile,0.99,183.8902629
3/6/2023,3 wk ahead inc flu hosp,3/25/2023,15,point,NA,2.374146147
3/6/2023,3 wk ahead inc flu hosp,3/25/2023,15,quantile,0.01,0
3/6/2023,3 wk ahead inc flu hosp,3/25/2023,15,quantile,0.025,0
3/6/2023,3 wk ahead inc flu hosp,3/25/2023,15,quantile,0.05,0
3/6/2023,3 wk ahead inc flu hosp,3/25/2023,15,quantile,0.1,0
3/6/2023,3 wk ahead inc flu hosp,3/25/2023,15,quantile,0.15,0.273396052
3/6/2023,3 wk ahead inc flu hosp,3/25/2023,15,quantile,0.2,0.552611216
3/6/2023,3 wk ahead inc flu hosp,3/25/2023,15,quantile,0.25,0.829366896
3/6/2023,3 wk ahead inc flu hosp,3/25/2023,15,quantile,0.3,1.110286979
3/6/2023,3 wk ahead inc flu hosp,3/25/2023,15,quantile,0.35,1.400438264
3/6/2023,3 wk ahead inc flu hosp,3/25/2023,15,quantile,0.4,1.704454634
3/6/2023,3 wk ahead inc flu hosp,3/25/2023,15,quantile,0.45,2.027172275
3/6/2023,3 wk ahead inc flu hosp,3/25/2023,15,quantile,0.5,2.374146147
3/6/2023,3 wk ahead inc flu hosp,3/25/2023,15,quantile,0.55,2.752228529
3/6/2023,3 wk ahead inc flu hosp,3/25/2023,15,quantile,0.6,3.170373643
3/6/2023,3 wk ahead inc flu hosp,3/25/2023,15,quantile,0.65,3.64091595
3/6/2023,3 wk ahead inc flu hosp,3/25/2023,15,quantile,0.7,4.181806859
3/6/2023,3 wk ahead inc flu hosp,3/25/2023,15,quantile,0.75,4.820909136
3/6/2023,3 wk ahead inc flu hosp,3/25/2023,15,quantile,0.8,5.605206569
3/6/2023,3 wk ahead inc flu hosp,3/25/2023,15,quantile,0.85,6.623766364
3/6/2023,3 wk ahead inc flu hosp,3/25/2023,15,quantile,0.9,8.079871868
3/6/2023,3 wk ahead inc flu hosp,3/25/2023,15,quantile,0.95,10.63917104
3/6/2023,3 wk ahead inc flu hosp,3/25/2023,15,quantile,0.975,13.29908009
3/6/2023,3 wk ahead inc flu hosp,3/25/2023,15,quantile,0.99,16.98093988
3/6/2023,3 wk ahead inc flu hosp,3/25/2023,16,point,NA,2.661010431
3/6/2023,3 wk ahead inc flu hosp,3/25/2023,16,quantile,0.01,0
3/6/2023,3 wk ahead inc flu hosp,3/25/2023,16,quantile,0.025,0
3/6/2023,3 wk ahead inc flu hosp,3/25/2023,16,quantile,0.05,0
3/6/2023,3 wk ahead inc flu hosp,3/25/2023,16,quantile,0.1,0.009340848
3/6/2023,3 wk ahead inc flu hosp,3/25/2023,16,quantile,0.15,0.326855403
3/6/2023,3 wk ahead inc flu hosp,3/25/2023,16,quantile,0.2,0.632300127
3/6/2023,3 wk ahead inc flu hosp,3/25/2023,16,quantile,0.25,0.936977629
3/6/2023,3 wk ahead inc flu hosp,3/25/2023,16,quantile,0.3,1.247847908
3/6/2023,3 wk ahead inc flu hosp,3/25/2023,16,quantile,0.35,1.570367874
3/6/2023,3 wk ahead inc flu hosp,3/25/2023,16,quantile,0.4,1.909640969
3/6/2023,3 wk ahead inc flu hosp,3/25/2023,16,quantile,0.45,2.271087381
3/6/2023,3 wk ahead inc flu hosp,3/25/2023,16,quantile,0.5,2.661010431
3/6/2023,3 wk ahead inc flu hosp,3/25/2023,16,quantile,0.55,3.087250471
3/6/2023,3 wk ahead inc flu hosp,3/25/2023,16,quantile,0.6,3.560109453
3/6/2023,3 wk ahead inc flu hosp,3/25/2023,16,quantile,0.65,4.093831127
3/6/2023,3 wk ahead inc flu hosp,3/25/2023,16,quantile,0.7,4.709200282
3/6/2023,3 wk ahead inc flu hosp,3/25/2023,16,quantile,0.75,5.4385428
3/6/2023,3 wk ahead inc flu hosp,3/25/2023,16,quantile,0.8,6.336463071
3/6/2023,3 wk ahead inc flu hosp,3/25/2023,16,quantile,0.85,7.506649044
3/6/2023,3 wk ahead inc flu hosp,3/25/2023,16,quantile,0.9,9.186195956
3/6/2023,3 wk ahead inc flu hosp,3/25/2023,16,quantile,0.95,12.15339046
3/6/2023,3 wk ahead inc flu hosp,3/25/2023,16,quantile,0.975,15.25317711
3/6/2023,3 wk ahead inc flu hosp,3/25/2023,16,quantile,0.99,19.56438274
3/6/2023,3 wk ahead inc flu hosp,3/25/2023,17,point,NA,30.15512103
3/6/2023,3 wk ahead inc flu hosp,3/25/2023,17,quantile,0.01,0.428587387
3/6/2023,3 wk ahead inc flu hosp,3/25/2023,17,quantile,0.025,1.954613176
3/6/2023,3 wk ahead inc flu hosp,3/25/2023,17,quantile,0.05,3.947281005
3/6/2023,3 wk ahead inc flu hosp,3/25/2023,17,quantile,0.1,7.211913917
3/6/2023,3 wk ahead inc flu hosp,3/25/2023,17,quantile,0.15,10.10276583
3/6/2023,3 wk ahead inc flu hosp,3/25/2023,17,quantile,0.2,12.84853887
3/6/2023,3 wk ahead inc flu hosp,3/25/2023,17,quantile,0.25,15.54918348
3/6/2023,3 wk ahead inc flu hosp,3/25/2023,17,quantile,0.3,18.26527606
3/6/2023,3 wk ahead inc flu hosp,3/25/2023,17,quantile,0.35,21.04247922
3/6/2023,3 wk ahead inc flu hosp,3/25/2023,17,quantile,0.4,23.92149149
3/6/2023,3 wk ahead inc flu hosp,3/25/2023,17,quantile,0.45,26.94361626
3/6/2023,3 wk ahead inc flu hosp,3/25/2023,17,quantile,0.5,30.15512103
3/6/2023,3 wk ahead inc flu hosp,3/25/2023,17,quantile,0.55,33.61191269
3/6/2023,3 wk ahead inc flu hosp,3/25/2023,17,quantile,0.6,37.38583861
3/6/2023,3 wk ahead inc flu hosp,3/25/2023,17,quantile,0.65,41.57450618
3/6/2023,3 wk ahead inc flu hosp,3/25/2023,17,quantile,0.7,46.31824933
3/6/2023,3 wk ahead inc flu hosp,3/25/2023,17,quantile,0.75,51.83237958
3/6/2023,3 wk ahead inc flu hosp,3/25/2023,17,quantile,0.8,58.47568749
3/6/2023,3 wk ahead inc flu hosp,3/25/2023,17,quantile,0.85,66.91942442
3/6/2023,3 wk ahead inc flu hosp,3/25/2023,17,quantile,0.9,78.67120273
3/6/2023,3 wk ahead inc flu hosp,3/25/2023,17,quantile,0.95,98.55635275
3/6/2023,3 wk ahead inc flu hosp,3/25/2023,17,quantile,0.975,118.3651416
3/6/2023,3 wk ahead inc flu hosp,3/25/2023,17,quantile,0.99,144.6232539
3/6/2023,3 wk ahead inc flu hosp,3/25/2023,18,point,NA,38.85491705
3/6/2023,3 wk ahead inc flu hosp,3/25/2023,18,quantile,0.01,0
3/6/2023,3 wk ahead inc flu hosp,3/25/2023,18,quantile,0.025,1.41965478
3/6/2023,3 wk ahead inc flu hosp,3/25/2023,18,quantile,0.05,4.15320862
3/6/2023,3 wk ahead inc flu hosp,3/25/2023,18,quantile,0.1,8.760712865
3/6/2023,3 wk ahead inc flu hosp,3/25/2023,18,quantile,0.15,12.80268056
3/6/2023,3 wk ahead inc flu hosp,3/25/2023,18,quantile,0.2,16.57378026
3/6/2023,3 wk ahead inc flu hosp,3/25/2023,18,quantile,0.25,20.21398925
3/6/2023,3 wk ahead inc flu hosp,3/25/2023,18,quantile,0.3,23.8082419
3/6/2023,3 wk ahead inc flu hosp,3/25/2023,18,quantile,0.35,27.41819298
3/6/2023,3 wk ahead inc flu hosp,3/25/2023,18,quantile,0.4,31.09574311
3/6/2023,3 wk ahead inc flu hosp,3/25/2023,18,quantile,0.45,34.89045389
3/6/2023,3 wk ahead inc flu hosp,3/25/2023,18,quantile,0.5,38.85491705
3/6/2023,3 wk ahead inc flu hosp,3/25/2023,18,quantile,0.55,43.04998791
3/6/2023,3 wk ahead inc flu hosp,3/25/2023,18,quantile,0.6,47.55135183
3/6/2023,3 wk ahead inc flu hosp,3/25/2023,18,quantile,0.65,52.45934393
3/6/2023,3 wk ahead inc flu hosp,3/25/2023,18,quantile,0.7,57.91553977
3/6/2023,3 wk ahead inc flu hosp,3/25/2023,18,quantile,0.75,64.13386365
3/6/2023,3 wk ahead inc flu hosp,3/25/2023,18,quantile,0.8,71.46596934
3/6/2023,3 wk ahead inc flu hosp,3/25/2023,18,quantile,0.85,80.56086564
3/6/2023,3 wk ahead inc flu hosp,3/25/2023,18,quantile,0.9,92.85385529
3/6/2023,3 wk ahead inc flu hosp,3/25/2023,18,quantile,0.95,112.8431968
3/6/2023,3 wk ahead inc flu hosp,3/25/2023,18,quantile,0.975,131.9215384
3/6/2023,3 wk ahead inc flu hosp,3/25/2023,18,quantile,0.99,156.1739913
3/6/2023,3 wk ahead inc flu hosp,3/25/2023,19,point,NA,5.288675743
3/6/2023,3 wk ahead inc flu hosp,3/25/2023,19,quantile,0.01,0
3/6/2023,3 wk ahead inc flu hosp,3/25/2023,19,quantile,0.025,0.007834293
3/6/2023,3 wk ahead inc flu hosp,3/25/2023,19,quantile,0.05,0.429897964
3/6/2023,3 wk ahead inc flu hosp,3/25/2023,19,quantile,0.1,1.07421898
3/6/2023,3 wk ahead inc flu hosp,3/25/2023,19,quantile,0.15,1.622494953
3/6/2023,3 wk ahead inc flu hosp,3/25/2023,19,quantile,0.2,2.133431282
3/6/2023,3 wk ahead inc flu hosp,3/25/2023,19,quantile,0.25,2.630542818
3/6/2023,3 wk ahead inc flu hosp,3/25/2023,19,quantile,0.3,3.127229342
3/6/2023,3 wk ahead inc flu hosp,3/25/2023,19,quantile,0.35,3.633101625
3/6/2023,3 wk ahead inc flu hosp,3/25/2023,19,quantile,0.4,4.156401409
3/6/2023,3 wk ahead inc flu hosp,3/25/2023,19,quantile,0.45,4.705270042
3/6/2023,3 wk ahead inc flu hosp,3/25/2023,19,quantile,0.5,5.288675743
3/6/2023,3 wk ahead inc flu hosp,3/25/2023,19,quantile,0.55,5.91735735
3/6/2023,3 wk ahead inc flu hosp,3/25/2023,19,quantile,0.6,6.605062082
3/6/2023,3 wk ahead inc flu hosp,3/25/2023,19,quantile,0.65,7.370455298
3/6/2023,3 wk ahead inc flu hosp,3/25/2023,19,quantile,0.7,8.240414607
3/6/2023,3 wk ahead inc flu hosp,3/25/2023,19,quantile,0.75,9.256303095
3/6/2023,3 wk ahead inc flu hosp,3/25/2023,19,quantile,0.8,10.48734123
3/6/2023,3 wk ahead inc flu hosp,3/25/2023,19,quantile,0.85,12.0637515
3/6/2023,3 wk ahead inc flu hosp,3/25/2023,19,quantile,0.9,14.28016595
3/6/2023,3 wk ahead inc flu hosp,3/25/2023,19,quantile,0.95,18.08995667
3/6/2023,3 wk ahead inc flu hosp,3/25/2023,19,quantile,0.975,21.95752372
3/6/2023,3 wk ahead inc flu hosp,3/25/2023,19,quantile,0.99,27.19051002
3/6/2023,3 wk ahead inc flu hosp,3/25/2023,20,point,NA,5.003396863
3/6/2023,3 wk ahead inc flu hosp,3/25/2023,20,quantile,0.01,0
3/6/2023,3 wk ahead inc flu hosp,3/25/2023,20,quantile,0.025,0.31536091
3/6/2023,3 wk ahead inc flu hosp,3/25/2023,20,quantile,0.05,0.743468196
3/6/2023,3 wk ahead inc flu hosp,3/25/2023,20,quantile,0.1,1.363245178
3/6/2023,3 wk ahead inc flu hosp,3/25/2023,20,quantile,0.15,1.86940634
3/6/2023,3 wk ahead inc flu hosp,3/25/2023,20,quantile,0.2,2.328527003
3/6/2023,3 wk ahead inc flu hosp,3/25/2023,20,quantile,0.25,2.766087334
3/6/2023,3 wk ahead inc flu hosp,3/25/2023,20,quantile,0.3,3.195878905
3/6/2023,3 wk ahead inc flu hosp,3/25/2023,20,quantile,0.35,3.627206626
3/6/2023,3 wk ahead inc flu hosp,3/25/2023,20,quantile,0.4,4.067545357
3/6/2023,3 wk ahead inc flu hosp,3/25/2023,20,quantile,0.45,4.52384567
3/6/2023,3 wk ahead inc flu hosp,3/25/2023,20,quantile,0.5,5.003396863
3/6/2023,3 wk ahead inc flu hosp,3/25/2023,20,quantile,0.55,5.514616386
3/6/2023,3 wk ahead inc flu hosp,3/25/2023,20,quantile,0.6,6.06801078
3/6/2023,3 wk ahead inc flu hosp,3/25/2023,20,quantile,0.65,6.677601489
3/6/2023,3 wk ahead inc flu hosp,3/25/2023,20,quantile,0.7,7.36333953
3/6/2023,3 wk ahead inc flu hosp,3/25/2023,20,quantile,0.75,8.155662452
3/6/2023,3 wk ahead inc flu hosp,3/25/2023,20,quantile,0.8,9.105154047
3/6/2023,3 wk ahead inc flu hosp,3/25/2023,20,quantile,0.85,10.30637706
3/6/2023,3 wk ahead inc flu hosp,3/25/2023,20,quantile,0.9,11.97185563
3/6/2023,3 wk ahead inc flu hosp,3/25/2023,20,quantile,0.95,14.78333152
3/6/2023,3 wk ahead inc flu hosp,3/25/2023,20,quantile,0.975,17.58535412
3/6/2023,3 wk ahead inc flu hosp,3/25/2023,20,quantile,0.99,21.31224866
3/6/2023,3 wk ahead inc flu hosp,3/25/2023,21,point,NA,13.47610026
3/6/2023,3 wk ahead inc flu hosp,3/25/2023,21,quantile,0.01,0.632731697
3/6/2023,3 wk ahead inc flu hosp,3/25/2023,21,quantile,0.025,1.468535311
3/6/2023,3 wk ahead inc flu hosp,3/25/2023,21,quantile,0.05,2.433903718
3/6/2023,3 wk ahead inc flu hosp,3/25/2023,21,quantile,0.1,3.898949355
3/6/2023,3 wk ahead inc flu hosp,3/25/2023,21,quantile,0.15,5.142516273
3/6/2023,3 wk ahead inc flu hosp,3/25/2023,21,quantile,0.2,6.300868936
3/6/2023,3 wk ahead inc flu hosp,3/25/2023,21,quantile,0.25,7.428257468
3/6/2023,3 wk ahead inc flu hosp,3/25/2023,21,quantile,0.3,8.555526424
3/6/2023,3 wk ahead inc flu hosp,3/25/2023,21,quantile,0.35,9.704804616
3/6/2023,3 wk ahead inc flu hosp,3/25/2023,21,quantile,0.4,10.89510654
3/6/2023,3 wk ahead inc flu hosp,3/25/2023,21,quantile,0.45,12.14526829
3/6/2023,3 wk ahead inc flu hosp,3/25/2023,21,quantile,0.5,13.47610026
3/6/2023,3 wk ahead inc flu hosp,3/25/2023,21,quantile,0.55,14.91258898
3/6/2023,3 wk ahead inc flu hosp,3/25/2023,21,quantile,0.6,16.48679679
3/6/2023,3 wk ahead inc flu hosp,3/25/2023,21,quantile,0.65,18.24234879
3/6/2023,3 wk ahead inc flu hosp,3/25/2023,21,quantile,0.7,20.24218813
3/6/2023,3 wk ahead inc flu hosp,3/25/2023,21,quantile,0.75,22.58337065
3/6/2023,3 wk ahead inc flu hosp,3/25/2023,21,quantile,0.8,25.42865583
3/6/2023,3 wk ahead inc flu hosp,3/25/2023,21,quantile,0.85,29.0849643
3/6/2023,3 wk ahead inc flu hosp,3/25/2023,21,quantile,0.9,34.24875526
3/6/2023,3 wk ahead inc flu hosp,3/25/2023,21,quantile,0.95,43.18319662
3/6/2023,3 wk ahead inc flu hosp,3/25/2023,21,quantile,0.975,52.32195403
3/6/2023,3 wk ahead inc flu hosp,3/25/2023,21,quantile,0.99,64.78592008
3/6/2023,3 wk ahead inc flu hosp,3/25/2023,22,point,NA,18.6533874
3/6/2023,3 wk ahead inc flu hosp,3/25/2023,22,quantile,0.01,2.536078239
3/6/2023,3 wk ahead inc flu hosp,3/25/2023,22,quantile,0.025,3.894133778
3/6/2023,3 wk ahead inc flu hosp,3/25/2023,22,quantile,0.05,5.344072149
3/6/2023,3 wk ahead inc flu hosp,3/25/2023,22,quantile,0.1,7.388121575
3/6/2023,3 wk ahead inc flu hosp,3/25/2023,22,quantile,0.15,9.020257211
3/6/2023,3 wk ahead inc flu hosp,3/25/2023,22,quantile,0.2,10.47738519
3/6/2023,3 wk ahead inc flu hosp,3/25/2023,22,quantile,0.25,11.8484597
3/6/2023,3 wk ahead inc flu hosp,3/25/2023,22,quantile,0.3,13.18048721
3/6/2023,3 wk ahead inc flu hosp,3/25/2023,22,quantile,0.35,14.50419563
3/6/2023,3 wk ahead inc flu hosp,3/25/2023,22,quantile,0.4,15.84335863
3/6/2023,3 wk ahead inc flu hosp,3/25/2023,22,quantile,0.45,17.21924207
3/6/2023,3 wk ahead inc flu hosp,3/25/2023,22,quantile,0.5,18.6533874
3/6/2023,3 wk ahead inc flu hosp,3/25/2023,22,quantile,0.55,20.16998947
3/6/2023,3 wk ahead inc flu hosp,3/25/2023,22,quantile,0.6,21.79863354
3/6/2023,3 wk ahead inc flu hosp,3/25/2023,22,quantile,0.65,23.57822586
3/6/2023,3 wk ahead inc flu hosp,3/25/2023,22,quantile,0.7,25.5635425
3/6/2023,3 wk ahead inc flu hosp,3/25/2023,22,quantile,0.75,27.83748381
3/6/2023,3 wk ahead inc flu hosp,3/25/2023,22,quantile,0.8,30.5369099
3/6/2023,3 wk ahead inc flu hosp,3/25/2023,22,quantile,0.85,33.91608199
3/6/2023,3 wk ahead inc flu hosp,3/25/2023,22,quantile,0.9,38.54256553
3/6/2023,3 wk ahead inc flu hosp,3/25/2023,22,quantile,0.95,46.2205705
3/6/2023,3 wk ahead inc flu hosp,3/25/2023,22,quantile,0.975,53.73459497
3/6/2023,3 wk ahead inc flu hosp,3/25/2023,22,quantile,0.99,63.55238274
3/6/2023,3 wk ahead inc flu hosp,3/25/2023,23,point,NA,3.172222259
3/6/2023,3 wk ahead inc flu hosp,3/25/2023,23,quantile,0.01,0
3/6/2023,3 wk ahead inc flu hosp,3/25/2023,23,quantile,0.025,0
3/6/2023,3 wk ahead inc flu hosp,3/25/2023,23,quantile,0.05,0
3/6/2023,3 wk ahead inc flu hosp,3/25/2023,23,quantile,0.1,0.236244021
3/6/2023,3 wk ahead inc flu hosp,3/25/2023,23,quantile,0.15,0.607179709
3/6/2023,3 wk ahead inc flu hosp,3/25/2023,23,quantile,0.2,0.957431928
3/6/2023,3 wk ahead inc flu hosp,3/25/2023,23,quantile,0.25,1.301365849
3/6/2023,3 wk ahead inc flu hosp,3/25/2023,23,quantile,0.3,1.647436924
3/6/2023,3 wk ahead inc flu hosp,3/25/2023,23,quantile,0.35,2.001914542
3/6/2023,3 wk ahead inc flu hosp,3/25/2023,23,quantile,0.4,2.370344318
3/6/2023,3 wk ahead inc flu hosp,3/25/2023,23,quantile,0.45,2.75834514
3/6/2023,3 wk ahead inc flu hosp,3/25/2023,23,quantile,0.5,3.172222259
3/6/2023,3 wk ahead inc flu hosp,3/25/2023,23,quantile,0.55,3.619620131
3/6/2023,3 wk ahead inc flu hosp,3/25/2023,23,quantile,0.6,4.110402091
3/6/2023,3 wk ahead inc flu hosp,3/25/2023,23,quantile,0.65,4.658024671
3/6/2023,3 wk ahead inc flu hosp,3/25/2023,23,quantile,0.7,5.281920162
3/6/2023,3 wk ahead inc flu hosp,3/25/2023,23,quantile,0.75,6.012042466
3/6/2023,3 wk ahead inc flu hosp,3/25/2023,23,quantile,0.8,6.898562879
3/6/2023,3 wk ahead inc flu hosp,3/25/2023,23,quantile,0.85,8.035905137
3/6/2023,3 wk ahead inc flu hosp,3/25/2023,23,quantile,0.9,9.63772082
3/6/2023,3 wk ahead inc flu hosp,3/25/2023,23,quantile,0.95,12.39516294
3/6/2023,3 wk ahead inc flu hosp,3/25/2023,23,quantile,0.975,15.19632835
3/6/2023,3 wk ahead inc flu hosp,3/25/2023,23,quantile,0.99,18.9856064
3/6/2023,3 wk ahead inc flu hosp,3/25/2023,24,point,NA,10.32959083
3/6/2023,3 wk ahead inc flu hosp,3/25/2023,24,quantile,0.01,0
3/6/2023,3 wk ahead inc flu hosp,3/25/2023,24,quantile,0.025,0
3/6/2023,3 wk ahead inc flu hosp,3/25/2023,24,quantile,0.05,0.086210097
3/6/2023,3 wk ahead inc flu hosp,3/25/2023,24,quantile,0.1,1.12830999
3/6/2023,3 wk ahead inc flu hosp,3/25/2023,24,quantile,0.15,2.140890733
3/6/2023,3 wk ahead inc flu hosp,3/25/2023,24,quantile,0.2,3.158362576
3/6/2023,3 wk ahead inc flu hosp,3/25/2023,24,quantile,0.25,4.200882683
3/6/2023,3 wk ahead inc flu hosp,3/25/2023,24,quantile,0.3,5.283974688
3/6/2023,3 wk ahead inc flu hosp,3/25/2023,24,quantile,0.35,6.422028699
3/6/2023,3 wk ahead inc flu hosp,3/25/2023,24,quantile,0.4,7.63016427
3/6/2023,3 wk ahead inc flu hosp,3/25/2023,24,quantile,0.45,8.925677281
3/6/2023,3 wk ahead inc flu hosp,3/25/2023,24,quantile,0.5,10.32959083
3/6/2023,3 wk ahead inc flu hosp,3/25/2023,24,quantile,0.55,11.86871059
3/6/2023,3 wk ahead inc flu hosp,3/25/2023,24,quantile,0.6,13.57871392
3/6/2023,3 wk ahead inc flu hosp,3/25/2023,24,quantile,0.65,15.50920763
3/6/2023,3 wk ahead inc flu hosp,3/25/2023,24,quantile,0.7,17.73266413
3/6/2023,3 wk ahead inc flu hosp,3/25/2023,24,quantile,0.75,20.36160306
3/6/2023,3 wk ahead inc flu hosp,3/25/2023,24,quantile,0.8,23.58536026
3/6/2023,3 wk ahead inc flu hosp,3/25/2023,24,quantile,0.85,27.76139572
3/6/2023,3 wk ahead inc flu hosp,3/25/2023,24,quantile,0.9,33.70048308
3/6/2023,3 wk ahead inc flu hosp,3/25/2023,24,quantile,0.95,44.03121222
3/6/2023,3 wk ahead inc flu hosp,3/25/2023,24,quantile,0.975,54.61168699
3/6/2023,3 wk ahead inc flu hosp,3/25/2023,24,quantile,0.99,68.99933273
3/6/2023,3 wk ahead inc flu hosp,3/25/2023,25,point,NA,14.92874287
3/6/2023,3 wk ahead inc flu hosp,3/25/2023,25,quantile,0.01,0.618203018
3/6/2023,3 wk ahead inc flu hosp,3/25/2023,25,quantile,0.025,1.617057625
3/6/2023,3 wk ahead inc flu hosp,3/25/2023,25,quantile,0.05,2.767947581
3/6/2023,3 wk ahead inc flu hosp,3/25/2023,25,quantile,0.1,4.488557504
3/6/2023,3 wk ahead inc flu hosp,3/25/2023,25,quantile,0.15,5.920272641
3/6/2023,3 wk ahead inc flu hosp,3/25/2023,25,quantile,0.2,7.230559549
3/6/2023,3 wk ahead inc flu hosp,3/25/2023,25,quantile,0.25,8.485510718
3/6/2023,3 wk ahead inc flu hosp,3/25/2023,25,quantile,0.3,9.721657093
3/6/2023,3 wk ahead inc flu hosp,3/25/2023,25,quantile,0.35,10.96405776
3/6/2023,3 wk ahead inc flu hosp,3/25/2023,25,quantile,0.4,12.23310638
3/6/2023,3 wk ahead inc flu hosp,3/25/2023,25,quantile,0.45,13.54794093
3/6/2023,3 wk ahead inc flu hosp,3/25/2023,25,quantile,0.5,14.92874287
3/6/2023,3 wk ahead inc flu hosp,3/25/2023,25,quantile,0.55,16.39887584
3/6/2023,3 wk ahead inc flu hosp,3/25/2023,25,quantile,0.6,17.98751367
3/6/2023,3 wk ahead inc flu hosp,3/25/2023,25,quantile,0.65,19.73355141
3/6/2023,3 wk ahead inc flu hosp,3/25/2023,25,quantile,0.7,21.6922263
3/6/2023,3 wk ahead inc flu hosp,3/25/2023,25,quantile,0.75,23.94758904
3/6/2023,3 wk ahead inc flu hosp,3/25/2023,25,quantile,0.8,26.63886796
3/6/2023,3 wk ahead inc flu hosp,3/25/2023,25,quantile,0.85,30.02529141
3/6/2023,3 wk ahead inc flu hosp,3/25/2023,25,quantile,0.9,34.68641627
3/6/2023,3 wk ahead inc flu hosp,3/25/2023,25,quantile,0.95,42.46702868
3/6/2023,3 wk ahead inc flu hosp,3/25/2023,25,quantile,0.975,50.11744533
3/6/2023,3 wk ahead inc flu hosp,3/25/2023,25,quantile,0.99,60.14469542
3/6/2023,3 wk ahead inc flu hosp,3/25/2023,26,point,NA,33.61962353
3/6/2023,3 wk ahead inc flu hosp,3/25/2023,26,quantile,0.01,3.326528942
3/6/2023,3 wk ahead inc flu hosp,3/25/2023,26,quantile,0.025,5.415235245
3/6/2023,3 wk ahead inc flu hosp,3/25/2023,26,quantile,0.05,7.786527182
3/6/2023,3 wk ahead inc flu hosp,3/25/2023,26,quantile,0.1,11.3275315
3/6/2023,3 wk ahead inc flu hosp,3/25/2023,26,quantile,0.15,14.29333086
3/6/2023,3 wk ahead inc flu hosp,3/25/2023,26,quantile,0.2,17.03038686
3/6/2023,3 wk ahead inc flu hosp,3/25/2023,26,quantile,0.25,19.67467732
3/6/2023,3 wk ahead inc flu hosp,3/25/2023,26,quantile,0.3,22.3021008
3/6/2023,3 wk ahead inc flu hosp,3/25/2023,26,quantile,0.35,24.96587549
3/6/2023,3 wk ahead inc flu hosp,3/25/2023,26,quantile,0.4,27.71062283
3/6/2023,3 wk ahead inc flu hosp,3/25/2023,26,quantile,0.45,30.57956882
3/6/2023,3 wk ahead inc flu hosp,3/25/2023,26,quantile,0.5,33.61962353
3/6/2023,3 wk ahead inc flu hosp,3/25/2023,26,quantile,0.55,36.88637587
3/6/2023,3 wk ahead inc flu hosp,3/25/2023,26,quantile,0.6,40.45050107
3/6/2023,3 wk ahead inc flu hosp,3/25/2023,26,quantile,0.65,44.40754073
3/6/2023,3 wk ahead inc flu hosp,3/25/2023,26,quantile,0.7,48.8946948
3/6/2023,3 wk ahead inc flu hosp,3/25/2023,26,quantile,0.75,54.12273848
3/6/2023,3 wk ahead inc flu hosp,3/25/2023,26,quantile,0.8,60.44399738
3/6/2023,3 wk ahead inc flu hosp,3/25/2023,26,quantile,0.85,68.52075686
3/6/2023,3 wk ahead inc flu hosp,3/25/2023,26,quantile,0.9,79.85049115
3/6/2023,3 wk ahead inc flu hosp,3/25/2023,26,quantile,0.95,99.27574086
3/6/2023,3 wk ahead inc flu hosp,3/25/2023,26,quantile,0.975,118.9547358
3/6/2023,3 wk ahead inc flu hosp,3/25/2023,26,quantile,0.99,145.544227
3/6/2023,3 wk ahead inc flu hosp,3/25/2023,27,point,NA,13.48276112
3/6/2023,3 wk ahead inc flu hosp,3/25/2023,27,quantile,0.01,0
3/6/2023,3 wk ahead inc flu hosp,3/25/2023,27,quantile,0.025,0
3/6/2023,3 wk ahead inc flu hosp,3/25/2023,27,quantile,0.05,0.068602645
3/6/2023,3 wk ahead inc flu hosp,3/25/2023,27,quantile,0.1,1.325164103
3/6/2023,3 wk ahead inc flu hosp,3/25/2023,27,quantile,0.15,2.599977051
3/6/2023,3 wk ahead inc flu hosp,3/25/2023,27,quantile,0.2,3.910106019
3/6/2023,3 wk ahead inc flu hosp,3/25/2023,27,quantile,0.25,5.27225245
3/6/2023,3 wk ahead inc flu hosp,3/25/2023,27,quantile,0.3,6.702447395
3/6/2023,3 wk ahead inc flu hosp,3/25/2023,27,quantile,0.35,8.217529389
3/6/2023,3 wk ahead inc flu hosp,3/25/2023,27,quantile,0.4,9.836531857
3/6/2023,3 wk ahead inc flu hosp,3/25/2023,27,quantile,0.45,11.58217395
3/6/2023,3 wk ahead inc flu hosp,3/25/2023,27,quantile,0.5,13.48276112
3/6/2023,3 wk ahead inc flu hosp,3/25/2023,27,quantile,0.55,15.57490733
3/6/2023,3 wk ahead inc flu hosp,3/25/2023,27,quantile,0.6,17.90775703
3/6/2023,3 wk ahead inc flu hosp,3/25/2023,27,quantile,0.65,20.54998307
3/6/2023,3 wk ahead inc flu hosp,3/25/2023,27,quantile,0.7,23.60220983
3/6/2023,3 wk ahead inc flu hosp,3/25/2023,27,quantile,0.75,27.22094351
3/6/2023,3 wk ahead inc flu hosp,3/25/2023,27,quantile,0.8,31.66982236
3/6/2023,3 wk ahead inc flu hosp,3/25/2023,27,quantile,0.85,37.44692927
3/6/2023,3 wk ahead inc flu hosp,3/25/2023,27,quantile,0.9,45.68251581
3/6/2023,3 wk ahead inc flu hosp,3/25/2023,27,quantile,0.95,60.0421959
3/6/2023,3 wk ahead inc flu hosp,3/25/2023,27,quantile,0.975,74.77441625
3/6/2023,3 wk ahead inc flu hosp,3/25/2023,27,quantile,0.99,94.82662481
3/6/2023,3 wk ahead inc flu hosp,3/25/2023,28,point,NA,25.21821599
3/6/2023,3 wk ahead inc flu hosp,3/25/2023,28,quantile,0.01,5.59857004
3/6/2023,3 wk ahead inc flu hosp,3/25/2023,28,quantile,0.025,7.423405003
3/6/2023,3 wk ahead inc flu hosp,3/25/2023,28,quantile,0.05,9.29717717
3/6/2023,3 wk ahead inc flu hosp,3/25/2023,28,quantile,0.1,11.85650185
3/6/2023,3 wk ahead inc flu hosp,3/25/2023,28,quantile,0.15,13.85350571
3/6/2023,3 wk ahead inc flu hosp,3/25/2023,28,quantile,0.2,15.61136549
3/6/2023,3 wk ahead inc flu hosp,3/25/2023,28,quantile,0.25,17.24863602
3/6/2023,3 wk ahead inc flu hosp,3/25/2023,28,quantile,0.3,18.82665788
3/6/2023,3 wk ahead inc flu hosp,3/25/2023,28,quantile,0.35,20.38461124
3/6/2023,3 wk ahead inc flu hosp,3/25/2023,28,quantile,0.4,21.95204878
3/6/2023,3 wk ahead inc flu hosp,3/25/2023,28,quantile,0.45,23.55474195
3/6/2023,3 wk ahead inc flu hosp,3/25/2023,28,quantile,0.5,25.21821599
3/6/2023,3 wk ahead inc flu hosp,3/25/2023,28,quantile,0.55,26.97063989
3/6/2023,3 wk ahead inc flu hosp,3/25/2023,28,quantile,0.6,28.84603161
3/6/2023,3 wk ahead inc flu hosp,3/25/2023,28,quantile,0.65,30.88876244
3/6/2023,3 wk ahead inc flu hosp,3/25/2023,28,quantile,0.7,33.16098869
3/6/2023,3 wk ahead inc flu hosp,3/25/2023,28,quantile,0.75,35.75650563
3/6/2023,3 wk ahead inc flu hosp,3/25/2023,28,quantile,0.8,38.82991903
3/6/2023,3 wk ahead inc flu hosp,3/25/2023,28,quantile,0.85,42.66826534
3/6/2023,3 wk ahead inc flu hosp,3/25/2023,28,quantile,0.9,47.91223855
3/6/2023,3 wk ahead inc flu hosp,3/25/2023,28,quantile,0.95,56.59967304
3/6/2023,3 wk ahead inc flu hosp,3/25/2023,28,quantile,0.975,65.09638744
3/6/2023,3 wk ahead inc flu hosp,3/25/2023,28,quantile,0.99,76.20612662
3/6/2023,3 wk ahead inc flu hosp,3/25/2023,29,point,NA,25.64305274
3/6/2023,3 wk ahead inc flu hosp,3/25/2023,29,quantile,0.01,0.92325686
3/6/2023,3 wk ahead inc flu hosp,3/25/2023,29,quantile,0.025,2.413844121
3/6/2023,3 wk ahead inc flu hosp,3/25/2023,29,quantile,0.05,4.227630795
3/6/2023,3 wk ahead inc flu hosp,3/25/2023,29,quantile,0.1,7.059229661
3/6/2023,3 wk ahead inc flu hosp,3/25/2023,29,quantile,0.15,9.490670818
3/6/2023,3 wk ahead inc flu hosp,3/25/2023,29,quantile,0.2,11.76033634
3/6/2023,3 wk ahead inc flu hosp,3/25/2023,29,quantile,0.25,13.9663292
3/6/2023,3 wk ahead inc flu hosp,3/25/2023,29,quantile,0.3,16.1651941
3/6/2023,3 wk ahead inc flu hosp,3/25/2023,29,quantile,0.35,18.39756666
3/6/2023,3 wk ahead inc flu hosp,3/25/2023,29,quantile,0.4,20.69814076
3/6/2023,3 wk ahead inc flu hosp,3/25/2023,29,quantile,0.45,23.10092296
3/6/2023,3 wk ahead inc flu hosp,3/25/2023,29,quantile,0.5,25.64305274
3/6/2023,3 wk ahead inc flu hosp,3/25/2023,29,quantile,0.55,28.36864484
3/6/2023,3 wk ahead inc flu hosp,3/25/2023,29,quantile,0.6,31.33377225
3/6/2023,3 wk ahead inc flu hosp,3/25/2023,29,quantile,0.65,34.61409312
3/6/2023,3 wk ahead inc flu hosp,3/25/2023,29,quantile,0.7,38.31793034
3/6/2023,3 wk ahead inc flu hosp,3/25/2023,29,quantile,0.75,42.61106002
3/6/2023,3 wk ahead inc flu hosp,3/25/2023,29,quantile,0.8,47.76929914
3/6/2023,3 wk ahead inc flu hosp,3/25/2023,29,quantile,0.85,54.30816047
3/6/2023,3 wk ahead inc flu hosp,3/25/2023,29,quantile,0.9,63.38469949
3/6/2023,3 wk ahead inc flu hosp,3/25/2023,29,quantile,0.95,78.70029324
3/6/2023,3 wk ahead inc flu hosp,3/25/2023,29,quantile,0.975,93.92438416
3/6/2023,3 wk ahead inc flu hosp,3/25/2023,29,quantile,0.99,114.0786923
3/6/2023,3 wk ahead inc flu hosp,3/25/2023,30,point,NA,5.564521046
3/6/2023,3 wk ahead inc flu hosp,3/25/2023,30,quantile,0.01,0
3/6/2023,3 wk ahead inc flu hosp,3/25/2023,30,quantile,0.025,0
3/6/2023,3 wk ahead inc flu hosp,3/25/2023,30,quantile,0.05,0.338900005
3/6/2023,3 wk ahead inc flu hosp,3/25/2023,30,quantile,0.1,0.991806981
3/6/2023,3 wk ahead inc flu hosp,3/25/2023,30,quantile,0.15,1.560600066
3/6/2023,3 wk ahead inc flu hosp,3/25/2023,30,quantile,0.2,2.099556016
3/6/2023,3 wk ahead inc flu hosp,3/25/2023,30,quantile,0.25,2.631016475
3/6/2023,3 wk ahead inc flu hosp,3/25/2023,30,quantile,0.3,3.168192799
3/6/2023,3 wk ahead inc flu hosp,3/25/2023,30,quantile,0.35,3.720998933
3/6/2023,3 wk ahead inc flu hosp,3/25/2023,30,quantile,0.4,4.298340264
3/6/2023,3 wk ahead inc flu hosp,3/25/2023,30,quantile,0.45,4.909377087
3/6/2023,3 wk ahead inc flu hosp,3/25/2023,30,quantile,0.5,5.564521046
3/6/2023,3 wk ahead inc flu hosp,3/25/2023,30,quantile,0.55,6.276523602
3/6/2023,3 wk ahead inc flu hosp,3/25/2023,30,quantile,0.6,7.061968249
3/6/2023,3 wk ahead inc flu hosp,3/25/2023,30,quantile,0.65,7.94362513
3/6/2023,3 wk ahead inc flu hosp,3/25/2023,30,quantile,0.7,8.954558085
3/6/2023,3 wk ahead inc flu hosp,3/25/2023,30,quantile,0.75,10.14599686
3/6/2023,3 wk ahead inc flu hosp,3/25/2023,30,quantile,0.8,11.60420007
3/6/2023,3 wk ahead inc flu hosp,3/25/2023,30,quantile,0.85,13.49245507
3/6/2023,3 wk ahead inc flu hosp,3/25/2023,30,quantile,0.9,16.1828551
3/6/2023,3 wk ahead inc flu hosp,3/25/2023,30,quantile,0.95,20.89127351
3/6/2023,3 wk ahead inc flu hosp,3/25/2023,30,quantile,0.975,25.76354626
3/6/2023,3 wk ahead inc flu hosp,3/25/2023,30,quantile,0.99,32.48067165
3/6/2023,3 wk ahead inc flu hosp,3/25/2023,31,point,NA,5.741464378
3/6/2023,3 wk ahead inc flu hosp,3/25/2023,31,quantile,0.01,0
3/6/2023,3 wk ahead inc flu hosp,3/25/2023,31,quantile,0.025,0
3/6/2023,3 wk ahead inc flu hosp,3/25/2023,31,quantile,0.05,0.121726646
3/6/2023,3 wk ahead inc flu hosp,3/25/2023,31,quantile,0.1,0.768248957
3/6/2023,3 wk ahead inc flu hosp,3/25/2023,31,quantile,0.15,1.351848883
3/6/2023,3 wk ahead inc flu hosp,3/25/2023,31,quantile,0.2,1.917762343
3/6/2023,3 wk ahead inc flu hosp,3/25/2023,31,quantile,0.25,2.485676315
3/6/2023,3 wk ahead inc flu hosp,3/25/2023,31,quantile,0.3,3.068006689
3/6/2023,3 wk ahead inc flu hosp,3/25/2023,31,quantile,0.35,3.67473134
3/6/2023,3 wk ahead inc flu hosp,3/25/2023,31,quantile,0.4,4.315384966
3/6/2023,3 wk ahead inc flu hosp,3/25/2023,31,quantile,0.45,5.000260605
3/6/2023,3 wk ahead inc flu hosp,3/25/2023,31,quantile,0.5,5.741464378
3/6/2023,3 wk ahead inc flu hosp,3/25/2023,31,quantile,0.55,6.554167639
3/6/2023,3 wk ahead inc flu hosp,3/25/2023,31,quantile,0.6,7.458403698
3/6/2023,3 wk ahead inc flu hosp,3/25/2023,31,quantile,0.65,8.481963799
3/6/2023,3 wk ahead inc flu hosp,3/25/2023,31,quantile,0.7,9.665498576
3/6/2023,3 wk ahead inc flu hosp,3/25/2023,31,quantile,0.75,11.07234856
3/6/2023,3 wk ahead inc flu hosp,3/25/2023,31,quantile,0.8,12.80968139
3/6/2023,3 wk ahead inc flu hosp,3/25/2023,31,quantile,0.85,15.0813219
3/6/2023,3 wk ahead inc flu hosp,3/25/2023,31,quantile,0.9,18.35417309
3/6/2023,3 wk ahead inc flu hosp,3/25/2023,31,quantile,0.95,24.16453094
3/6/2023,3 wk ahead inc flu hosp,3/25/2023,31,quantile,0.975,30.2644838
3/6/2023,3 wk ahead inc flu hosp,3/25/2023,31,quantile,0.99,38.78702079
3/6/2023,3 wk ahead inc flu hosp,3/25/2023,32,point,NA,9.06416735
3/6/2023,3 wk ahead inc flu hosp,3/25/2023,32,quantile,0.01,0
3/6/2023,3 wk ahead inc flu hosp,3/25/2023,32,quantile,0.025,0.343219541
3/6/2023,3 wk ahead inc flu hosp,3/25/2023,32,quantile,0.05,1.012036351
3/6/2023,3 wk ahead inc flu hosp,3/25/2023,32,quantile,0.1,2.057246323
3/6/2023,3 wk ahead inc flu hosp,3/25/2023,32,quantile,0.15,2.958878579
3/6/2023,3 wk ahead inc flu hosp,3/25/2023,32,quantile,0.2,3.80469337
3/6/2023,3 wk ahead inc flu hosp,3/25/2023,32,quantile,0.25,4.63073923
3/6/2023,3 wk ahead inc flu hosp,3/25/2023,32,quantile,0.3,5.457940926
3/6/2023,3 wk ahead inc flu hosp,3/25/2023,32,quantile,0.35,6.301537295
3/6/2023,3 wk ahead inc flu hosp,3/25/2023,32,quantile,0.4,7.174754525
3/6/2023,3 wk ahead inc flu hosp,3/25/2023,32,quantile,0.45,8.090768325
3/6/2023,3 wk ahead inc flu hosp,3/25/2023,32,quantile,0.5,9.06416735
3/6/2023,3 wk ahead inc flu hosp,3/25/2023,32,quantile,0.55,10.11246624
3/6/2023,3 wk ahead inc flu hosp,3/25/2023,32,quantile,0.6,11.25810618
3/6/2023,3 wk ahead inc flu hosp,3/25/2023,32,quantile,0.65,12.53155005
3/6/2023,3 wk ahead inc flu hosp,3/25/2023,32,quantile,0.7,13.97662163
3/6/2023,3 wk ahead inc flu hosp,3/25/2023,32,quantile,0.75,15.66066262
3/6/2023,3 wk ahead inc flu hosp,3/25/2023,32,quantile,0.8,17.69614723
3/6/2023,3 wk ahead inc flu hosp,3/25/2023,32,quantile,0.85,20.29414214
3/6/2023,3 wk ahead inc flu hosp,3/25/2023,32,quantile,0.9,23.9306282
3/6/2023,3 wk ahead inc flu hosp,3/25/2023,32,quantile,0.95,30.13830566
3/6/2023,3 wk ahead inc flu hosp,3/25/2023,32,quantile,0.975,36.38777611
3/6/2023,3 wk ahead inc flu hosp,3/25/2023,32,quantile,0.99,44.76699939
3/6/2023,3 wk ahead inc flu hosp,3/25/2023,33,point,NA,2.867469596
3/6/2023,3 wk ahead inc flu hosp,3/25/2023,33,quantile,0.01,0
3/6/2023,3 wk ahead inc flu hosp,3/25/2023,33,quantile,0.025,0
3/6/2023,3 wk ahead inc flu hosp,3/25/2023,33,quantile,0.05,0
3/6/2023,3 wk ahead inc flu hosp,3/25/2023,33,quantile,0.1,0
3/6/2023,3 wk ahead inc flu hosp,3/25/2023,33,quantile,0.15,0.077415666
3/6/2023,3 wk ahead inc flu hosp,3/25/2023,33,quantile,0.2,0.454997795
3/6/2023,3 wk ahead inc flu hosp,3/25/2023,33,quantile,0.25,0.83100504
3/6/2023,3 wk ahead inc flu hosp,3/25/2023,33,quantile,0.3,1.210977465
3/6/2023,3 wk ahead inc flu hosp,3/25/2023,33,quantile,0.35,1.599745894
3/6/2023,3 wk ahead inc flu hosp,3/25/2023,33,quantile,0.4,2.001987441
3/6/2023,3 wk ahead inc flu hosp,3/25/2023,33,quantile,0.45,2.422666894
3/6/2023,3 wk ahead inc flu hosp,3/25/2023,33,quantile,0.5,2.867469596
3/6/2023,3 wk ahead inc flu hosp,3/25/2023,33,quantile,0.55,3.343326452
3/6/2023,3 wk ahead inc flu hosp,3/25/2023,33,quantile,0.6,3.859159234
3/6/2023,3 wk ahead inc flu hosp,3/25/2023,33,quantile,0.65,4.427061732
3/6/2023,3 wk ahead inc flu hosp,3/25/2023,33,quantile,0.7,5.064346037
3/6/2023,3 wk ahead inc flu hosp,3/25/2023,33,quantile,0.75,5.797421616
3/6/2023,3 wk ahead inc flu hosp,3/25/2023,33,quantile,0.8,6.669992408
3/6/2023,3 wk ahead inc flu hosp,3/25/2023,33,quantile,0.85,7.763142038
3/6/2023,3 wk ahead inc flu hosp,3/25/2023,33,quantile,0.9,9.25706487
3/6/2023,3 wk ahead inc flu hosp,3/25/2023,33,quantile,0.95,11.71977236
3/6/2023,3 wk ahead inc flu hosp,3/25/2023,33,quantile,0.975,14.10204854
3/6/2023,3 wk ahead inc flu hosp,3/25/2023,33,quantile,0.99,17.16698445
3/6/2023,3 wk ahead inc flu hosp,3/25/2023,34,point,NA,29.85250188
3/6/2023,3 wk ahead inc flu hosp,3/25/2023,34,quantile,0.01,3.20182039
3/6/2023,3 wk ahead inc flu hosp,3/25/2023,34,quantile,0.025,5.099595596
3/6/2023,3 wk ahead inc flu hosp,3/25/2023,34,quantile,0.05,7.22864609
3/6/2023,3 wk ahead inc flu hosp,3/25/2023,34,quantile,0.1,10.3770863
3/6/2023,3 wk ahead inc flu hosp,3/25/2023,34,quantile,0.15,12.99528872
3/6/2023,3 wk ahead inc flu hosp,3/25/2023,34,quantile,0.2,15.40077969
3/6/2023,3 wk ahead inc flu hosp,3/25/2023,34,quantile,0.25,17.7171288
3/6/2023,3 wk ahead inc flu hosp,3/25/2023,34,quantile,0.3,20.01270445
3/6/2023,3 wk ahead inc flu hosp,3/25/2023,34,quantile,0.35,22.33497224
3/6/2023,3 wk ahead inc flu hosp,3/25/2023,34,quantile,0.4,24.72332752
3/6/2023,3 wk ahead inc flu hosp,3/25/2023,34,quantile,0.45,27.21558797
3/6/2023,3 wk ahead inc flu hosp,3/25/2023,34,quantile,0.5,29.85250188
3/6/2023,3 wk ahead inc flu hosp,3/25/2023,34,quantile,0.55,32.68211085
3/6/2023,3 wk ahead inc flu hosp,3/25/2023,34,quantile,0.6,35.76528651
3/6/2023,3 wk ahead inc flu hosp,3/25/2023,34,quantile,0.65,39.18413635
3/6/2023,3 wk ahead inc flu hosp,3/25/2023,34,quantile,0.7,43.05640228
3/6/2023,3 wk ahead inc flu hosp,3/25/2023,34,quantile,0.75,47.56280075
3/6/2023,3 wk ahead inc flu hosp,3/25/2023,34,quantile,0.8,53.00522284
3/6/2023,3 wk ahead inc flu hosp,3/25/2023,34,quantile,0.85,59.95088356
3/6/2023,3 wk ahead inc flu hosp,3/25/2023,34,quantile,0.9,69.68177758
3/6/2023,3 wk ahead inc flu hosp,3/25/2023,34,quantile,0.95,86.34184549
3/6/2023,3 wk ahead inc flu hosp,3/25/2023,34,quantile,0.975,103.1986275
3/6/2023,3 wk ahead inc flu hosp,3/25/2023,34,quantile,0.99,125.9539283
3/6/2023,3 wk ahead inc flu hosp,3/25/2023,35,point,NA,12.15702027
3/6/2023,3 wk ahead inc flu hosp,3/25/2023,35,quantile,0.01,1.192187769
3/6/2023,3 wk ahead inc flu hosp,3/25/2023,35,quantile,0.025,2.04443569
3/6/2023,3 wk ahead inc flu hosp,3/25/2023,35,quantile,0.05,2.972844508
3/6/2023,3 wk ahead inc flu hosp,3/25/2023,35,quantile,0.1,4.310786488
3/6/2023,3 wk ahead inc flu hosp,3/25/2023,35,quantile,0.15,5.401092845
3/6/2023,3 wk ahead inc flu hosp,3/25/2023,35,quantile,0.2,6.389471
3/6/2023,3 wk ahead inc flu hosp,3/25/2023,35,quantile,0.25,7.331455501
3/6/2023,3 wk ahead inc flu hosp,3/25/2023,35,quantile,0.3,8.257051099
3/6/2023,3 wk ahead inc flu hosp,3/25/2023,35,quantile,0.35,9.186497177
3/6/2023,3 wk ahead inc flu hosp,3/25/2023,35,quantile,0.4,10.13606976
3/6/2023,3 wk ahead inc flu hosp,3/25/2023,35,quantile,0.45,11.12093179
3/6/2023,3 wk ahead inc flu hosp,3/25/2023,35,quantile,0.5,12.15702027
3/6/2023,3 wk ahead inc flu hosp,3/25/2023,35,quantile,0.55,13.26277856
3/6/2023,3 wk ahead inc flu hosp,3/25/2023,35,quantile,0.6,14.46127248
3/6/2023,3 wk ahead inc flu hosp,3/25/2023,35,quantile,0.65,15.78333821
3/6/2023,3 wk ahead inc flu hosp,3/25/2023,35,quantile,0.7,17.27292295
3/6/2023,3 wk ahead inc flu hosp,3/25/2023,35,quantile,0.75,18.99717819
3/6/2023,3 wk ahead inc flu hosp,3/25/2023,35,quantile,0.8,21.06788481
3/6/2023,3 wk ahead inc flu hosp,3/25/2023,35,quantile,0.85,23.69439467
3/6/2023,3 wk ahead inc flu hosp,3/25/2023,35,quantile,0.9,27.34828733
3/6/2023,3 wk ahead inc flu hosp,3/25/2023,35,quantile,0.95,33.54730054
3/6/2023,3 wk ahead inc flu hosp,3/25/2023,35,quantile,0.975,39.7617623
3/6/2023,3 wk ahead inc flu hosp,3/25/2023,35,quantile,0.99,48.07928791
3/6/2023,3 wk ahead inc flu hosp,3/25/2023,36,point,NA,62.43979308
3/6/2023,3 wk ahead inc flu hosp,3/25/2023,36,quantile,0.01,0
3/6/2023,3 wk ahead inc flu hosp,3/25/2023,36,quantile,0.025,0
3/6/2023,3 wk ahead inc flu hosp,3/25/2023,36,quantile,0.05,1.696595911
3/6/2023,3 wk ahead inc flu hosp,3/25/2023,36,quantile,0.1,7.764122201
3/6/2023,3 wk ahead inc flu hosp,3/25/2023,36,quantile,0.15,14.07180234
3/6/2023,3 wk ahead inc flu hosp,3/25/2023,36,quantile,0.2,20.42875426
3/6/2023,3 wk ahead inc flu hosp,3/25/2023,36,quantile,0.25,26.86239046
3/6/2023,3 wk ahead inc flu hosp,3/25/2023,36,quantile,0.3,33.42975927
3/6/2023,3 wk ahead inc flu hosp,3/25/2023,36,quantile,0.35,40.19523373
3/6/2023,3 wk ahead inc flu hosp,3/25/2023,36,quantile,0.4,47.22937498
3/6/2023,3 wk ahead inc flu hosp,3/25/2023,36,quantile,0.45,54.61239169
3/6/2023,3 wk ahead inc flu hosp,3/25/2023,36,quantile,0.5,62.43979308
3/6/2023,3 wk ahead inc flu hosp,3/25/2023,36,quantile,0.55,70.83064188
3/6/2023,3 wk ahead inc flu hosp,3/25/2023,36,quantile,0.6,79.94014652
3/6/2023,3 wk ahead inc flu hosp,3/25/2023,36,quantile,0.65,89.98016791
3/6/2023,3 wk ahead inc flu hosp,3/25/2023,36,quantile,0.7,101.255097
3/6/2023,3 wk ahead inc flu hosp,3/25/2023,36,quantile,0.75,114.2300861
3/6/2023,3 wk ahead inc flu hosp,3/25/2023,36,quantile,0.8,129.6753362
3/6/2023,3 wk ahead inc flu hosp,3/25/2023,36,quantile,0.85,149.0195468
3/6/2023,3 wk ahead inc flu hosp,3/25/2023,36,quantile,0.9,175.4353966
3/6/2023,3 wk ahead inc flu hosp,3/25/2023,36,quantile,0.95,218.9096731
3/6/2023,3 wk ahead inc flu hosp,3/25/2023,36,quantile,0.975,260.8656323
3/6/2023,3 wk ahead inc flu hosp,3/25/2023,36,quantile,0.99,314.6953364
3/6/2023,3 wk ahead inc flu hosp,3/25/2023,37,point,NA,33.1113448
3/6/2023,3 wk ahead inc flu hosp,3/25/2023,37,quantile,0.01,2.090353797
3/6/2023,3 wk ahead inc flu hosp,3/25/2023,37,quantile,0.025,4.163247265
3/6/2023,3 wk ahead inc flu hosp,3/25/2023,37,quantile,0.05,6.59302203
3/6/2023,3 wk ahead inc flu hosp,3/25/2023,37,quantile,0.1,10.27376046
3/6/2023,3 wk ahead inc flu hosp,3/25/2023,37,quantile,0.15,13.3650665
3/6/2023,3 wk ahead inc flu hosp,3/25/2023,37,quantile,0.2,16.21028051
3/6/2023,3 wk ahead inc flu hosp,3/25/2023,37,quantile,0.25,18.94659007
3/6/2023,3 wk ahead inc flu hosp,3/25/2023,37,quantile,0.3,21.65070807
3/6/2023,3 wk ahead inc flu hosp,3/25/2023,37,quantile,0.35,24.3759233
3/6/2023,3 wk ahead inc flu hosp,3/25/2023,37,quantile,0.4,27.16616928
3/6/2023,3 wk ahead inc flu hosp,3/25/2023,37,quantile,0.45,30.06316811
3/6/2023,3 wk ahead inc flu hosp,3/25/2023,37,quantile,0.5,33.1113448
3/6/2023,3 wk ahead inc flu hosp,3/25/2023,37,quantile,0.55,36.36249768
3/6/2023,3 wk ahead inc flu hosp,3/25/2023,37,quantile,0.6,39.88162553
3/6/2023,3 wk ahead inc flu hosp,3/25/2023,37,quantile,0.65,43.75566959
3/6/2023,3 wk ahead inc flu hosp,3/25/2023,37,quantile,0.7,48.1083668
3/6/2023,3 wk ahead inc flu hosp,3/25/2023,37,quantile,0.75,53.12827318
3/6/2023,3 wk ahead inc flu hosp,3/25/2023,37,quantile,0.8,59.12805473
3/6/2023,3 wk ahead inc flu hosp,3/25/2023,37,quantile,0.85,66.69035203
3/6/2023,3 wk ahead inc flu hosp,3/25/2023,37,quantile,0.9,77.11881607
3/6/2023,3 wk ahead inc flu hosp,3/25/2023,37,quantile,0.95,94.56707069
3/6/2023,3 wk ahead inc flu hosp,3/25/2023,37,quantile,0.975,111.7619387
3/6/2023,3 wk ahead inc flu hosp,3/25/2023,37,quantile,0.99,134.3432579
3/6/2023,3 wk ahead inc flu hosp,3/25/2023,38,point,NA,3.962871759
3/6/2023,3 wk ahead inc flu hosp,3/25/2023,38,quantile,0.01,0
3/6/2023,3 wk ahead inc flu hosp,3/25/2023,38,quantile,0.025,0
3/6/2023,3 wk ahead inc flu hosp,3/25/2023,38,quantile,0.05,0.022673572
3/6/2023,3 wk ahead inc flu hosp,3/25/2023,38,quantile,0.1,0.517006342
3/6/2023,3 wk ahead inc flu hosp,3/25/2023,38,quantile,0.15,0.946889731
3/6/2023,3 wk ahead inc flu hosp,3/25/2023,38,quantile,0.2,1.353748793
3/6/2023,3 wk ahead inc flu hosp,3/25/2023,38,quantile,0.25,1.754593329
3/6/2023,3 wk ahead inc flu hosp,3/25/2023,38,quantile,0.3,2.15945288
3/6/2023,3 wk ahead inc flu hosp,3/25/2023,38,quantile,0.35,2.575829566
3/6/2023,3 wk ahead inc flu hosp,3/25/2023,38,quantile,0.4,3.010441641
3/6/2023,3 wk ahead inc flu hosp,3/25/2023,38,quantile,0.45,3.470182264
3/6/2023,3 wk ahead inc flu hosp,3/25/2023,38,quantile,0.5,3.962871759
3/6/2023,3 wk ahead inc flu hosp,3/25/2023,38,quantile,0.55,4.498075742
3/6/2023,3 wk ahead inc flu hosp,3/25/2023,38,quantile,0.6,5.088223866
3/6/2023,3 wk ahead inc flu hosp,3/25/2023,38,quantile,0.65,5.750372975
3/6/2023,3 wk ahead inc flu hosp,3/25/2023,38,quantile,0.7,6.509280729
3/6/2023,3 wk ahead inc flu hosp,3/25/2023,38,quantile,0.75,7.403295249
3/6/2023,3 wk ahead inc flu hosp,3/25/2023,38,quantile,0.8,8.496968686
3/6/2023,3 wk ahead inc flu hosp,3/25/2023,38,quantile,0.85,9.912467314
3/6/2023,3 wk ahead inc flu hosp,3/25/2023,38,quantile,0.9,11.92810203
3/6/2023,3 wk ahead inc flu hosp,3/25/2023,38,quantile,0.95,15.45296382
3/6/2023,3 wk ahead inc flu hosp,3/25/2023,38,quantile,0.975,19.09770427
3/6/2023,3 wk ahead inc flu hosp,3/25/2023,38,quantile,0.99,24.11893901
3/6/2023,3 wk ahead inc flu hosp,3/25/2023,39,point,NA,33.54701132
3/6/2023,3 wk ahead inc flu hosp,3/25/2023,39,quantile,0.01,3.188370163
3/6/2023,3 wk ahead inc flu hosp,3/25/2023,39,quantile,0.025,5.302333416
3/6/2023,3 wk ahead inc flu hosp,3/25/2023,39,quantile,0.05,7.704451004
3/6/2023,3 wk ahead inc flu hosp,3/25/2023,39,quantile,0.1,11.28546936
3/6/2023,3 wk ahead inc flu hosp,3/25/2023,39,quantile,0.15,14.27586303
3/6/2023,3 wk ahead inc flu hosp,3/25/2023,39,quantile,0.2,17.02758044
3/6/2023,3 wk ahead inc flu hosp,3/25/2023,39,quantile,0.25,19.67864307
3/6/2023,3 wk ahead inc flu hosp,3/25/2023,39,quantile,0.3,22.30573833
3/6/2023,3 wk ahead inc flu hosp,3/25/2023,39,quantile,0.35,24.96221991
3/6/2023,3 wk ahead inc flu hosp,3/25/2023,39,quantile,0.4,27.69239012
3/6/2023,3 wk ahead inc flu hosp,3/25/2023,39,quantile,0.45,30.53874552
3/6/2023,3 wk ahead inc flu hosp,3/25/2023,39,quantile,0.5,33.54701132
3/6/2023,3 wk ahead inc flu hosp,3/25/2023,39,quantile,0.55,36.77100638
3/6/2023,3 wk ahead inc flu hosp,3/25/2023,39,quantile,0.6,40.27880491
3/6/2023,3 wk ahead inc flu hosp,3/25/2023,39,quantile,0.65,44.16207296
3/6/2023,3 wk ahead inc flu hosp,3/25/2023,39,quantile,0.7,48.5520348
3/6/2023,3 wk ahead inc flu hosp,3/25/2023,39,quantile,0.75,53.64974304
3/6/2023,3 wk ahead inc flu hosp,3/25/2023,39,quantile,0.8,59.79041068
3/6/2023,3 wk ahead inc flu hosp,3/25/2023,39,quantile,0.85,67.60244874
3/6/2023,3 wk ahead inc flu hosp,3/25/2023,39,quantile,0.9,78.50217481
3/6/2023,3 wk ahead inc flu hosp,3/25/2023,39,quantile,0.95,97.04904292
3/6/2023,3 wk ahead inc flu hosp,3/25/2023,39,quantile,0.975,115.6800447
3/6/2023,3 wk ahead inc flu hosp,3/25/2023,39,quantile,0.99,140.6372526
3/6/2023,3 wk ahead inc flu hosp,3/25/2023,40,point,NA,21.58276154
3/6/2023,3 wk ahead inc flu hosp,3/25/2023,40,quantile,0.01,0.85744503
3/6/2023,3 wk ahead inc flu hosp,3/25/2023,40,quantile,0.025,2.090037401
3/6/2023,3 wk ahead inc flu hosp,3/25/2023,40,quantile,0.05,3.574248492
3/6/2023,3 wk ahead inc flu hosp,3/25/2023,40,quantile,0.1,5.892912557
3/6/2023,3 wk ahead inc flu hosp,3/25/2023,40,quantile,0.15,7.896392512
3/6/2023,3 wk ahead inc flu hosp,3/25/2023,40,quantile,0.2,9.779815977
3/6/2023,3 wk ahead inc flu hosp,3/25/2023,40,quantile,0.25,11.62321616
3/6/2023,3 wk ahead inc flu hosp,3/25/2023,40,quantile,0.3,13.4731908
3/6/2023,3 wk ahead inc flu hosp,3/25/2023,40,quantile,0.35,15.36388456
3/6/2023,3 wk ahead inc flu hosp,3/25/2023,40,quantile,0.4,17.32515944
3/6/2023,3 wk ahead inc flu hosp,3/25/2023,40,quantile,0.45,19.3869866
3/6/2023,3 wk ahead inc flu hosp,3/25/2023,40,quantile,0.5,21.58276154
3/6/2023,3 wk ahead inc flu hosp,3/25/2023,40,quantile,0.55,23.95277552
3/6/2023,3 wk ahead inc flu hosp,3/25/2023,40,quantile,0.6,26.5488459
3/6/2023,3 wk ahead inc flu hosp,3/25/2023,40,quantile,0.65,29.44151523
3/6/2023,3 wk ahead inc flu hosp,3/25/2023,40,quantile,0.7,32.73250434
3/6/2023,3 wk ahead inc flu hosp,3/25/2023,40,quantile,0.75,36.57844739
3/6/2023,3 wk ahead inc flu hosp,3/25/2023,40,quantile,0.8,41.24148369
3/6/2023,3 wk ahead inc flu hosp,3/25/2023,40,quantile,0.85,47.21460467
3/6/2023,3 wk ahead inc flu hosp,3/25/2023,40,quantile,0.9,55.61244328
3/6/2023,3 wk ahead inc flu hosp,3/25/2023,40,quantile,0.95,70.03726562
3/6/2023,3 wk ahead inc flu hosp,3/25/2023,40,quantile,0.975,84.65920625
3/6/2023,3 wk ahead inc flu hosp,3/25/2023,40,quantile,0.99,104.4006968
3/6/2023,3 wk ahead inc flu hosp,3/25/2023,41,point,NA,7.366369322
3/6/2023,3 wk ahead inc flu hosp,3/25/2023,41,quantile,0.01,0
3/6/2023,3 wk ahead inc flu hosp,3/25/2023,41,quantile,0.025,0
3/6/2023,3 wk ahead inc flu hosp,3/25/2023,41,quantile,0.05,0
3/6/2023,3 wk ahead inc flu hosp,3/25/2023,41,quantile,0.1,0.316850012
3/6/2023,3 wk ahead inc flu hosp,3/25/2023,41,quantile,0.15,0.985411623
3/6/2023,3 wk ahead inc flu hosp,3/25/2023,41,quantile,0.2,1.690372648
3/6/2023,3 wk ahead inc flu hosp,3/25/2023,41,quantile,0.25,2.443212446
3/6/2023,3 wk ahead inc flu hosp,3/25/2023,41,quantile,0.3,3.254804917
3/6/2023,3 wk ahead inc flu hosp,3/25/2023,41,quantile,0.35,4.137049168
3/6/2023,3 wk ahead inc flu hosp,3/25/2023,41,quantile,0.4,5.103992733
3/6/2023,3 wk ahead inc flu hosp,3/25/2023,41,quantile,0.45,6.173012009
3/6/2023,3 wk ahead inc flu hosp,3/25/2023,41,quantile,0.5,7.366369322
3/6/2023,3 wk ahead inc flu hosp,3/25/2023,41,quantile,0.55,8.713512591
3/6/2023,3 wk ahead inc flu hosp,3/25/2023,41,quantile,0.6,10.25471887
3/6/2023,3 wk ahead inc flu hosp,3/25/2023,41,quantile,0.65,12.04722936
3/6/2023,3 wk ahead inc flu hosp,3/25/2023,41,quantile,0.7,14.17628853
3/6/2023,3 wk ahead inc flu hosp,3/25/2023,41,quantile,0.75,16.7766913
3/6/2023,3 wk ahead inc flu hosp,3/25/2023,41,quantile,0.8,20.07959051
3/6/2023,3 wk ahead inc flu hosp,3/25/2023,41,quantile,0.85,24.53069609
3/6/2023,3 wk ahead inc flu hosp,3/25/2023,41,quantile,0.9,31.16711268
3/6/2023,3 wk ahead inc flu hosp,3/25/2023,41,quantile,0.95,43.4735248
3/6/2023,3 wk ahead inc flu hosp,3/25/2023,41,quantile,0.975,56.96365512
3/6/2023,3 wk ahead inc flu hosp,3/25/2023,41,quantile,0.99,76.56903193
3/6/2023,3 wk ahead inc flu hosp,3/25/2023,42,point,NA,75.03955338
3/6/2023,3 wk ahead inc flu hosp,3/25/2023,42,quantile,0.01,8.83186729
3/6/2023,3 wk ahead inc flu hosp,3/25/2023,42,quantile,0.025,14.0674655
3/6/2023,3 wk ahead inc flu hosp,3/25/2023,42,quantile,0.05,19.8523751
3/6/2023,3 wk ahead inc flu hosp,3/25/2023,42,quantile,0.1,28.18933378
3/6/2023,3 wk ahead inc flu hosp,3/25/2023,42,quantile,0.15,34.92865451
3/6/2023,3 wk ahead inc flu hosp,3/25/2023,42,quantile,0.2,40.97831825
3/6/2023,3 wk ahead inc flu hosp,3/25/2023,42,quantile,0.25,46.68628001
3/6/2023,3 wk ahead inc flu hosp,3/25/2023,42,quantile,0.3,52.23874931
3/6/2023,3 wk ahead inc flu hosp,3/25/2023,42,quantile,0.35,57.75853164
3/6/2023,3 wk ahead inc flu hosp,3/25/2023,42,quantile,0.4,63.34120522
3/6/2023,3 wk ahead inc flu hosp,3/25/2023,42,quantile,0.45,69.07254979
3/6/2023,3 wk ahead inc flu hosp,3/25/2023,42,quantile,0.5,75.03955338
3/6/2023,3 wk ahead inc flu hosp,3/25/2023,42,quantile,0.55,81.33987212
3/6/2023,3 wk ahead inc flu hosp,3/25/2023,42,quantile,0.6,88.0927448
3/6/2023,3 wk ahead inc flu hosp,3/25/2023,42,quantile,0.65,95.45466163
3/6/2023,3 wk ahead inc flu hosp,3/25/2023,42,quantile,0.7,103.6454285
3/6/2023,3 wk ahead inc flu hosp,3/25/2023,42,quantile,0.75,112.9968382
3/6/2023,3 wk ahead inc flu hosp,3/25/2023,42,quantile,0.8,124.055031
3/6/2023,3 wk ahead inc flu hosp,3/25/2023,42,quantile,0.85,137.831124
3/6/2023,3 wk ahead inc flu hosp,3/25/2023,42,quantile,0.9,156.572304
3/6/2023,3 wk ahead inc flu hosp,3/25/2023,42,quantile,0.95,187.3767259
3/6/2023,3 wk ahead inc flu hosp,3/25/2023,42,quantile,0.975,217.1806268
3/6/2023,3 wk ahead inc flu hosp,3/25/2023,42,quantile,0.99,255.6476203
3/6/2023,3 wk ahead inc flu hosp,3/25/2023,44,point,NA,1.592954856
3/6/2023,3 wk ahead inc flu hosp,3/25/2023,44,quantile,0.01,0
3/6/2023,3 wk ahead inc flu hosp,3/25/2023,44,quantile,0.025,0
3/6/2023,3 wk ahead inc flu hosp,3/25/2023,44,quantile,0.05,0
3/6/2023,3 wk ahead inc flu hosp,3/25/2023,44,quantile,0.1,0
3/6/2023,3 wk ahead inc flu hosp,3/25/2023,44,quantile,0.15,0
3/6/2023,3 wk ahead inc flu hosp,3/25/2023,44,quantile,0.2,0.031711511
3/6/2023,3 wk ahead inc flu hosp,3/25/2023,44,quantile,0.25,0.272139795
3/6/2023,3 wk ahead inc flu hosp,3/25/2023,44,quantile,0.3,0.515911334
3/6/2023,3 wk ahead inc flu hosp,3/25/2023,44,quantile,0.35,0.766478946
3/6/2023,3 wk ahead inc flu hosp,3/25/2023,44,quantile,0.4,1.027115516
3/6/2023,3 wk ahead inc flu hosp,3/25/2023,44,quantile,0.45,1.301281879
3/6/2023,3 wk ahead inc flu hosp,3/25/2023,44,quantile,0.5,1.592954856
3/6/2023,3 wk ahead inc flu hosp,3/25/2023,44,quantile,0.55,1.907011052
3/6/2023,3 wk ahead inc flu hosp,3/25/2023,44,quantile,0.6,2.249766783
3/6/2023,3 wk ahead inc flu hosp,3/25/2023,44,quantile,0.65,2.629833924
3/6/2023,3 wk ahead inc flu hosp,3/25/2023,44,quantile,0.7,3.059606604
3/6/2023,3 wk ahead inc flu hosp,3/25/2023,44,quantile,0.75,3.558089021
3/6/2023,3 wk ahead inc flu hosp,3/25/2023,44,quantile,0.8,4.15689359
3/6/2023,3 wk ahead inc flu hosp,3/25/2023,44,quantile,0.85,4.915001975
3/6/2023,3 wk ahead inc flu hosp,3/25/2023,44,quantile,0.9,5.964376919
3/6/2023,3 wk ahead inc flu hosp,3/25/2023,44,quantile,0.95,7.724925251
3/6/2023,3 wk ahead inc flu hosp,3/25/2023,44,quantile,0.975,9.460739844
3/6/2023,3 wk ahead inc flu hosp,3/25/2023,44,quantile,0.99,11.73626878
3/6/2023,3 wk ahead inc flu hosp,3/25/2023,45,point,NA,25.00489097
3/6/2023,3 wk ahead inc flu hosp,3/25/2023,45,quantile,0.01,2.848317936
3/6/2023,3 wk ahead inc flu hosp,3/25/2023,45,quantile,0.025,4.572038331
3/6/2023,3 wk ahead inc flu hosp,3/25/2023,45,quantile,0.05,6.464932872
3/6/2023,3 wk ahead inc flu hosp,3/25/2023,45,quantile,0.1,9.198643424
3/6/2023,3 wk ahead inc flu hosp,3/25/2023,45,quantile,0.15,11.42257237
3/6/2023,3 wk ahead inc flu hosp,3/25/2023,45,quantile,0.2,13.43239333
3/6/2023,3 wk ahead inc flu hosp,3/25/2023,45,quantile,0.25,15.34117883
3/6/2023,3 wk ahead inc flu hosp,3/25/2023,45,quantile,0.3,17.20984028
3/6/2023,3 wk ahead inc flu hosp,3/25/2023,45,quantile,0.35,19.07912457
3/6/2023,3 wk ahead inc flu hosp,3/25/2023,45,quantile,0.4,20.98139514
3/6/2023,3 wk ahead inc flu hosp,3/25/2023,45,quantile,0.45,22.94637704
3/6/2023,3 wk ahead inc flu hosp,3/25/2023,45,quantile,0.5,25.00489097
3/6/2023,3 wk ahead inc flu hosp,3/25/2023,45,quantile,0.55,27.19219519
3/6/2023,3 wk ahead inc flu hosp,3/25/2023,45,quantile,0.6,29.55198095
3/6/2023,3 wk ahead inc flu hosp,3/25/2023,45,quantile,0.65,32.14223682
3/6/2023,3 wk ahead inc flu hosp,3/25/2023,45,quantile,0.7,35.04512227
3/6/2023,3 wk ahead inc flu hosp,3/25/2023,45,quantile,0.75,38.38553566
3/6/2023,3 wk ahead inc flu hosp,3/25/2023,45,quantile,0.8,42.37036792
3/6/2023,3 wk ahead inc flu hosp,3/25/2023,45,quantile,0.85,47.38509381
3/6/2023,3 wk ahead inc flu hosp,3/25/2023,45,quantile,0.9,54.29267494
3/6/2023,3 wk ahead inc flu hosp,3/25/2023,45,quantile,0.95,65.84637418
3/6/2023,3 wk ahead inc flu hosp,3/25/2023,45,quantile,0.975,77.2434623
3/6/2023,3 wk ahead inc flu hosp,3/25/2023,45,quantile,0.99,92.24437277
3/6/2023,3 wk ahead inc flu hosp,3/25/2023,46,point,NA,4.935816664
3/6/2023,3 wk ahead inc flu hosp,3/25/2023,46,quantile,0.01,0.165006127
3/6/2023,3 wk ahead inc flu hosp,3/25/2023,46,quantile,0.025,0.576531454
3/6/2023,3 wk ahead inc flu hosp,3/25/2023,46,quantile,0.05,1.011564511
3/6/2023,3 wk ahead inc flu hosp,3/25/2023,46,quantile,0.1,1.620194912
3/6/2023,3 wk ahead inc flu hosp,3/25/2023,46,quantile,0.15,2.103624465
3/6/2023,3 wk ahead inc flu hosp,3/25/2023,46,quantile,0.2,2.533900094
3/6/2023,3 wk ahead inc flu hosp,3/25/2023,46,quantile,0.25,2.937913561
3/6/2023,3 wk ahead inc flu hosp,3/25/2023,46,quantile,0.3,3.329804491
3/6/2023,3 wk ahead inc flu hosp,3/25/2023,46,quantile,0.35,3.718768761
3/6/2023,3 wk ahead inc flu hosp,3/25/2023,46,quantile,0.4,4.111883661
3/6/2023,3 wk ahead inc flu hosp,3/25/2023,46,quantile,0.45,4.515448313
3/6/2023,3 wk ahead inc flu hosp,3/25/2023,46,quantile,0.5,4.935816664
3/6/2023,3 wk ahead inc flu hosp,3/25/2023,46,quantile,0.55,5.380102918
3/6/2023,3 wk ahead inc flu hosp,3/25/2023,46,quantile,0.6,5.856987941
3/6/2023,3 wk ahead inc flu hosp,3/25/2023,46,quantile,0.65,6.377872949
3/6/2023,3 wk ahead inc flu hosp,3/25/2023,46,quantile,0.7,6.958798637
3/6/2023,3 wk ahead inc flu hosp,3/25/2023,46,quantile,0.75,7.624034646
3/6/2023,3 wk ahead inc flu hosp,3/25/2023,46,quantile,0.8,8.413647047
3/6/2023,3 wk ahead inc flu hosp,3/25/2023,46,quantile,0.85,9.402085155
3/6/2023,3 wk ahead inc flu hosp,3/25/2023,46,quantile,0.9,10.75559825
3/6/2023,3 wk ahead inc flu hosp,3/25/2023,46,quantile,0.95,13.00301945
3/6/2023,3 wk ahead inc flu hosp,3/25/2023,46,quantile,0.975,15.20439076
3/6/2023,3 wk ahead inc flu hosp,3/25/2023,46,quantile,0.99,18.08414758
3/6/2023,3 wk ahead inc flu hosp,3/25/2023,47,point,NA,35.37416457
3/6/2023,3 wk ahead inc flu hosp,3/25/2023,47,quantile,0.01,1.875521445
3/6/2023,3 wk ahead inc flu hosp,3/25/2023,47,quantile,0.025,4.053208654
3/6/2023,3 wk ahead inc flu hosp,3/25/2023,47,quantile,0.05,6.648546282
3/6/2023,3 wk ahead inc flu hosp,3/25/2023,47,quantile,0.1,10.61682896
3/6/2023,3 wk ahead inc flu hosp,3/25/2023,47,quantile,0.15,13.96443803
3/6/2023,3 wk ahead inc flu hosp,3/25/2023,47,quantile,0.2,17.05040417
3/6/2023,3 wk ahead inc flu hosp,3/25/2023,47,quantile,0.25,20.01978377
3/6/2023,3 wk ahead inc flu hosp,3/25/2023,47,quantile,0.3,22.95418606
3/6/2023,3 wk ahead inc flu hosp,3/25/2023,47,quantile,0.35,25.91050069
3/6/2023,3 wk ahead inc flu hosp,3/25/2023,47,quantile,0.4,28.93570676
3/6/2023,3 wk ahead inc flu hosp,3/25/2023,47,quantile,0.45,32.07443107
3/6/2023,3 wk ahead inc flu hosp,3/25/2023,47,quantile,0.5,35.37416457
3/6/2023,3 wk ahead inc flu hosp,3/25/2023,47,quantile,0.55,38.89022638
3/6/2023,3 wk ahead inc flu hosp,3/25/2023,47,quantile,0.6,42.69195588
3/6/2023,3 wk ahead inc flu hosp,3/25/2023,47,quantile,0.65,46.87199466
3/6/2023,3 wk ahead inc flu hosp,3/25/2023,47,quantile,0.7,51.56204293
3/6/2023,3 wk ahead inc flu hosp,3/25/2023,47,quantile,0.75,56.96255927
3/6/2023,3 wk ahead inc flu hosp,3/25/2023,47,quantile,0.8,63.40553578
3/6/2023,3 wk ahead inc flu hosp,3/25/2023,47,quantile,0.85,71.50875778
3/6/2023,3 wk ahead inc flu hosp,3/25/2023,47,quantile,0.9,82.65211707
3/6/2023,3 wk ahead inc flu hosp,3/25/2023,47,quantile,0.95,101.2212437
3/6/2023,3 wk ahead inc flu hosp,3/25/2023,47,quantile,0.975,119.4362136
3/6/2023,3 wk ahead inc flu hosp,3/25/2023,47,quantile,0.99,143.2425522
3/6/2023,3 wk ahead inc flu hosp,3/25/2023,48,point,NA,128.2060891
3/6/2023,3 wk ahead inc flu hosp,3/25/2023,48,quantile,0.01,8.047096096
3/6/2023,3 wk ahead inc flu hosp,3/25/2023,48,quantile,0.025,16.43998958
3/6/2023,3 wk ahead inc flu hosp,3/25/2023,48,quantile,0.05,26.40411158
3/6/2023,3 wk ahead inc flu hosp,3/25/2023,48,quantile,0.1,41.36189771
3/6/2023,3 wk ahead inc flu hosp,3/25/2023,48,quantile,0.15,53.70878545
3/6/2023,3 wk ahead inc flu hosp,3/25/2023,48,quantile,0.2,64.89011768
3/6/2023,3 wk ahead inc flu hosp,3/25/2023,48,quantile,0.25,75.48529443
3/6/2023,3 wk ahead inc flu hosp,3/25/2023,48,quantile,0.3,85.81267622
3/6/2023,3 wk ahead inc flu hosp,3/25/2023,48,quantile,0.35,96.08608078
3/6/2023,3 wk ahead inc flu hosp,3/25/2023,48,quantile,0.4,106.4740299
3/6/2023,3 wk ahead inc flu hosp,3/25/2023,48,quantile,0.45,117.1289647
3/6/2023,3 wk ahead inc flu hosp,3/25/2023,48,quantile,0.5,128.2060891
3/6/2023,3 wk ahead inc flu hosp,3/25/2023,48,quantile,0.55,139.8798372
3/6/2023,3 wk ahead inc flu hosp,3/25/2023,48,quantile,0.6,152.3630492
3/6/2023,3 wk ahead inc flu hosp,3/25/2023,48,quantile,0.65,165.9345773
3/6/2023,3 wk ahead inc flu hosp,3/25/2023,48,quantile,0.7,180.9851907
3/6/2023,3 wk ahead inc flu hosp,3/25/2023,48,quantile,0.75,198.1031439
3/6/2023,3 wk ahead inc flu hosp,3/25/2023,48,quantile,0.8,218.2537014
3/6/2023,3 wk ahead inc flu hosp,3/25/2023,48,quantile,0.85,243.2173871
3/6/2023,3 wk ahead inc flu hosp,3/25/2023,48,quantile,0.9,276.9331651
3/6/2023,3 wk ahead inc flu hosp,3/25/2023,48,quantile,0.95,331.760267
3/6/2023,3 wk ahead inc flu hosp,3/25/2023,48,quantile,0.975,384.1493223
3/6/2023,3 wk ahead inc flu hosp,3/25/2023,48,quantile,0.99,450.8877143
3/6/2023,3 wk ahead inc flu hosp,3/25/2023,49,point,NA,2.887029378
3/6/2023,3 wk ahead inc flu hosp,3/25/2023,49,quantile,0.01,0
3/6/2023,3 wk ahead inc flu hosp,3/25/2023,49,quantile,0.025,0
3/6/2023,3 wk ahead inc flu hosp,3/25/2023,49,quantile,0.05,0
3/6/2023,3 wk ahead inc flu hosp,3/25/2023,49,quantile,0.1,0
3/6/2023,3 wk ahead inc flu hosp,3/25/2023,49,quantile,0.15,0
3/6/2023,3 wk ahead inc flu hosp,3/25/2023,49,quantile,0.2,0.033512462
3/6/2023,3 wk ahead inc flu hosp,3/25/2023,49,quantile,0.25,0.384639991
3/6/2023,3 wk ahead inc flu hosp,3/25/2023,49,quantile,0.3,0.775821366
3/6/2023,3 wk ahead inc flu hosp,3/25/2023,49,quantile,0.35,1.212843376
3/6/2023,3 wk ahead inc flu hosp,3/25/2023,49,quantile,0.4,1.70327124
3/6/2023,3 wk ahead inc flu hosp,3/25/2023,49,quantile,0.45,2.256982372
3/6/2023,3 wk ahead inc flu hosp,3/25/2023,49,quantile,0.5,2.887029378
3/6/2023,3 wk ahead inc flu hosp,3/25/2023,49,quantile,0.55,3.611011551
3/6/2023,3 wk ahead inc flu hosp,3/25/2023,49,quantile,0.6,4.453311784
3/6/2023,3 wk ahead inc flu hosp,3/25/2023,49,quantile,0.65,5.448913124
3/6/2023,3 wk ahead inc flu hosp,3/25/2023,49,quantile,0.7,6.650317643
3/6/2023,3 wk ahead inc flu hosp,3/25/2023,49,quantile,0.75,8.141126436
3/6/2023,3 wk ahead inc flu hosp,3/25/2023,49,quantile,0.8,10.06569249
3/6/2023,3 wk ahead inc flu hosp,3/25/2023,49,quantile,0.85,12.70441765
3/6/2023,3 wk ahead inc flu hosp,3/25/2023,49,quantile,0.9,16.71540501
3/6/2023,3 wk ahead inc flu hosp,3/25/2023,49,quantile,0.95,24.3356228
3/6/2023,3 wk ahead inc flu hosp,3/25/2023,49,quantile,0.975,32.88797408
3/6/2023,3 wk ahead inc flu hosp,3/25/2023,49,quantile,0.99,45.58336348
3/6/2023,3 wk ahead inc flu hosp,3/25/2023,50,point,NA,0.645817131
3/6/2023,3 wk ahead inc flu hosp,3/25/2023,50,quantile,0.01,0
3/6/2023,3 wk ahead inc flu hosp,3/25/2023,50,quantile,0.025,0
3/6/2023,3 wk ahead inc flu hosp,3/25/2023,50,quantile,0.05,0
3/6/2023,3 wk ahead inc flu hosp,3/25/2023,50,quantile,0.1,0
3/6/2023,3 wk ahead inc flu hosp,3/25/2023,50,quantile,0.15,0
3/6/2023,3 wk ahead inc flu hosp,3/25/2023,50,quantile,0.2,0
3/6/2023,3 wk ahead inc flu hosp,3/25/2023,50,quantile,0.25,0
3/6/2023,3 wk ahead inc flu hosp,3/25/2023,50,quantile,0.3,0.110387978
3/6/2023,3 wk ahead inc flu hosp,3/25/2023,50,quantile,0.35,0.236314724
3/6/2023,3 wk ahead inc flu hosp,3/25/2023,50,quantile,0.4,0.366127582
3/6/2023,3 wk ahead inc flu hosp,3/25/2023,50,quantile,0.45,0.501883418
3/6/2023,3 wk ahead inc flu hosp,3/25/2023,50,quantile,0.5,0.645817131
3/6/2023,3 wk ahead inc flu hosp,3/25/2023,50,quantile,0.55,0.80058005
3/6/2023,3 wk ahead inc flu hosp,3/25/2023,50,quantile,0.6,0.96954633
3/6/2023,3 wk ahead inc flu hosp,3/25/2023,50,quantile,0.65,1.157281193
3/6/2023,3 wk ahead inc flu hosp,3/25/2023,50,quantile,0.7,1.370345562
3/6/2023,3 wk ahead inc flu hosp,3/25/2023,50,quantile,0.75,1.61882651
3/6/2023,3 wk ahead inc flu hosp,3/25/2023,50,quantile,0.8,1.919598962
3/6/2023,3 wk ahead inc flu hosp,3/25/2023,50,quantile,0.85,2.304412765
3/6/2023,3 wk ahead inc flu hosp,3/25/2023,50,quantile,0.9,2.845138276
3/6/2023,3 wk ahead inc flu hosp,3/25/2023,50,quantile,0.95,3.774571886
3/6/2023,3 wk ahead inc flu hosp,3/25/2023,50,quantile,0.975,4.718900562
3/6/2023,3 wk ahead inc flu hosp,3/25/2023,50,quantile,0.99,5.998791776
3/6/2023,3 wk ahead inc flu hosp,3/25/2023,51,point,NA,42.11058287
3/6/2023,3 wk ahead inc flu hosp,3/25/2023,51,quantile,0.01,2.983286442
3/6/2023,3 wk ahead inc flu hosp,3/25/2023,51,quantile,0.025,5.818200692
3/6/2023,3 wk ahead inc flu hosp,3/25/2023,51,quantile,0.05,9.086019202
3/6/2023,3 wk ahead inc flu hosp,3/25/2023,51,quantile,0.1,13.92960259
3/6/2023,3 wk ahead inc flu hosp,3/25/2023,51,quantile,0.15,17.91294007
3/6/2023,3 wk ahead inc flu hosp,3/25/2023,51,quantile,0.2,21.52132754
3/6/2023,3 wk ahead inc flu hosp,3/25/2023,51,quantile,0.25,24.94584939
3/6/2023,3 wk ahead inc flu hosp,3/25/2023,51,quantile,0.3,28.29079986
3/6/2023,3 wk ahead inc flu hosp,3/25/2023,51,quantile,0.35,31.62619348
3/6/2023,3 wk ahead inc flu hosp,3/25/2023,51,quantile,0.4,35.00743366
3/6/2023,3 wk ahead inc flu hosp,3/25/2023,51,quantile,0.45,38.48497554
3/6/2023,3 wk ahead inc flu hosp,3/25/2023,51,quantile,0.5,42.11058287
3/6/2023,3 wk ahead inc flu hosp,3/25/2023,51,quantile,0.55,45.94285227
3/6/2023,3 wk ahead inc flu hosp,3/25/2023,51,quantile,0.6,50.05371648
3/6/2023,3 wk ahead inc flu hosp,3/25/2023,51,quantile,0.65,54.53787967
3/6/2023,3 wk ahead inc flu hosp,3/25/2023,51,quantile,0.7,59.52857995
3/6/2023,3 wk ahead inc flu hosp,3/25/2023,51,quantile,0.75,65.22706095
3/6/2023,3 wk ahead inc flu hosp,3/25/2023,51,quantile,0.8,71.96455321
3/6/2023,3 wk ahead inc flu hosp,3/25/2023,51,quantile,0.85,80.35394468
3/6/2023,3 wk ahead inc flu hosp,3/25/2023,51,quantile,0.9,91.75595458
3/6/2023,3 wk ahead inc flu hosp,3/25/2023,51,quantile,0.95,110.4611825
3/6/2023,3 wk ahead inc flu hosp,3/25/2023,51,quantile,0.975,128.5097522
3/6/2023,3 wk ahead inc flu hosp,3/25/2023,51,quantile,0.99,151.7282931
3/6/2023,3 wk ahead inc flu hosp,3/25/2023,53,point,NA,21.9196126
3/6/2023,3 wk ahead inc flu hosp,3/25/2023,53,quantile,0.01,0
3/6/2023,3 wk ahead inc flu hosp,3/25/2023,53,quantile,0.025,0.657090194
3/6/2023,3 wk ahead inc flu hosp,3/25/2023,53,quantile,0.05,1.860415909
3/6/2023,3 wk ahead inc flu hosp,3/25/2023,53,quantile,0.1,3.977072373
3/6/2023,3 wk ahead inc flu hosp,3/25/2023,53,quantile,0.15,5.972201485
3/6/2023,3 wk ahead inc flu hosp,3/25/2023,53,quantile,0.2,7.954825532
3/6/2023,3 wk ahead inc flu hosp,3/25/2023,53,quantile,0.25,9.977772935
3/6/2023,3 wk ahead inc flu hosp,3/25/2023,53,quantile,0.3,12.07775687
3/6/2023,3 wk ahead inc flu hosp,3/25/2023,53,quantile,0.35,14.28685777
3/6/2023,3 wk ahead inc flu hosp,3/25/2023,53,quantile,0.4,16.63773163
3/6/2023,3 wk ahead inc flu hosp,3/25/2023,53,quantile,0.45,19.16716856
3/6/2023,3 wk ahead inc flu hosp,3/25/2023,53,quantile,0.5,21.9196126
3/6/2023,3 wk ahead inc flu hosp,3/25/2023,53,quantile,0.55,24.95166173
3/6/2023,3 wk ahead inc flu hosp,3/25/2023,53,quantile,0.6,28.33875148
3/6/2023,3 wk ahead inc flu hosp,3/25/2023,53,quantile,0.65,32.18607711
3/6/2023,3 wk ahead inc flu hosp,3/25/2023,53,quantile,0.7,36.64792868
3/6/2023,3 wk ahead inc flu hosp,3/25/2023,53,quantile,0.75,41.96500118
3/6/2023,3 wk ahead inc flu hosp,3/25/2023,53,quantile,0.8,48.54460978
3/6/2023,3 wk ahead inc flu hosp,3/25/2023,53,quantile,0.85,57.16102133
3/6/2023,3 wk ahead inc flu hosp,3/25/2023,53,quantile,0.9,69.58569375
3/6/2023,3 wk ahead inc flu hosp,3/25/2023,53,quantile,0.95,91.63428147
3/6/2023,3 wk ahead inc flu hosp,3/25/2023,53,quantile,0.975,114.7323474
3/6/2023,3 wk ahead inc flu hosp,3/25/2023,53,quantile,0.99,146.8835636
3/6/2023,3 wk ahead inc flu hosp,3/25/2023,54,point,NA,8.216780403
3/6/2023,3 wk ahead inc flu hosp,3/25/2023,54,quantile,0.01,0.006950568
3/6/2023,3 wk ahead inc flu hosp,3/25/2023,54,quantile,0.025,0.634135252
3/6/2023,3 wk ahead inc flu hosp,3/25/2023,54,quantile,0.05,1.34039837
3/6/2023,3 wk ahead inc flu hosp,3/25/2023,54,quantile,0.1,2.370109157
3/6/2023,3 wk ahead inc flu hosp,3/25/2023,54,quantile,0.15,3.207765228
3/6/2023,3 wk ahead inc flu hosp,3/25/2023,54,quantile,0.2,3.961820572
3/6/2023,3 wk ahead inc flu hosp,3/25/2023,54,quantile,0.25,4.67432594
3/6/2023,3 wk ahead inc flu hosp,3/25/2023,54,quantile,0.3,5.367948848
3/6/2023,3 wk ahead inc flu hosp,3/25/2023,54,quantile,0.35,6.057717802
3/6/2023,3 wk ahead inc flu hosp,3/25/2023,54,quantile,0.4,6.75537481
3/6/2023,3 wk ahead inc flu hosp,3/25/2023,54,quantile,0.45,7.471485594
3/6/2023,3 wk ahead inc flu hosp,3/25/2023,54,quantile,0.5,8.216780403
3/6/2023,3 wk ahead inc flu hosp,3/25/2023,54,quantile,0.55,9.003312277
3/6/2023,3 wk ahead inc flu hosp,3/25/2023,54,quantile,0.6,9.845797427
3/6/2023,3 wk ahead inc flu hosp,3/25/2023,54,quantile,0.65,10.76354138
3/6/2023,3 wk ahead inc flu hosp,3/25/2023,54,quantile,0.7,11.78364279
3/6/2023,3 wk ahead inc flu hosp,3/25/2023,54,quantile,0.75,12.94697288
3/6/2023,3 wk ahead inc flu hosp,3/25/2023,54,quantile,0.8,14.32074102
3/6/2023,3 wk ahead inc flu hosp,3/25/2023,54,quantile,0.85,16.02923136
3/6/2023,3 wk ahead inc flu hosp,3/25/2023,54,quantile,0.9,18.34824973
3/6/2023,3 wk ahead inc flu hosp,3/25/2023,54,quantile,0.95,22.14708021
3/6/2023,3 wk ahead inc flu hosp,3/25/2023,54,quantile,0.975,25.80787866
3/6/2023,3 wk ahead inc flu hosp,3/25/2023,54,quantile,0.99,30.51275145
3/6/2023,3 wk ahead inc flu hosp,3/25/2023,55,point,NA,8.743690594
3/6/2023,3 wk ahead inc flu hosp,3/25/2023,55,quantile,0.01,0.650038119
3/6/2023,3 wk ahead inc flu hosp,3/25/2023,55,quantile,0.025,1.288597781
3/6/2023,3 wk ahead inc flu hosp,3/25/2023,55,quantile,0.05,1.981614971
3/6/2023,3 wk ahead inc flu hosp,3/25/2023,55,quantile,0.1,2.976296532
3/6/2023,3 wk ahead inc flu hosp,3/25/2023,55,quantile,0.15,3.783867442
3/6/2023,3 wk ahead inc flu hosp,3/25/2023,55,quantile,0.2,4.513910726
3/6/2023,3 wk ahead inc flu hosp,3/25/2023,55,quantile,0.25,5.208071223
3/6/2023,3 wk ahead inc flu hosp,3/25/2023,55,quantile,0.3,5.888752214
3/6/2023,3 wk ahead inc flu hosp,3/25/2023,55,quantile,0.35,6.570974688
3/6/2023,3 wk ahead inc flu hosp,3/25/2023,55,quantile,0.4,7.266730742
3/6/2023,3 wk ahead inc flu hosp,3/25/2023,55,quantile,0.45,7.987109676
3/6/2023,3 wk ahead inc flu hosp,3/25/2023,55,quantile,0.5,8.743690594
3/6/2023,3 wk ahead inc flu hosp,3/25/2023,55,quantile,0.55,9.549803986
3/6/2023,3 wk ahead inc flu hosp,3/25/2023,55,quantile,0.6,10.42205696
3/6/2023,3 wk ahead inc flu hosp,3/25/2023,55,quantile,0.65,11.3825887
3/6/2023,3 wk ahead inc flu hosp,3/25/2023,55,quantile,0.7,12.46288532
3/6/2023,3 wk ahead inc flu hosp,3/25/2023,55,quantile,0.75,13.71097739
3/6/2023,3 wk ahead inc flu hosp,3/25/2023,55,quantile,0.8,15.20669964
3/6/2023,3 wk ahead inc flu hosp,3/25/2023,55,quantile,0.85,17.09935493
3/6/2023,3 wk ahead inc flu hosp,3/25/2023,55,quantile,0.9,19.72470117
3/6/2023,3 wk ahead inc flu hosp,3/25/2023,55,quantile,0.95,24.16089278
3/6/2023,3 wk ahead inc flu hosp,3/25/2023,55,quantile,0.975,28.58866961
3/6/2023,3 wk ahead inc flu hosp,3/25/2023,55,quantile,0.99,34.48889288
3/6/2023,3 wk ahead inc flu hosp,3/25/2023,56,point,NA,1.362903889
3/6/2023,3 wk ahead inc flu hosp,3/25/2023,56,quantile,0.01,0
3/6/2023,3 wk ahead inc flu hosp,3/25/2023,56,quantile,0.025,0
3/6/2023,3 wk ahead inc flu hosp,3/25/2023,56,quantile,0.05,0
3/6/2023,3 wk ahead inc flu hosp,3/25/2023,56,quantile,0.1,0.06358134
3/6/2023,3 wk ahead inc flu hosp,3/25/2023,56,quantile,0.15,0.253690174
3/6/2023,3 wk ahead inc flu hosp,3/25/2023,56,quantile,0.2,0.4226087
3/6/2023,3 wk ahead inc flu hosp,3/25/2023,56,quantile,0.25,0.58103235
3/6/2023,3 wk ahead inc flu hosp,3/25/2023,56,quantile,0.3,0.734569503
3/6/2023,3 wk ahead inc flu hosp,3/25/2023,56,quantile,0.35,0.886857594
3/6/2023,3 wk ahead inc flu hosp,3/25/2023,56,quantile,0.4,1.040688114
3/6/2023,3 wk ahead inc flu hosp,3/25/2023,56,quantile,0.45,1.198538944
3/6/2023,3 wk ahead inc flu hosp,3/25/2023,56,quantile,0.5,1.362903889
3/6/2023,3 wk ahead inc flu hosp,3/25/2023,56,quantile,0.55,1.536570454
3/6/2023,3 wk ahead inc flu hosp,3/25/2023,56,quantile,0.6,1.722936205
3/6/2023,3 wk ahead inc flu hosp,3/25/2023,56,quantile,0.65,1.926460462
3/6/2023,3 wk ahead inc flu hosp,3/25/2023,56,quantile,0.7,2.15341506
3/6/2023,3 wk ahead inc flu hosp,3/25/2023,56,quantile,0.75,2.413288235
3/6/2023,3 wk ahead inc flu hosp,3/25/2023,56,quantile,0.8,2.721744489
3/6/2023,3 wk ahead inc flu hosp,3/25/2023,56,quantile,0.85,3.107895717
3/6/2023,3 wk ahead inc flu hosp,3/25/2023,56,quantile,0.9,3.63676862
3/6/2023,3 wk ahead inc flu hosp,3/25/2023,56,quantile,0.95,4.515309183
3/6/2023,3 wk ahead inc flu hosp,3/25/2023,56,quantile,0.975,5.376427899
3/6/2023,3 wk ahead inc flu hosp,3/25/2023,56,quantile,0.99,6.503894451
3/6/2023,3 wk ahead inc flu hosp,3/25/2023,72,point,NA,35.88750964
3/6/2023,3 wk ahead inc flu hosp,3/25/2023,72,quantile,0.01,2.505648529
3/6/2023,3 wk ahead inc flu hosp,3/25/2023,72,quantile,0.025,4.751593392
3/6/2023,3 wk ahead inc flu hosp,3/25/2023,72,quantile,0.05,7.370454551
3/6/2023,3 wk ahead inc flu hosp,3/25/2023,72,quantile,0.1,11.32741355
3/6/2023,3 wk ahead inc flu hosp,3/25/2023,72,quantile,0.15,14.64781288
3/6/2023,3 wk ahead inc flu hosp,3/25/2023,72,quantile,0.2,17.70386542
3/6/2023,3 wk ahead inc flu hosp,3/25/2023,72,quantile,0.25,20.64380982
3/6/2023,3 wk ahead inc flu hosp,3/25/2023,72,quantile,0.3,23.55044187
3/6/2023,3 wk ahead inc flu hosp,3/25/2023,72,quantile,0.35,26.48128355
3/6/2023,3 wk ahead inc flu hosp,3/25/2023,72,quantile,0.4,29.48380754
3/6/2023,3 wk ahead inc flu hosp,3/25/2023,72,quantile,0.45,32.60316518
3/6/2023,3 wk ahead inc flu hosp,3/25/2023,72,quantile,0.5,35.88750964
3/6/2023,3 wk ahead inc flu hosp,3/25/2023,72,quantile,0.55,39.39306701
3/6/2023,3 wk ahead inc flu hosp,3/25/2023,72,quantile,0.6,43.19047767
3/6/2023,3 wk ahead inc flu hosp,3/25/2023,72,quantile,0.65,47.37432374
3/6/2023,3 wk ahead inc flu hosp,3/25/2023,72,quantile,0.7,52.07933237
3/6/2023,3 wk ahead inc flu hosp,3/25/2023,72,quantile,0.75,57.5109675
3/6/2023,3 wk ahead inc flu hosp,3/25/2023,72,quantile,0.8,64.01019525
3/6/2023,3 wk ahead inc flu hosp,3/25/2023,72,quantile,0.85,72.21292362
3/6/2023,3 wk ahead inc flu hosp,3/25/2023,72,quantile,0.9,83.5434171
3/6/2023,3 wk ahead inc flu hosp,3/25/2023,72,quantile,0.95,102.5460237
3/6/2023,3 wk ahead inc flu hosp,3/25/2023,72,quantile,0.975,121.3228702
3/6/2023,3 wk ahead inc flu hosp,3/25/2023,72,quantile,0.99,146.0494572
3/6/2023,3 wk ahead inc flu hosp,3/25/2023,78,point,NA,3.90E-13
3/6/2023,3 wk ahead inc flu hosp,3/25/2023,78,quantile,0.01,0
3/6/2023,3 wk ahead inc flu hosp,3/25/2023,78,quantile,0.025,0
3/6/2023,3 wk ahead inc flu hosp,3/25/2023,78,quantile,0.05,0
3/6/2023,3 wk ahead inc flu hosp,3/25/2023,78,quantile,0.1,0
3/6/2023,3 wk ahead inc flu hosp,3/25/2023,78,quantile,0.15,0
3/6/2023,3 wk ahead inc flu hosp,3/25/2023,78,quantile,0.2,0
3/6/2023,3 wk ahead inc flu hosp,3/25/2023,78,quantile,0.25,0
3/6/2023,3 wk ahead inc flu hosp,3/25/2023,78,quantile,0.3,0
3/6/2023,3 wk ahead inc flu hosp,3/25/2023,78,quantile,0.35,0
3/6/2023,3 wk ahead inc flu hosp,3/25/2023,78,quantile,0.4,0
3/6/2023,3 wk ahead inc flu hosp,3/25/2023,78,quantile,0.45,0
3/6/2023,3 wk ahead inc flu hosp,3/25/2023,78,quantile,0.5,3.90E-13
3/6/2023,3 wk ahead inc flu hosp,3/25/2023,78,quantile,0.55,0.057484263
3/6/2023,3 wk ahead inc flu hosp,3/25/2023,78,quantile,0.6,0.118572106
3/6/2023,3 wk ahead inc flu hosp,3/25/2023,78,quantile,0.65,0.184645375
3/6/2023,3 wk ahead inc flu hosp,3/25/2023,78,quantile,0.7,0.257618353
3/6/2023,3 wk ahead inc flu hosp,3/25/2023,78,quantile,0.75,0.340356716
3/6/2023,3 wk ahead inc flu hosp,3/25/2023,78,quantile,0.8,0.437555155
3/6/2023,3 wk ahead inc flu hosp,3/25/2023,78,quantile,0.85,0.557883697
3/6/2023,3 wk ahead inc flu hosp,3/25/2023,78,quantile,0.9,0.720590941
3/6/2023,3 wk ahead inc flu hosp,3/25/2023,78,quantile,0.95,0.98648222
3/6/2023,3 wk ahead inc flu hosp,3/25/2023,78,quantile,0.975,1.24283721
3/6/2023,3 wk ahead inc flu hosp,3/25/2023,78,quantile,0.99,1.573480844
3/6/2023,3 wk ahead inc flu hosp,3/25/2023,US,point,NA,1192.806658
3/6/2023,3 wk ahead inc flu hosp,3/25/2023,US,quantile,0.01,38.35995932
3/6/2023,3 wk ahead inc flu hosp,3/25/2023,US,quantile,0.025,96.40694906
3/6/2023,3 wk ahead inc flu hosp,3/25/2023,US,quantile,0.05,175.203633
3/6/2023,3 wk ahead inc flu hosp,3/25/2023,US,quantile,0.1,305.4362596
3/6/2023,3 wk ahead inc flu hosp,3/25/2023,US,quantile,0.15,420.2842157
3/6/2023,3 wk ahead inc flu hosp,3/25/2023,US,quantile,0.2,528.5746586
3/6/2023,3 wk ahead inc flu hosp,3/25/2023,US,quantile,0.25,634.2649527
3/6/2023,3 wk ahead inc flu hosp,3/25/2023,US,quantile,0.3,739.7472052
3/6/2023,3 wk ahead inc flu hosp,3/25/2023,US,quantile,0.35,846.7933081
3/6/2023,3 wk ahead inc flu hosp,3/25/2023,US,quantile,0.4,956.9441707
3/6/2023,3 wk ahead inc flu hosp,3/25/2023,US,quantile,0.45,1071.724771
3/6/2023,3 wk ahead inc flu hosp,3/25/2023,US,quantile,0.5,1192.806658
3/6/2023,3 wk ahead inc flu hosp,3/25/2023,US,quantile,0.55,1322.175444
3/6/2023,3 wk ahead inc flu hosp,3/25/2023,US,quantile,0.6,1462.350261
3/6/2023,3 wk ahead inc flu hosp,3/25/2023,US,quantile,0.65,1616.720354
3/6/2023,3 wk ahead inc flu hosp,3/25/2023,US,quantile,0.7,1790.12154
3/6/2023,3 wk ahead inc flu hosp,3/25/2023,US,quantile,0.75,1989.925756
3/6/2023,3 wk ahead inc flu hosp,3/25/2023,US,quantile,0.8,2228.344493
3/6/2023,3 wk ahead inc flu hosp,3/25/2023,US,quantile,0.85,2528.084085
3/6/2023,3 wk ahead inc flu hosp,3/25/2023,US,quantile,0.9,2939.780187
3/6/2023,3 wk ahead inc flu hosp,3/25/2023,US,quantile,0.95,3623.91561
3/6/2023,3 wk ahead inc flu hosp,3/25/2023,US,quantile,0.975,4292.206855
3/6/2023,3 wk ahead inc flu hosp,3/25/2023,US,quantile,0.99,5161.133176
3/6/2023,4 wk ahead inc flu hosp,4/1/2023,1,point,NA,14.32084948
3/6/2023,4 wk ahead inc flu hosp,4/1/2023,1,quantile,0.01,0.168643631
3/6/2023,4 wk ahead inc flu hosp,4/1/2023,1,quantile,0.025,1.030854594
3/6/2023,4 wk ahead inc flu hosp,4/1/2023,1,quantile,0.05,2.072877163
3/6/2023,4 wk ahead inc flu hosp,4/1/2023,1,quantile,0.1,3.693788298
3/6/2023,4 wk ahead inc flu hosp,4/1/2023,1,quantile,0.15,5.083548996
3/6/2023,4 wk ahead inc flu hosp,4/1/2023,1,quantile,0.2,6.380377511
3/6/2023,4 wk ahead inc flu hosp,4/1/2023,1,quantile,0.25,7.64088963
3/6/2023,4 wk ahead inc flu hosp,4/1/2023,1,quantile,0.3,8.897645661
3/6/2023,4 wk ahead inc flu hosp,4/1/2023,1,quantile,0.35,10.17402589
3/6/2023,4 wk ahead inc flu hosp,4/1/2023,1,quantile,0.4,11.48999463
3/6/2023,4 wk ahead inc flu hosp,4/1/2023,1,quantile,0.45,12.86513403
3/6/2023,4 wk ahead inc flu hosp,4/1/2023,1,quantile,0.5,14.32084948
3/6/2023,4 wk ahead inc flu hosp,4/1/2023,1,quantile,0.55,15.88258945
3/6/2023,4 wk ahead inc flu hosp,4/1/2023,1,quantile,0.6,17.58272748
3/6/2023,4 wk ahead inc flu hosp,4/1/2023,1,quantile,0.65,19.4649768
3/6/2023,4 wk ahead inc flu hosp,4/1/2023,1,quantile,0.7,21.59196623
3/6/2023,4 wk ahead inc flu hosp,4/1/2023,1,quantile,0.75,24.05960587
3/6/2023,4 wk ahead inc flu hosp,4/1/2023,1,quantile,0.8,27.02758042
3/6/2023,4 wk ahead inc flu hosp,4/1/2023,1,quantile,0.85,30.79457764
3/6/2023,4 wk ahead inc flu hosp,4/1/2023,1,quantile,0.9,36.03162912
3/6/2023,4 wk ahead inc flu hosp,4/1/2023,1,quantile,0.95,44.88823421
3/6/2023,4 wk ahead inc flu hosp,4/1/2023,1,quantile,0.975,53.71411419
3/6/2023,4 wk ahead inc flu hosp,4/1/2023,1,quantile,0.99,65.42849613
3/6/2023,4 wk ahead inc flu hosp,4/1/2023,2,point,NA,1.517477701
3/6/2023,4 wk ahead inc flu hosp,4/1/2023,2,quantile,0.01,0
3/6/2023,4 wk ahead inc flu hosp,4/1/2023,2,quantile,0.025,0
3/6/2023,4 wk ahead inc flu hosp,4/1/2023,2,quantile,0.05,0
3/6/2023,4 wk ahead inc flu hosp,4/1/2023,2,quantile,0.1,0
3/6/2023,4 wk ahead inc flu hosp,4/1/2023,2,quantile,0.15,0
3/6/2023,4 wk ahead inc flu hosp,4/1/2023,2,quantile,0.2,0
3/6/2023,4 wk ahead inc flu hosp,4/1/2023,2,quantile,0.25,0
3/6/2023,4 wk ahead inc flu hosp,4/1/2023,2,quantile,0.3,0
3/6/2023,4 wk ahead inc flu hosp,4/1/2023,2,quantile,0.35,0.101179207
3/6/2023,4 wk ahead inc flu hosp,4/1/2023,2,quantile,0.4,0.528222837
3/6/2023,4 wk ahead inc flu hosp,4/1/2023,2,quantile,0.45,0.999511074
3/6/2023,4 wk ahead inc flu hosp,4/1/2023,2,quantile,0.5,1.517477701
3/6/2023,4 wk ahead inc flu hosp,4/1/2023,2,quantile,0.55,2.087797272
3/6/2023,4 wk ahead inc flu hosp,4/1/2023,2,quantile,0.6,2.719722135
3/6/2023,4 wk ahead inc flu hosp,4/1/2023,2,quantile,0.65,3.427253753
3/6/2023,4 wk ahead inc flu hosp,4/1/2023,2,quantile,0.7,4.231566563
3/6/2023,4 wk ahead inc flu hosp,4/1/2023,2,quantile,0.75,5.165858489
3/6/2023,4 wk ahead inc flu hosp,4/1/2023,2,quantile,0.8,6.285766186
3/6/2023,4 wk ahead inc flu hosp,4/1/2023,2,quantile,0.85,7.694958477
3/6/2023,4 wk ahead inc flu hosp,4/1/2023,2,quantile,0.9,9.623625176
3/6/2023,4 wk ahead inc flu hosp,4/1/2023,2,quantile,0.95,12.79360663
3/6/2023,4 wk ahead inc flu hosp,4/1/2023,2,quantile,0.975,15.83701122
3/6/2023,4 wk ahead inc flu hosp,4/1/2023,2,quantile,0.99,19.71062713
3/6/2023,4 wk ahead inc flu hosp,4/1/2023,4,point,NA,43.69578804
3/6/2023,4 wk ahead inc flu hosp,4/1/2023,4,quantile,0.01,6.189183814
3/6/2023,4 wk ahead inc flu hosp,4/1/2023,4,quantile,0.025,9.089782298
3/6/2023,4 wk ahead inc flu hosp,4/1/2023,4,quantile,0.05,12.26008635
3/6/2023,4 wk ahead inc flu hosp,4/1/2023,4,quantile,0.1,16.83795922
3/6/2023,4 wk ahead inc flu hosp,4/1/2023,4,quantile,0.15,20.57191296
3/6/2023,4 wk ahead inc flu hosp,4/1/2023,4,quantile,0.2,23.95751693
3/6/2023,4 wk ahead inc flu hosp,4/1/2023,4,quantile,0.25,27.18399227
3/6/2023,4 wk ahead inc flu hosp,4/1/2023,4,quantile,0.3,30.3536449
3/6/2023,4 wk ahead inc flu hosp,4/1/2023,4,quantile,0.35,33.53547913
3/6/2023,4 wk ahead inc flu hosp,4/1/2023,4,quantile,0.4,36.7849486
3/6/2023,4 wk ahead inc flu hosp,4/1/2023,4,quantile,0.45,40.15365951
3/6/2023,4 wk ahead inc flu hosp,4/1/2023,4,quantile,0.5,43.69578804
3/6/2023,4 wk ahead inc flu hosp,4/1/2023,4,quantile,0.55,47.47395925
3/6/2023,4 wk ahead inc flu hosp,4/1/2023,4,quantile,0.6,51.56641515
3/6/2023,4 wk ahead inc flu hosp,4/1/2023,4,quantile,0.65,56.07766314
3/6/2023,4 wk ahead inc flu hosp,4/1/2023,4,quantile,0.7,61.15652558
3/6/2023,4 wk ahead inc flu hosp,4/1/2023,4,quantile,0.75,67.03022717
3/6/2023,4 wk ahead inc flu hosp,4/1/2023,4,quantile,0.8,74.07670305
3/6/2023,4 wk ahead inc flu hosp,4/1/2023,4,quantile,0.85,83.00313866
3/6/2023,4 wk ahead inc flu hosp,4/1/2023,4,quantile,0.9,95.40073848
3/6/2023,4 wk ahead inc flu hosp,4/1/2023,4,quantile,0.95,116.3823979
3/6/2023,4 wk ahead inc flu hosp,4/1/2023,4,quantile,0.975,137.3560834
3/6/2023,4 wk ahead inc flu hosp,4/1/2023,4,quantile,0.99,165.3417458
3/6/2023,4 wk ahead inc flu hosp,4/1/2023,5,point,NA,21.30431354
3/6/2023,4 wk ahead inc flu hosp,4/1/2023,5,quantile,0.01,2.286159394
3/6/2023,4 wk ahead inc flu hosp,4/1/2023,5,quantile,0.025,3.808416093
3/6/2023,4 wk ahead inc flu hosp,4/1/2023,5,quantile,0.05,5.471496492
3/6/2023,4 wk ahead inc flu hosp,4/1/2023,5,quantile,0.1,7.855803216
3/6/2023,4 wk ahead inc flu hosp,4/1/2023,5,quantile,0.15,9.780810049
3/6/2023,4 wk ahead inc flu hosp,4/1/2023,5,quantile,0.2,11.50998726
3/6/2023,4 wk ahead inc flu hosp,4/1/2023,5,quantile,0.25,13.14365999
3/6/2023,4 wk ahead inc flu hosp,4/1/2023,5,quantile,0.3,14.73543295
3/6/2023,4 wk ahead inc flu hosp,4/1/2023,5,quantile,0.35,16.32072138
3/6/2023,4 wk ahead inc flu hosp,4/1/2023,5,quantile,0.4,17.9272115
3/6/2023,4 wk ahead inc flu hosp,4/1/2023,5,quantile,0.45,19.57990318
3/6/2023,4 wk ahead inc flu hosp,4/1/2023,5,quantile,0.5,21.30431354
3/6/2023,4 wk ahead inc flu hosp,4/1/2023,5,quantile,0.55,23.12925941
3/6/2023,4 wk ahead inc flu hosp,4/1/2023,5,quantile,0.6,25.09010072
3/6/2023,4 wk ahead inc flu hosp,4/1/2023,5,quantile,0.65,27.23342933
3/6/2023,4 wk ahead inc flu hosp,4/1/2023,5,quantile,0.7,29.62490092
3/6/2023,4 wk ahead inc flu hosp,4/1/2023,5,quantile,0.75,32.36389911
3/6/2023,4 wk ahead inc flu hosp,4/1/2023,5,quantile,0.8,35.6144419
3/6/2023,4 wk ahead inc flu hosp,4/1/2023,5,quantile,0.85,39.68102011
3/6/2023,4 wk ahead inc flu hosp,4/1/2023,5,quantile,0.9,45.24252813
3/6/2023,4 wk ahead inc flu hosp,4/1/2023,5,quantile,0.95,54.45299368
3/6/2023,4 wk ahead inc flu hosp,4/1/2023,5,quantile,0.975,63.44049608
3/6/2023,4 wk ahead inc flu hosp,4/1/2023,5,quantile,0.99,75.14223216
3/6/2023,4 wk ahead inc flu hosp,4/1/2023,6,point,NA,77.3
3/6/2023,4 wk ahead inc flu hosp,4/1/2023,6,quantile,0.01,0
3/6/2023,4 wk ahead inc flu hosp,4/1/2023,6,quantile,0.025,1.96895854
3/6/2023,4 wk ahead inc flu hosp,4/1/2023,6,quantile,0.05,5.433240721
3/6/2023,4 wk ahead inc flu hosp,4/1/2023,6,quantile,0.1,12.248166
3/6/2023,4 wk ahead inc flu hosp,4/1/2023,6,quantile,0.15,19.07644021
3/6/2023,4 wk ahead inc flu hosp,4/1/2023,6,quantile,0.2,26.0687017
3/6/2023,4 wk ahead inc flu hosp,4/1/2023,6,quantile,0.25,33.33328742
3/6/2023,4 wk ahead inc flu hosp,4/1/2023,6,quantile,0.3,40.96504954
3/6/2023,4 wk ahead inc flu hosp,4/1/2023,6,quantile,0.35,49.05992012
3/6/2023,4 wk ahead inc flu hosp,4/1/2023,6,quantile,0.4,57.72458606
3/6/2023,4 wk ahead inc flu hosp,4/1/2023,6,quantile,0.45,67.08553887
3/6/2023,4 wk ahead inc flu hosp,4/1/2023,6,quantile,0.5,77.3
3/6/2023,4 wk ahead inc flu hosp,4/1/2023,6,quantile,0.55,88.57127748
3/6/2023,4 wk ahead inc flu hosp,4/1/2023,6,quantile,0.6,101.1724502
3/6/2023,4 wk ahead inc flu hosp,4/1/2023,6,quantile,0.65,115.4855858
3/6/2023,4 wk ahead inc flu hosp,4/1/2023,6,quantile,0.7,132.0714088
3/6/2023,4 wk ahead inc flu hosp,4/1/2023,6,quantile,0.75,151.8036824
3/6/2023,4 wk ahead inc flu hosp,4/1/2023,6,quantile,0.8,176.1575075
3/6/2023,4 wk ahead inc flu hosp,4/1/2023,6,quantile,0.85,207.9270286
3/6/2023,4 wk ahead inc flu hosp,4/1/2023,6,quantile,0.9,253.473606
3/6/2023,4 wk ahead inc flu hosp,4/1/2023,6,quantile,0.95,333.5256201
3/6/2023,4 wk ahead inc flu hosp,4/1/2023,6,quantile,0.975,416.3805524
3/6/2023,4 wk ahead inc flu hosp,4/1/2023,6,quantile,0.99,530.15997
3/6/2023,4 wk ahead inc flu hosp,4/1/2023,8,point,NA,17.63990565
3/6/2023,4 wk ahead inc flu hosp,4/1/2023,8,quantile,0.01,0.447144394
3/6/2023,4 wk ahead inc flu hosp,4/1/2023,8,quantile,0.025,1.384952323
3/6/2023,4 wk ahead inc flu hosp,4/1/2023,8,quantile,0.05,2.533258323
3/6/2023,4 wk ahead inc flu hosp,4/1/2023,8,quantile,0.1,4.365886839
3/6/2023,4 wk ahead inc flu hosp,4/1/2023,8,quantile,0.15,5.982849106
3/6/2023,4 wk ahead inc flu hosp,4/1/2023,8,quantile,0.2,7.527770732
3/6/2023,4 wk ahead inc flu hosp,4/1/2023,8,quantile,0.25,9.060869471
3/6/2023,4 wk ahead inc flu hosp,4/1/2023,8,quantile,0.3,10.61852811
3/6/2023,4 wk ahead inc flu hosp,4/1/2023,8,quantile,0.35,12.22870071
3/6/2023,4 wk ahead inc flu hosp,4/1/2023,8,quantile,0.4,13.91705775
3/6/2023,4 wk ahead inc flu hosp,4/1/2023,8,quantile,0.45,15.71047767
3/6/2023,4 wk ahead inc flu hosp,4/1/2023,8,quantile,0.5,17.63990565
3/6/2023,4 wk ahead inc flu hosp,4/1/2023,8,quantile,0.55,19.74357412
3/6/2023,4 wk ahead inc flu hosp,4/1/2023,8,quantile,0.6,22.0714958
3/6/2023,4 wk ahead inc flu hosp,4/1/2023,8,quantile,0.65,24.6926122
3/6/2023,4 wk ahead inc flu hosp,4/1/2023,8,quantile,0.7,27.70731044
3/6/2023,4 wk ahead inc flu hosp,4/1/2023,8,quantile,0.75,31.27146407
3/6/2023,4 wk ahead inc flu hosp,4/1/2023,8,quantile,0.8,35.64800348
3/6/2023,4 wk ahead inc flu hosp,4/1/2023,8,quantile,0.85,41.33552739
3/6/2023,4 wk ahead inc flu hosp,4/1/2023,8,quantile,0.9,49.47242632
3/6/2023,4 wk ahead inc flu hosp,4/1/2023,8,quantile,0.95,63.78812102
3/6/2023,4 wk ahead inc flu hosp,4/1/2023,8,quantile,0.975,78.68133224
3/6/2023,4 wk ahead inc flu hosp,4/1/2023,8,quantile,0.99,99.31553754
3/6/2023,4 wk ahead inc flu hosp,4/1/2023,9,point,NA,10.83095649
3/6/2023,4 wk ahead inc flu hosp,4/1/2023,9,quantile,0.01,0
3/6/2023,4 wk ahead inc flu hosp,4/1/2023,9,quantile,0.025,0.185295748
3/6/2023,4 wk ahead inc flu hosp,4/1/2023,9,quantile,0.05,0.946371101
3/6/2023,4 wk ahead inc flu hosp,4/1/2023,9,quantile,0.1,2.184006
3/6/2023,4 wk ahead inc flu hosp,4/1/2023,9,quantile,0.15,3.275859376
3/6/2023,4 wk ahead inc flu hosp,4/1/2023,9,quantile,0.2,4.31130049
3/6/2023,4 wk ahead inc flu hosp,4/1/2023,9,quantile,0.25,5.328950222
3/6/2023,4 wk ahead inc flu hosp,4/1/2023,9,quantile,0.3,6.352053991
3/6/2023,4 wk ahead inc flu hosp,4/1/2023,9,quantile,0.35,7.3980494
3/6/2023,4 wk ahead inc flu hosp,4/1/2023,9,quantile,0.4,8.482427372
3/6/2023,4 wk ahead inc flu hosp,4/1/2023,9,quantile,0.45,9.620877522
3/6/2023,4 wk ahead inc flu hosp,4/1/2023,9,quantile,0.5,10.83095649
3/6/2023,4 wk ahead inc flu hosp,4/1/2023,9,quantile,0.55,12.13386931
3/6/2023,4 wk ahead inc flu hosp,4/1/2023,9,quantile,0.6,13.55686533
3/6/2023,4 wk ahead inc flu hosp,4/1/2023,9,quantile,0.65,15.13696967
3/6/2023,4 wk ahead inc flu hosp,4/1/2023,9,quantile,0.7,16.92743045
3/6/2023,4 wk ahead inc flu hosp,4/1/2023,9,quantile,0.75,19.0099774
3/6/2023,4 wk ahead inc flu hosp,4/1/2023,9,quantile,0.8,21.52086919
3/6/2023,4 wk ahead inc flu hosp,4/1/2023,9,quantile,0.85,24.71517987
3/6/2023,4 wk ahead inc flu hosp,4/1/2023,9,quantile,0.9,29.16623507
3/6/2023,4 wk ahead inc flu hosp,4/1/2023,9,quantile,0.95,36.71108195
3/6/2023,4 wk ahead inc flu hosp,4/1/2023,9,quantile,0.975,44.2421966
3/6/2023,4 wk ahead inc flu hosp,4/1/2023,9,quantile,0.99,54.24645075
3/6/2023,4 wk ahead inc flu hosp,4/1/2023,10,point,NA,2.946424608
3/6/2023,4 wk ahead inc flu hosp,4/1/2023,10,quantile,0.01,0
3/6/2023,4 wk ahead inc flu hosp,4/1/2023,10,quantile,0.025,0
3/6/2023,4 wk ahead inc flu hosp,4/1/2023,10,quantile,0.05,0
3/6/2023,4 wk ahead inc flu hosp,4/1/2023,10,quantile,0.1,0.377284796
3/6/2023,4 wk ahead inc flu hosp,4/1/2023,10,quantile,0.15,0.714889658
3/6/2023,4 wk ahead inc flu hosp,4/1/2023,10,quantile,0.2,1.0278629
3/6/2023,4 wk ahead inc flu hosp,4/1/2023,10,quantile,0.25,1.331354715
3/6/2023,4 wk ahead inc flu hosp,4/1/2023,10,quantile,0.3,1.633894127
3/6/2023,4 wk ahead inc flu hosp,4/1/2023,10,quantile,0.35,1.941529086
3/6/2023,4 wk ahead inc flu hosp,4/1/2023,10,quantile,0.4,2.259394102
3/6/2023,4 wk ahead inc flu hosp,4/1/2023,10,quantile,0.45,2.592521435
3/6/2023,4 wk ahead inc flu hosp,4/1/2023,10,quantile,0.5,2.946424608
3/6/2023,4 wk ahead inc flu hosp,4/1/2023,10,quantile,0.55,3.32768409
3/6/2023,4 wk ahead inc flu hosp,4/1/2023,10,quantile,0.6,3.744709322
3/6/2023,4 wk ahead inc flu hosp,4/1/2023,10,quantile,0.65,4.208910631
3/6/2023,4 wk ahead inc flu hosp,4/1/2023,10,quantile,0.7,4.736719007
3/6/2023,4 wk ahead inc flu hosp,4/1/2023,10,quantile,0.75,5.35343358
3/6/2023,4 wk ahead inc flu hosp,4/1/2023,10,quantile,0.8,6.101429288
3/6/2023,4 wk ahead inc flu hosp,4/1/2023,10,quantile,0.85,7.060524054
3/6/2023,4 wk ahead inc flu hosp,4/1/2023,10,quantile,0.9,8.411618553
3/6/2023,4 wk ahead inc flu hosp,4/1/2023,10,quantile,0.95,10.74161369
3/6/2023,4 wk ahead inc flu hosp,4/1/2023,10,quantile,0.975,13.11691342
3/6/2023,4 wk ahead inc flu hosp,4/1/2023,10,quantile,0.99,16.34637888
3/6/2023,4 wk ahead inc flu hosp,4/1/2023,11,point,NA,3.614343139
3/6/2023,4 wk ahead inc flu hosp,4/1/2023,11,quantile,0.01,0
3/6/2023,4 wk ahead inc flu hosp,4/1/2023,11,quantile,0.025,0
3/6/2023,4 wk ahead inc flu hosp,4/1/2023,11,quantile,0.05,0.159147186
3/6/2023,4 wk ahead inc flu hosp,4/1/2023,11,quantile,0.1,0.628034465
3/6/2023,4 wk ahead inc flu hosp,4/1/2023,11,quantile,0.15,1.022159312
3/6/2023,4 wk ahead inc flu hosp,4/1/2023,11,quantile,0.2,1.386901361
3/6/2023,4 wk ahead inc flu hosp,4/1/2023,11,quantile,0.25,1.740124067
3/6/2023,4 wk ahead inc flu hosp,4/1/2023,11,quantile,0.3,2.091849303
3/6/2023,4 wk ahead inc flu hosp,4/1/2023,11,quantile,0.35,2.449154329
3/6/2023,4 wk ahead inc flu hosp,4/1/2023,11,quantile,0.4,2.818021542
3/6/2023,4 wk ahead inc flu hosp,4/1/2023,11,quantile,0.45,3.204291384
3/6/2023,4 wk ahead inc flu hosp,4/1/2023,11,quantile,0.5,3.614343139
3/6/2023,4 wk ahead inc flu hosp,4/1/2023,11,quantile,0.55,4.055773588
3/6/2023,4 wk ahead inc flu hosp,4/1/2023,11,quantile,0.6,4.538275992
3/6/2023,4 wk ahead inc flu hosp,4/1/2023,11,quantile,0.65,5.074988757
3/6/2023,4 wk ahead inc flu hosp,4/1/2023,11,quantile,0.7,5.684817287
3/6/2023,4 wk ahead inc flu hosp,4/1/2023,11,quantile,0.75,6.396854422
3/6/2023,4 wk ahead inc flu hosp,4/1/2023,11,quantile,0.8,7.25980691
3/6/2023,4 wk ahead inc flu hosp,4/1/2023,11,quantile,0.85,8.365379439
3/6/2023,4 wk ahead inc flu hosp,4/1/2023,11,quantile,0.9,9.921314521
3/6/2023,4 wk ahead inc flu hosp,4/1/2023,11,quantile,0.95,12.60117485
3/6/2023,4 wk ahead inc flu hosp,4/1/2023,11,quantile,0.975,15.32960126
3/6/2023,4 wk ahead inc flu hosp,4/1/2023,11,quantile,0.99,19.03466078
3/6/2023,4 wk ahead inc flu hosp,4/1/2023,12,point,NA,151.3119039
3/6/2023,4 wk ahead inc flu hosp,4/1/2023,12,quantile,0.01,26.31113903
3/6/2023,4 wk ahead inc flu hosp,4/1/2023,12,quantile,0.025,37.148508
3/6/2023,4 wk ahead inc flu hosp,4/1/2023,12,quantile,0.05,48.65368711
3/6/2023,4 wk ahead inc flu hosp,4/1/2023,12,quantile,0.1,64.75150288
3/6/2023,4 wk ahead inc flu hosp,4/1/2023,12,quantile,0.15,77.50719017
3/6/2023,4 wk ahead inc flu hosp,4/1/2023,12,quantile,0.2,88.8263772
3/6/2023,4 wk ahead inc flu hosp,4/1/2023,12,quantile,0.25,99.42160162
3/6/2023,4 wk ahead inc flu hosp,4/1/2023,12,quantile,0.3,109.6666057
3/6/2023,4 wk ahead inc flu hosp,4/1/2023,12,quantile,0.35,119.8029371
3/6/2023,4 wk ahead inc flu hosp,4/1/2023,12,quantile,0.4,130.0147069
3/6/2023,4 wk ahead inc flu hosp,4/1/2023,12,quantile,0.45,140.4638783
3/6/2023,4 wk ahead inc flu hosp,4/1/2023,12,quantile,0.5,151.3119039
3/6/2023,4 wk ahead inc flu hosp,4/1/2023,12,quantile,0.55,162.7376741
3/6/2023,4 wk ahead inc flu hosp,4/1/2023,12,quantile,0.6,174.9576334
3/6/2023,4 wk ahead inc flu hosp,4/1/2023,12,quantile,0.65,188.2541865
3/6/2023,4 wk ahead inc flu hosp,4/1/2023,12,quantile,0.7,203.0226067
3/6/2023,4 wk ahead inc flu hosp,4/1/2023,12,quantile,0.75,219.8583908
3/6/2023,4 wk ahead inc flu hosp,4/1/2023,12,quantile,0.8,239.7408302
3/6/2023,4 wk ahead inc flu hosp,4/1/2023,12,quantile,0.85,264.482492
3/6/2023,4 wk ahead inc flu hosp,4/1/2023,12,quantile,0.9,298.11267
3/6/2023,4 wk ahead inc flu hosp,4/1/2023,12,quantile,0.95,353.3681815
3/6/2023,4 wk ahead inc flu hosp,4/1/2023,12,quantile,0.975,406.8514422
3/6/2023,4 wk ahead inc flu hosp,4/1/2023,12,quantile,0.99,475.9654991
3/6/2023,4 wk ahead inc flu hosp,4/1/2023,13,point,NA,41.76
3/6/2023,4 wk ahead inc flu hosp,4/1/2023,13,quantile,0.01,1.376194124
3/6/2023,4 wk ahead inc flu hosp,4/1/2023,13,quantile,0.025,3.541865973
3/6/2023,4 wk ahead inc flu hosp,4/1/2023,13,quantile,0.05,6.294801397
3/6/2023,4 wk ahead inc flu hosp,4/1/2023,13,quantile,0.1,10.74147643
3/6/2023,4 wk ahead inc flu hosp,4/1/2023,13,quantile,0.15,14.65404986
3/6/2023,4 wk ahead inc flu hosp,4/1/2023,13,quantile,0.2,18.36242771
3/6/2023,4 wk ahead inc flu hosp,4/1/2023,13,quantile,0.25,22.00769671
3/6/2023,4 wk ahead inc flu hosp,4/1/2023,13,quantile,0.3,25.67436685
3/6/2023,4 wk ahead inc flu hosp,4/1/2023,13,quantile,0.35,29.42571688
3/6/2023,4 wk ahead inc flu hosp,4/1/2023,13,quantile,0.4,33.31796307
3/6/2023,4 wk ahead inc flu hosp,4/1/2023,13,quantile,0.45,37.40810159
3/6/2023,4 wk ahead inc flu hosp,4/1/2023,13,quantile,0.5,41.76
3/6/2023,4 wk ahead inc flu hosp,4/1/2023,13,quantile,0.55,46.45090666
3/6/2023,4 wk ahead inc flu hosp,4/1/2023,13,quantile,0.6,51.58021731
3/6/2023,4 wk ahead inc flu hosp,4/1/2023,13,quantile,0.65,57.2831443
3/6/2023,4 wk ahead inc flu hosp,4/1/2023,13,quantile,0.7,63.7543575
3/6/2023,4 wk ahead inc flu hosp,4/1/2023,13,quantile,0.75,71.29297354
3/6/2023,4 wk ahead inc flu hosp,4/1/2023,13,quantile,0.8,80.39823655
3/6/2023,4 wk ahead inc flu hosp,4/1/2023,13,quantile,0.85,92.00590506
3/6/2023,4 wk ahead inc flu hosp,4/1/2023,13,quantile,0.9,108.2225259
3/6/2023,4 wk ahead inc flu hosp,4/1/2023,13,quantile,0.95,135.8127589
3/6/2023,4 wk ahead inc flu hosp,4/1/2023,13,quantile,0.975,163.4671809
3/6/2023,4 wk ahead inc flu hosp,4/1/2023,13,quantile,0.99,200.3586949
3/6/2023,4 wk ahead inc flu hosp,4/1/2023,15,point,NA,2.347763684
3/6/2023,4 wk ahead inc flu hosp,4/1/2023,15,quantile,0.01,0
3/6/2023,4 wk ahead inc flu hosp,4/1/2023,15,quantile,0.025,0
3/6/2023,4 wk ahead inc flu hosp,4/1/2023,15,quantile,0.05,0
3/6/2023,4 wk ahead inc flu hosp,4/1/2023,15,quantile,0.1,0
3/6/2023,4 wk ahead inc flu hosp,4/1/2023,15,quantile,0.15,0.053963831
3/6/2023,4 wk ahead inc flu hosp,4/1/2023,15,quantile,0.2,0.338001783
3/6/2023,4 wk ahead inc flu hosp,4/1/2023,15,quantile,0.25,0.627730751
3/6/2023,4 wk ahead inc flu hosp,4/1/2023,15,quantile,0.3,0.92878171
3/6/2023,4 wk ahead inc flu hosp,4/1/2023,15,quantile,0.35,1.246019037
3/6/2023,4 wk ahead inc flu hosp,4/1/2023,15,quantile,0.4,1.584370733
3/6/2023,4 wk ahead inc flu hosp,4/1/2023,15,quantile,0.45,1.94938329
3/6/2023,4 wk ahead inc flu hosp,4/1/2023,15,quantile,0.5,2.347763684
3/6/2023,4 wk ahead inc flu hosp,4/1/2023,15,quantile,0.55,2.788069518
3/6/2023,4 wk ahead inc flu hosp,4/1/2023,15,quantile,0.6,3.28173424
3/6/2023,4 wk ahead inc flu hosp,4/1/2023,15,quantile,0.65,3.844745449
3/6/2023,4 wk ahead inc flu hosp,4/1/2023,15,quantile,0.7,4.500623019
3/6/2023,4 wk ahead inc flu hosp,4/1/2023,15,quantile,0.75,5.286181692
3/6/2023,4 wk ahead inc flu hosp,4/1/2023,15,quantile,0.8,6.263959916
3/6/2023,4 wk ahead inc flu hosp,4/1/2023,15,quantile,0.85,7.553377137
3/6/2023,4 wk ahead inc flu hosp,4/1/2023,15,quantile,0.9,9.429221135
3/6/2023,4 wk ahead inc flu hosp,4/1/2023,15,quantile,0.95,12.80108533
3/6/2023,4 wk ahead inc flu hosp,4/1/2023,15,quantile,0.975,16.38527172
3/6/2023,4 wk ahead inc flu hosp,4/1/2023,15,quantile,0.99,21.45038337
3/6/2023,4 wk ahead inc flu hosp,4/1/2023,16,point,NA,2.644617049
3/6/2023,4 wk ahead inc flu hosp,4/1/2023,16,quantile,0.01,0
3/6/2023,4 wk ahead inc flu hosp,4/1/2023,16,quantile,0.025,0
3/6/2023,4 wk ahead inc flu hosp,4/1/2023,16,quantile,0.05,0
3/6/2023,4 wk ahead inc flu hosp,4/1/2023,16,quantile,0.1,0
3/6/2023,4 wk ahead inc flu hosp,4/1/2023,16,quantile,0.15,0.135392702
3/6/2023,4 wk ahead inc flu hosp,4/1/2023,16,quantile,0.2,0.447188257
3/6/2023,4 wk ahead inc flu hosp,4/1/2023,16,quantile,0.25,0.765048145
3/6/2023,4 wk ahead inc flu hosp,4/1/2023,16,quantile,0.3,1.095004237
3/6/2023,4 wk ahead inc flu hosp,4/1/2023,16,quantile,0.35,1.442273317
3/6/2023,4 wk ahead inc flu hosp,4/1/2023,16,quantile,0.4,1.812136586
3/6/2023,4 wk ahead inc flu hosp,4/1/2023,16,quantile,0.45,2.210529368
3/6/2023,4 wk ahead inc flu hosp,4/1/2023,16,quantile,0.5,2.644617049
3/6/2023,4 wk ahead inc flu hosp,4/1/2023,16,quantile,0.55,3.123527327
3/6/2023,4 wk ahead inc flu hosp,4/1/2023,16,quantile,0.6,3.659436184
3/6/2023,4 wk ahead inc flu hosp,4/1/2023,16,quantile,0.65,4.26934308
3/6/2023,4 wk ahead inc flu hosp,4/1/2023,16,quantile,0.7,4.978216633
3/6/2023,4 wk ahead inc flu hosp,4/1/2023,16,quantile,0.75,5.825072793
3/6/2023,4 wk ahead inc flu hosp,4/1/2023,16,quantile,0.8,6.876063764
3/6/2023,4 wk ahead inc flu hosp,4/1/2023,16,quantile,0.85,8.257229897
3/6/2023,4 wk ahead inc flu hosp,4/1/2023,16,quantile,0.9,10.25778961
3/6/2023,4 wk ahead inc flu hosp,4/1/2023,16,quantile,0.95,13.83128992
3/6/2023,4 wk ahead inc flu hosp,4/1/2023,16,quantile,0.975,17.60300272
3/6/2023,4 wk ahead inc flu hosp,4/1/2023,16,quantile,0.99,22.89422413
3/6/2023,4 wk ahead inc flu hosp,4/1/2023,17,point,NA,32.14831272
3/6/2023,4 wk ahead inc flu hosp,4/1/2023,17,quantile,0.01,0
3/6/2023,4 wk ahead inc flu hosp,4/1/2023,17,quantile,0.025,0.685298892
3/6/2023,4 wk ahead inc flu hosp,4/1/2023,17,quantile,0.05,2.448807976
3/6/2023,4 wk ahead inc flu hosp,4/1/2023,17,quantile,0.1,5.679190315
3/6/2023,4 wk ahead inc flu hosp,4/1/2023,17,quantile,0.15,8.742327451
3/6/2023,4 wk ahead inc flu hosp,4/1/2023,17,quantile,0.2,11.76531653
3/6/2023,4 wk ahead inc flu hosp,4/1/2023,17,quantile,0.25,14.81767693
3/6/2023,4 wk ahead inc flu hosp,4/1/2023,17,quantile,0.3,17.94909052
3/6/2023,4 wk ahead inc flu hosp,4/1/2023,17,quantile,0.35,21.20254587
3/6/2023,4 wk ahead inc flu hosp,4/1/2023,17,quantile,0.4,24.62079855
3/6/2023,4 wk ahead inc flu hosp,4/1/2023,17,quantile,0.45,28.25085493
3/6/2023,4 wk ahead inc flu hosp,4/1/2023,17,quantile,0.5,32.14831272
3/6/2023,4 wk ahead inc flu hosp,4/1/2023,17,quantile,0.55,36.38276219
3/6/2023,4 wk ahead inc flu hosp,4/1/2023,17,quantile,0.6,41.0456517
3/6/2023,4 wk ahead inc flu hosp,4/1/2023,17,quantile,0.65,46.26297256
3/6/2023,4 wk ahead inc flu hosp,4/1/2023,17,quantile,0.7,52.21749475
3/6/2023,4 wk ahead inc flu hosp,4/1/2023,17,quantile,0.75,59.19130093
3/6/2023,4 wk ahead inc flu hosp,4/1/2023,17,quantile,0.8,67.65642001
3/6/2023,4 wk ahead inc flu hosp,4/1/2023,17,quantile,0.85,78.4989007
3/6/2023,4 wk ahead inc flu hosp,4/1/2023,17,quantile,0.9,93.71498962
3/6/2023,4 wk ahead inc flu hosp,4/1/2023,17,quantile,0.95,119.7173761
3/6/2023,4 wk ahead inc flu hosp,4/1/2023,17,quantile,0.975,145.8574352
3/6/2023,4 wk ahead inc flu hosp,4/1/2023,17,quantile,0.99,180.7732711
3/6/2023,4 wk ahead inc flu hosp,4/1/2023,18,point,NA,39.37425173
3/6/2023,4 wk ahead inc flu hosp,4/1/2023,18,quantile,0.01,0
3/6/2023,4 wk ahead inc flu hosp,4/1/2023,18,quantile,0.025,1.456445225
3/6/2023,4 wk ahead inc flu hosp,4/1/2023,18,quantile,0.05,4.084246265
3/6/2023,4 wk ahead inc flu hosp,4/1/2023,18,quantile,0.1,8.579610566
3/6/2023,4 wk ahead inc flu hosp,4/1/2023,18,quantile,0.15,12.58692522
3/6/2023,4 wk ahead inc flu hosp,4/1/2023,18,quantile,0.2,16.37084844
3/6/2023,4 wk ahead inc flu hosp,4/1/2023,18,quantile,0.25,20.05917346
3/6/2023,4 wk ahead inc flu hosp,4/1/2023,18,quantile,0.3,23.73140819
3/6/2023,4 wk ahead inc flu hosp,4/1/2023,18,quantile,0.35,27.44707949
3/6/2023,4 wk ahead inc flu hosp,4/1/2023,18,quantile,0.4,31.25799111
3/6/2023,4 wk ahead inc flu hosp,4/1/2023,18,quantile,0.45,35.21518361
3/6/2023,4 wk ahead inc flu hosp,4/1/2023,18,quantile,0.5,39.37425173
3/6/2023,4 wk ahead inc flu hosp,4/1/2023,18,quantile,0.55,43.80082243
3/6/2023,4 wk ahead inc flu hosp,4/1/2023,18,quantile,0.6,48.5776992
3/6/2023,4 wk ahead inc flu hosp,4/1/2023,18,quantile,0.65,53.81577128
3/6/2023,4 wk ahead inc flu hosp,4/1/2023,18,quantile,0.7,59.67263364
3/6/2023,4 wk ahead inc flu hosp,4/1/2023,18,quantile,0.75,66.38768389
3/6/2023,4 wk ahead inc flu hosp,4/1/2023,18,quantile,0.8,74.35613024
3/6/2023,4 wk ahead inc flu hosp,4/1/2023,18,quantile,0.85,84.31018833
3/6/2023,4 wk ahead inc flu hosp,4/1/2023,18,quantile,0.9,97.87580277
3/6/2023,4 wk ahead inc flu hosp,4/1/2023,18,quantile,0.95,120.1759121
3/6/2023,4 wk ahead inc flu hosp,4/1/2023,18,quantile,0.975,141.7035106
3/6/2023,4 wk ahead inc flu hosp,4/1/2023,18,quantile,0.99,169.3676861
3/6/2023,4 wk ahead inc flu hosp,4/1/2023,19,point,NA,5.456289377
3/6/2023,4 wk ahead inc flu hosp,4/1/2023,19,quantile,0.01,0
3/6/2023,4 wk ahead inc flu hosp,4/1/2023,19,quantile,0.025,0
3/6/2023,4 wk ahead inc flu hosp,4/1/2023,19,quantile,0.05,0.12573005
3/6/2023,4 wk ahead inc flu hosp,4/1/2023,19,quantile,0.1,0.79517462
3/6/2023,4 wk ahead inc flu hosp,4/1/2023,19,quantile,0.15,1.383139913
3/6/2023,4 wk ahead inc flu hosp,4/1/2023,19,quantile,0.2,1.940108598
3/6/2023,4 wk ahead inc flu hosp,4/1/2023,19,quantile,0.25,2.48754231
3/6/2023,4 wk ahead inc flu hosp,4/1/2023,19,quantile,0.3,3.038256342
3/6/2023,4 wk ahead inc flu hosp,4/1/2023,19,quantile,0.35,3.601830813
3/6/2023,4 wk ahead inc flu hosp,4/1/2023,19,quantile,0.4,4.186771384
3/6/2023,4 wk ahead inc flu hosp,4/1/2023,19,quantile,0.45,4.801701917
3/6/2023,4 wk ahead inc flu hosp,4/1/2023,19,quantile,0.5,5.456289377
3/6/2023,4 wk ahead inc flu hosp,4/1/2023,19,quantile,0.55,6.162231701
3/6/2023,4 wk ahead inc flu hosp,4/1/2023,19,quantile,0.6,6.934588468
3/6/2023,4 wk ahead inc flu hosp,4/1/2023,19,quantile,0.65,7.793856505
3/6/2023,4 wk ahead inc flu hosp,4/1/2023,19,quantile,0.7,8.769561134
3/6/2023,4 wk ahead inc flu hosp,4/1/2023,19,quantile,0.75,9.907093362
3/6/2023,4 wk ahead inc flu hosp,4/1/2023,19,quantile,0.8,11.2822577
3/6/2023,4 wk ahead inc flu hosp,4/1/2023,19,quantile,0.85,13.0372333
3/6/2023,4 wk ahead inc flu hosp,4/1/2023,19,quantile,0.9,15.4923542
3/6/2023,4 wk ahead inc flu hosp,4/1/2023,19,quantile,0.95,19.67751619
3/6/2023,4 wk ahead inc flu hosp,4/1/2023,19,quantile,0.975,23.88165513
3/6/2023,4 wk ahead inc flu hosp,4/1/2023,19,quantile,0.99,29.50278124
3/6/2023,4 wk ahead inc flu hosp,4/1/2023,20,point,NA,5.481197274
3/6/2023,4 wk ahead inc flu hosp,4/1/2023,20,quantile,0.01,0
3/6/2023,4 wk ahead inc flu hosp,4/1/2023,20,quantile,0.025,0
3/6/2023,4 wk ahead inc flu hosp,4/1/2023,20,quantile,0.05,0.351152186
3/6/2023,4 wk ahead inc flu hosp,4/1/2023,20,quantile,0.1,1.029759752
3/6/2023,4 wk ahead inc flu hosp,4/1/2023,20,quantile,0.15,1.61042858
3/6/2023,4 wk ahead inc flu hosp,4/1/2023,20,quantile,0.2,2.152220561
3/6/2023,4 wk ahead inc flu hosp,4/1/2023,20,quantile,0.25,2.679147822
3/6/2023,4 wk ahead inc flu hosp,4/1/2023,20,quantile,0.3,3.204982691
3/6/2023,4 wk ahead inc flu hosp,4/1/2023,20,quantile,0.35,3.739616361
3/6/2023,4 wk ahead inc flu hosp,4/1/2023,20,quantile,0.4,4.291512296
3/6/2023,4 wk ahead inc flu hosp,4/1/2023,20,quantile,0.45,4.86899639
3/6/2023,4 wk ahead inc flu hosp,4/1/2023,20,quantile,0.5,5.481197274
3/6/2023,4 wk ahead inc flu hosp,4/1/2023,20,quantile,0.55,6.138997155
3/6/2023,4 wk ahead inc flu hosp,4/1/2023,20,quantile,0.6,6.856271124
3/6/2023,4 wk ahead inc flu hosp,4/1/2023,20,quantile,0.65,7.651790642
3/6/2023,4 wk ahead inc flu hosp,4/1/2023,20,quantile,0.7,8.552495825
3/6/2023,4 wk ahead inc flu hosp,4/1/2023,20,quantile,0.75,9.599709281
3/6/2023,4 wk ahead inc flu hosp,4/1/2023,20,quantile,0.8,10.86234335
3/6/2023,4 wk ahead inc flu hosp,4/1/2023,20,quantile,0.85,12.46953069
3/6/2023,4 wk ahead inc flu hosp,4/1/2023,20,quantile,0.9,14.71201876
3/6/2023,4 wk ahead inc flu hosp,4/1/2023,20,quantile,0.95,18.52406194
3/6/2023,4 wk ahead inc flu hosp,4/1/2023,20,quantile,0.975,22.34508427
3/6/2023,4 wk ahead inc flu hosp,4/1/2023,20,quantile,0.99,27.44706901
3/6/2023,4 wk ahead inc flu hosp,4/1/2023,21,point,NA,13.67610026
3/6/2023,4 wk ahead inc flu hosp,4/1/2023,21,quantile,0.01,0.197718415
3/6/2023,4 wk ahead inc flu hosp,4/1/2023,21,quantile,0.025,0.95074009
3/6/2023,4 wk ahead inc flu hosp,4/1/2023,21,quantile,0.05,1.865493662
3/6/2023,4 wk ahead inc flu hosp,4/1/2023,21,quantile,0.1,3.315530606
3/6/2023,4 wk ahead inc flu hosp,4/1/2023,21,quantile,0.15,4.58834588
3/6/2023,4 wk ahead inc flu hosp,4/1/2023,21,quantile,0.2,5.800367346
3/6/2023,4 wk ahead inc flu hosp,4/1/2023,21,quantile,0.25,7.000038046
3/6/2023,4 wk ahead inc flu hosp,4/1/2023,21,quantile,0.3,8.216366791
3/6/2023,4 wk ahead inc flu hosp,4/1/2023,21,quantile,0.35,9.471426729
3/6/2023,4 wk ahead inc flu hosp,4/1/2023,21,quantile,0.4,10.7853067
3/6/2023,4 wk ahead inc flu hosp,4/1/2023,21,quantile,0.45,12.17889093
3/6/2023,4 wk ahead inc flu hosp,4/1/2023,21,quantile,0.5,13.67610026
3/6/2023,4 wk ahead inc flu hosp,4/1/2023,21,quantile,0.55,15.30638596
3/6/2023,4 wk ahead inc flu hosp,4/1/2023,21,quantile,0.6,17.10818475
3/6/2023,4 wk ahead inc flu hosp,4/1/2023,21,quantile,0.65,19.13439804
3/6/2023,4 wk ahead inc flu hosp,4/1/2023,21,quantile,0.7,21.46197126
3/6/2023,4 wk ahead inc flu hosp,4/1/2023,21,quantile,0.75,24.21027771
3/6/2023,4 wk ahead inc flu hosp,4/1/2023,21,quantile,0.8,27.58053192
3/6/2023,4 wk ahead inc flu hosp,4/1/2023,21,quantile,0.85,31.95403079
3/6/2023,4 wk ahead inc flu hosp,4/1/2023,21,quantile,0.9,38.20066315
3/6/2023,4 wk ahead inc flu hosp,4/1/2023,21,quantile,0.95,49.16727197
3/6/2023,4 wk ahead inc flu hosp,4/1/2023,21,quantile,0.975,60.55170986
3/6/2023,4 wk ahead inc flu hosp,4/1/2023,21,quantile,0.99,76.29311838
3/6/2023,4 wk ahead inc flu hosp,4/1/2023,22,point,NA,17.36667264
3/6/2023,4 wk ahead inc flu hosp,4/1/2023,22,quantile,0.01,2.313435232
3/6/2023,4 wk ahead inc flu hosp,4/1/2023,22,quantile,0.025,3.525500803
3/6/2023,4 wk ahead inc flu hosp,4/1/2023,22,quantile,0.05,4.830630657
3/6/2023,4 wk ahead inc flu hosp,4/1/2023,22,quantile,0.1,6.691960514
3/6/2023,4 wk ahead inc flu hosp,4/1/2023,22,quantile,0.15,8.196168384
3/6/2023,4 wk ahead inc flu hosp,4/1/2023,22,quantile,0.2,9.552116558
3/6/2023,4 wk ahead inc flu hosp,4/1/2023,22,quantile,0.25,10.83878324
3/6/2023,4 wk ahead inc flu hosp,4/1/2023,22,quantile,0.3,12.09845265
3/6/2023,4 wk ahead inc flu hosp,4/1/2023,22,quantile,0.35,13.3593254
3/6/2023,4 wk ahead inc flu hosp,4/1/2023,22,quantile,0.4,14.64378902
3/6/2023,4 wk ahead inc flu hosp,4/1/2023,22,quantile,0.45,15.9724357
3/6/2023,4 wk ahead inc flu hosp,4/1/2023,22,quantile,0.5,17.36667264
3/6/2023,4 wk ahead inc flu hosp,4/1/2023,22,quantile,0.55,18.8510649
3/6/2023,4 wk ahead inc flu hosp,4/1/2023,22,quantile,0.6,20.45614833
3/6/2023,4 wk ahead inc flu hosp,4/1/2023,22,quantile,0.65,22.22257392
3/6/2023,4 wk ahead inc flu hosp,4/1/2023,22,quantile,0.7,24.20810658
3/6/2023,4 wk ahead inc flu hosp,4/1/2023,22,quantile,0.75,26.50082198
3/6/2023,4 wk ahead inc flu hosp,4/1/2023,22,quantile,0.8,29.2470805
3/6/2023,4 wk ahead inc flu hosp,4/1/2023,22,quantile,0.85,32.72057211
3/6/2023,4 wk ahead inc flu hosp,4/1/2023,22,quantile,0.9,37.53679097
3/6/2023,4 wk ahead inc flu hosp,4/1/2023,22,quantile,0.95,45.67242504
3/6/2023,4 wk ahead inc flu hosp,4/1/2023,22,quantile,0.975,53.79196604
3/6/2023,4 wk ahead inc flu hosp,4/1/2023,22,quantile,0.99,64.61365918
3/6/2023,4 wk ahead inc flu hosp,4/1/2023,23,point,NA,3.818395206
3/6/2023,4 wk ahead inc flu hosp,4/1/2023,23,quantile,0.01,0
3/6/2023,4 wk ahead inc flu hosp,4/1/2023,23,quantile,0.025,0
3/6/2023,4 wk ahead inc flu hosp,4/1/2023,23,quantile,0.05,0
3/6/2023,4 wk ahead inc flu hosp,4/1/2023,23,quantile,0.1,0.477716618
3/6/2023,4 wk ahead inc flu hosp,4/1/2023,23,quantile,0.15,0.899556774
3/6/2023,4 wk ahead inc flu hosp,4/1/2023,23,quantile,0.2,1.297349554
3/6/2023,4 wk ahead inc flu hosp,4/1/2023,23,quantile,0.25,1.687914881
3/6/2023,4 wk ahead inc flu hosp,4/1/2023,23,quantile,0.3,2.081096847
3/6/2023,4 wk ahead inc flu hosp,4/1/2023,23,quantile,0.35,2.484176986
3/6/2023,4 wk ahead inc flu hosp,4/1/2023,23,quantile,0.4,2.903595619
3/6/2023,4 wk ahead inc flu hosp,4/1/2023,23,quantile,0.45,3.345886493
3/6/2023,4 wk ahead inc flu hosp,4/1/2023,23,quantile,0.5,3.818395206
3/6/2023,4 wk ahead inc flu hosp,4/1/2023,23,quantile,0.55,4.330045476
3/6/2023,4 wk ahead inc flu hosp,4/1/2023,23,quantile,0.6,4.892373952
3/6/2023,4 wk ahead inc flu hosp,4/1/2023,23,quantile,0.65,5.52115012
3/6/2023,4 wk ahead inc flu hosp,4/1/2023,23,quantile,0.7,6.239189516
3/6/2023,4 wk ahead inc flu hosp,4/1/2023,23,quantile,0.75,7.0817302
3/6/2023,4 wk ahead inc flu hosp,4/1/2023,23,quantile,0.8,8.10792053
3/6/2023,4 wk ahead inc flu hosp,4/1/2023,23,quantile,0.85,9.429354869
3/6/2023,4 wk ahead inc flu hosp,4/1/2023,23,quantile,0.9,11.29931729
3/6/2023,4 wk ahead inc flu hosp,4/1/2023,23,quantile,0.95,14.54082738
3/6/2023,4 wk ahead inc flu hosp,4/1/2023,23,quantile,0.975,17.86013846
3/6/2023,4 wk ahead inc flu hosp,4/1/2023,23,quantile,0.99,22.38807544
3/6/2023,4 wk ahead inc flu hosp,4/1/2023,24,point,NA,10.76730445
3/6/2023,4 wk ahead inc flu hosp,4/1/2023,24,quantile,0.01,0
3/6/2023,4 wk ahead inc flu hosp,4/1/2023,24,quantile,0.025,0
3/6/2023,4 wk ahead inc flu hosp,4/1/2023,24,quantile,0.05,0
3/6/2023,4 wk ahead inc flu hosp,4/1/2023,24,quantile,0.1,0.672829825
3/6/2023,4 wk ahead inc flu hosp,4/1/2023,24,quantile,0.15,1.699429076
3/6/2023,4 wk ahead inc flu hosp,4/1/2023,24,quantile,0.2,2.771445633
3/6/2023,4 wk ahead inc flu hosp,4/1/2023,24,quantile,0.25,3.896493727
3/6/2023,4 wk ahead inc flu hosp,4/1/2023,24,quantile,0.3,5.085012952
3/6/2023,4 wk ahead inc flu hosp,4/1/2023,24,quantile,0.35,6.349487312
3/6/2023,4 wk ahead inc flu hosp,4/1/2023,24,quantile,0.4,7.704907795
3/6/2023,4 wk ahead inc flu hosp,4/1/2023,24,quantile,0.45,9.169725792
3/6/2023,4 wk ahead inc flu hosp,4/1/2023,24,quantile,0.5,10.76730445
3/6/2023,4 wk ahead inc flu hosp,4/1/2023,24,quantile,0.55,12.52812751
3/6/2023,4 wk ahead inc flu hosp,4/1/2023,24,quantile,0.6,14.49329988
3/6/2023,4 wk ahead inc flu hosp,4/1/2023,24,quantile,0.65,16.72039412
3/6/2023,4 wk ahead inc flu hosp,4/1/2023,24,quantile,0.7,19.29385532
3/6/2023,4 wk ahead inc flu hosp,4/1/2023,24,quantile,0.75,22.34505377
3/6/2023,4 wk ahead inc flu hosp,4/1/2023,24,quantile,0.8,26.095218
3/6/2023,4 wk ahead inc flu hosp,4/1/2023,24,quantile,0.85,30.96201228
3/6/2023,4 wk ahead inc flu hosp,4/1/2023,24,quantile,0.9,37.89214747
3/6/2023,4 wk ahead inc flu hosp,4/1/2023,24,quantile,0.95,49.95055885
3/6/2023,4 wk ahead inc flu hosp,4/1/2023,24,quantile,0.975,62.28760427
3/6/2023,4 wk ahead inc flu hosp,4/1/2023,24,quantile,0.99,79.02615174
3/6/2023,4 wk ahead inc flu hosp,4/1/2023,25,point,NA,15.08603952
3/6/2023,4 wk ahead inc flu hosp,4/1/2023,25,quantile,0.01,0.188546909
3/6/2023,4 wk ahead inc flu hosp,4/1/2023,25,quantile,0.025,1.11511566
3/6/2023,4 wk ahead inc flu hosp,4/1/2023,25,quantile,0.05,2.234537244
3/6/2023,4 wk ahead inc flu hosp,4/1/2023,25,quantile,0.1,3.967704154
3/6/2023,4 wk ahead inc flu hosp,4/1/2023,25,quantile,0.15,5.444694329
3/6/2023,4 wk ahead inc flu hosp,4/1/2023,25,quantile,0.2,6.815717969
3/6/2023,4 wk ahead inc flu hosp,4/1/2023,25,quantile,0.25,8.142157437
3/6/2023,4 wk ahead inc flu hosp,4/1/2023,25,quantile,0.3,9.459017287
3/6/2023,4 wk ahead inc flu hosp,4/1/2023,25,quantile,0.35,10.7911043
3/6/2023,4 wk ahead inc flu hosp,4/1/2023,25,quantile,0.4,12.15927332
3/6/2023,4 wk ahead inc flu hosp,4/1/2023,25,quantile,0.45,13.58367132
3/6/2023,4 wk ahead inc flu hosp,4/1/2023,25,quantile,0.5,15.08603952
3/6/2023,4 wk ahead inc flu hosp,4/1/2023,25,quantile,0.55,16.69197057
3/6/2023,4 wk ahead inc flu hosp,4/1/2023,25,quantile,0.6,18.43378461
3/6/2023,4 wk ahead inc flu hosp,4/1/2023,25,quantile,0.65,20.35488991
3/6/2023,4 wk ahead inc flu hosp,4/1/2023,25,quantile,0.7,22.51722609
3/6/2023,4 wk ahead inc flu hosp,4/1/2023,25,quantile,0.75,25.01533401
3/6/2023,4 wk ahead inc flu hosp,4/1/2023,25,quantile,0.8,28.00614968
3/6/2023,4 wk ahead inc flu hosp,4/1/2023,25,quantile,0.85,31.78233586
3/6/2023,4 wk ahead inc flu hosp,4/1/2023,25,quantile,0.9,36.99911689
3/6/2023,4 wk ahead inc flu hosp,4/1/2023,25,quantile,0.95,45.74541504
3/6/2023,4 wk ahead inc flu hosp,4/1/2023,25,quantile,0.975,54.3800417
3/6/2023,4 wk ahead inc flu hosp,4/1/2023,25,quantile,0.99,65.73480193
3/6/2023,4 wk ahead inc flu hosp,4/1/2023,26,point,NA,32.7752695
3/6/2023,4 wk ahead inc flu hosp,4/1/2023,26,quantile,0.01,2.102589717
3/6/2023,4 wk ahead inc flu hosp,4/1/2023,26,quantile,0.025,3.915442845
3/6/2023,4 wk ahead inc flu hosp,4/1/2023,26,quantile,0.05,6.076982417
3/6/2023,4 wk ahead inc flu hosp,4/1/2023,26,quantile,0.1,9.449041404
3/6/2023,4 wk ahead inc flu hosp,4/1/2023,26,quantile,0.15,12.37299919
3/6/2023,4 wk ahead inc flu hosp,4/1/2023,26,quantile,0.2,15.13510603
3/6/2023,4 wk ahead inc flu hosp,4/1/2023,26,quantile,0.25,17.8524403
3/6/2023,4 wk ahead inc flu hosp,4/1/2023,26,quantile,0.3,20.59371694
3/6/2023,4 wk ahead inc flu hosp,4/1/2023,26,quantile,0.35,23.41006868
3/6/2023,4 wk ahead inc flu hosp,4/1/2023,26,quantile,0.4,26.34705745
3/6/2023,4 wk ahead inc flu hosp,4/1/2023,26,quantile,0.45,29.45123878
3/6/2023,4 wk ahead inc flu hosp,4/1/2023,26,quantile,0.5,32.7752695
3/6/2023,4 wk ahead inc flu hosp,4/1/2023,26,quantile,0.55,36.38342293
3/6/2023,4 wk ahead inc flu hosp,4/1/2023,26,quantile,0.6,40.35909873
3/6/2023,4 wk ahead inc flu hosp,4/1/2023,26,quantile,0.65,44.81663452
3/6/2023,4 wk ahead inc flu hosp,4/1/2023,26,quantile,0.7,49.92187726
3/6/2023,4 wk ahead inc flu hosp,4/1/2023,26,quantile,0.75,55.93158213
3/6/2023,4 wk ahead inc flu hosp,4/1/2023,26,quantile,0.8,63.27776262
3/6/2023,4 wk ahead inc flu hosp,4/1/2023,26,quantile,0.85,72.77767251
3/6/2023,4 wk ahead inc flu hosp,4/1/2023,26,quantile,0.9,86.29226865
3/6/2023,4 wk ahead inc flu hosp,4/1/2023,26,quantile,0.95,109.8965943
3/6/2023,4 wk ahead inc flu hosp,4/1/2023,26,quantile,0.975,134.2728332
3/6/2023,4 wk ahead inc flu hosp,4/1/2023,26,quantile,0.99,167.8157033
3/6/2023,4 wk ahead inc flu hosp,4/1/2023,27,point,NA,14.70307948
3/6/2023,4 wk ahead inc flu hosp,4/1/2023,27,quantile,0.01,0
3/6/2023,4 wk ahead inc flu hosp,4/1/2023,27,quantile,0.025,0
3/6/2023,4 wk ahead inc flu hosp,4/1/2023,27,quantile,0.05,0
3/6/2023,4 wk ahead inc flu hosp,4/1/2023,27,quantile,0.1,1.307912315
3/6/2023,4 wk ahead inc flu hosp,4/1/2023,27,quantile,0.15,2.672943183
3/6/2023,4 wk ahead inc flu hosp,4/1/2023,27,quantile,0.2,4.09446522
3/6/2023,4 wk ahead inc flu hosp,4/1/2023,27,quantile,0.25,5.585107705
3/6/2023,4 wk ahead inc flu hosp,4/1/2023,27,quantile,0.3,7.159908447
3/6/2023,4 wk ahead inc flu hosp,4/1/2023,27,quantile,0.35,8.836160434
3/6/2023,4 wk ahead inc flu hosp,4/1/2023,27,quantile,0.4,10.63432334
3/6/2023,4 wk ahead inc flu hosp,4/1/2023,27,quantile,0.45,12.57942558
3/6/2023,4 wk ahead inc flu hosp,4/1/2023,27,quantile,0.5,14.70307948
3/6/2023,4 wk ahead inc flu hosp,4/1/2023,27,quantile,0.55,17.04649845
3/6/2023,4 wk ahead inc flu hosp,4/1/2023,27,quantile,0.6,19.66525501
3/6/2023,4 wk ahead inc flu hosp,4/1/2023,27,quantile,0.65,22.63721789
3/6/2023,4 wk ahead inc flu hosp,4/1/2023,27,quantile,0.7,26.07667823
3/6/2023,4 wk ahead inc flu hosp,4/1/2023,27,quantile,0.75,30.16158935
3/6/2023,4 wk ahead inc flu hosp,4/1/2023,27,quantile,0.8,35.19193449
3/6/2023,4 wk ahead inc flu hosp,4/1/2023,27,quantile,0.85,41.73476707
3/6/2023,4 wk ahead inc flu hosp,4/1/2023,27,quantile,0.9,51.07744359
3/6/2023,4 wk ahead inc flu hosp,4/1/2023,27,quantile,0.95,67.39715673
3/6/2023,4 wk ahead inc flu hosp,4/1/2023,27,quantile,0.975,84.16558924
3/6/2023,4 wk ahead inc flu hosp,4/1/2023,27,quantile,0.99,107.0143041
3/6/2023,4 wk ahead inc flu hosp,4/1/2023,28,point,NA,23.82883232
3/6/2023,4 wk ahead inc flu hosp,4/1/2023,28,quantile,0.01,4.495376377
3/6/2023,4 wk ahead inc flu hosp,4/1/2023,28,quantile,0.025,6.197509572
3/6/2023,4 wk ahead inc flu hosp,4/1/2023,28,quantile,0.05,7.977230562
3/6/2023,4 wk ahead inc flu hosp,4/1/2023,28,quantile,0.1,10.44870827
3/6/2023,4 wk ahead inc flu hosp,4/1/2023,28,quantile,0.15,12.40345725
3/6/2023,4 wk ahead inc flu hosp,4/1/2023,28,quantile,0.2,14.14006091
3/6/2023,4 wk ahead inc flu hosp,4/1/2023,28,quantile,0.25,15.76928656
3/6/2023,4 wk ahead inc flu hosp,4/1/2023,28,quantile,0.3,17.34916461
3/6/2023,4 wk ahead inc flu hosp,4/1/2023,28,quantile,0.35,18.91735312
3/6/2023,4 wk ahead inc flu hosp,4/1/2023,28,quantile,0.4,20.50280554
3/6/2023,4 wk ahead inc flu hosp,4/1/2023,28,quantile,0.45,22.13129299
3/6/2023,4 wk ahead inc flu hosp,4/1/2023,28,quantile,0.5,23.82883232
3/6/2023,4 wk ahead inc flu hosp,4/1/2023,28,quantile,0.55,25.62459054
3/6/2023,4 wk ahead inc flu hosp,4/1/2023,28,quantile,0.6,27.55421026
3/6/2023,4 wk ahead inc flu hosp,4/1/2023,28,quantile,0.65,29.66457564
3/6/2023,4 wk ahead inc flu hosp,4/1/2023,28,quantile,0.7,32.02175305
3/6/2023,4 wk ahead inc flu hosp,4/1/2023,28,quantile,0.75,34.7258648
3/6/2023,4 wk ahead inc flu hosp,4/1/2023,28,quantile,0.8,37.94249432
3/6/2023,4 wk ahead inc flu hosp,4/1/2023,28,quantile,0.85,41.97995584
3/6/2023,4 wk ahead inc flu hosp,4/1/2023,28,quantile,0.9,47.52850984
3/6/2023,4 wk ahead inc flu hosp,4/1/2023,28,quantile,0.95,56.79214489
3/6/2023,4 wk ahead inc flu hosp,4/1/2023,28,quantile,0.975,65.92597477
3/6/2023,4 wk ahead inc flu hosp,4/1/2023,28,quantile,0.99,77.96076188
3/6/2023,4 wk ahead inc flu hosp,4/1/2023,29,point,NA,23.36551272
3/6/2023,4 wk ahead inc flu hosp,4/1/2023,29,quantile,0.01,0
3/6/2023,4 wk ahead inc flu hosp,4/1/2023,29,quantile,0.025,0.727469083
3/6/2023,4 wk ahead inc flu hosp,4/1/2023,29,quantile,0.05,2.185035921
3/6/2023,4 wk ahead inc flu hosp,4/1/2023,29,quantile,0.1,4.689896443
3/6/2023,4 wk ahead inc flu hosp,4/1/2023,29,quantile,0.15,6.971164318
3/6/2023,4 wk ahead inc flu hosp,4/1/2023,29,quantile,0.2,9.170533284
3/6/2023,4 wk ahead inc flu hosp,4/1/2023,29,quantile,0.25,11.35499321
3/6/2023,4 wk ahead inc flu hosp,4/1/2023,29,quantile,0.3,13.567555
3/6/2023,4 wk ahead inc flu hosp,4/1/2023,29,quantile,0.35,15.84226572
3/6/2023,4 wk ahead inc flu hosp,4/1/2023,29,quantile,0.4,18.21070287
3/6/2023,4 wk ahead inc flu hosp,4/1/2023,29,quantile,0.45,20.70587502
3/6/2023,4 wk ahead inc flu hosp,4/1/2023,29,quantile,0.5,23.36551272
3/6/2023,4 wk ahead inc flu hosp,4/1/2023,29,quantile,0.55,26.23580271
3/6/2023,4 wk ahead inc flu hosp,4/1/2023,29,quantile,0.6,29.37657645
3/6/2023,4 wk ahead inc flu hosp,4/1/2023,29,quantile,0.65,32.86950487
3/6/2023,4 wk ahead inc flu hosp,4/1/2023,29,quantile,0.7,36.83233242
3/6/2023,4 wk ahead inc flu hosp,4/1/2023,29,quantile,0.75,41.44598583
3/6/2023,4 wk ahead inc flu hosp,4/1/2023,29,quantile,0.8,47.01218657
3/6/2023,4 wk ahead inc flu hosp,4/1/2023,29,quantile,0.85,54.09557826
3/6/2023,4 wk ahead inc flu hosp,4/1/2023,29,quantile,0.9,63.96427993
3/6/2023,4 wk ahead inc flu hosp,4/1/2023,29,quantile,0.95,80.67559146
3/6/2023,4 wk ahead inc flu hosp,4/1/2023,29,quantile,0.975,97.32482658
3/6/2023,4 wk ahead inc flu hosp,4/1/2023,29,quantile,0.99,119.3837487
3/6/2023,4 wk ahead inc flu hosp,4/1/2023,30,point,NA,5.431814398
3/6/2023,4 wk ahead inc flu hosp,4/1/2023,30,quantile,0.01,0
3/6/2023,4 wk ahead inc flu hosp,4/1/2023,30,quantile,0.025,0
3/6/2023,4 wk ahead inc flu hosp,4/1/2023,30,quantile,0.05,0.275809857
3/6/2023,4 wk ahead inc flu hosp,4/1/2023,30,quantile,0.1,0.912882098
3/6/2023,4 wk ahead inc flu hosp,4/1/2023,30,quantile,0.15,1.470558204
3/6/2023,4 wk ahead inc flu hosp,4/1/2023,30,quantile,0.2,2.00064521
3/6/2023,4 wk ahead inc flu hosp,4/1/2023,30,quantile,0.25,2.524613549
3/6/2023,4 wk ahead inc flu hosp,4/1/2023,30,quantile,0.3,3.055260682
3/6/2023,4 wk ahead inc flu hosp,4/1/2023,30,quantile,0.35,3.602274817
3/6/2023,4 wk ahead inc flu hosp,4/1/2023,30,quantile,0.4,4.174431248
3/6/2023,4 wk ahead inc flu hosp,4/1/2023,30,quantile,0.45,4.780817707
3/6/2023,4 wk ahead inc flu hosp,4/1/2023,30,quantile,0.5,5.431814398
3/6/2023,4 wk ahead inc flu hosp,4/1/2023,30,quantile,0.55,6.140177206
3/6/2023,4 wk ahead inc flu hosp,4/1/2023,30,quantile,0.6,6.922532763
3/6/2023,4 wk ahead inc flu hosp,4/1/2023,30,quantile,0.65,7.80174518
3/6/2023,4 wk ahead inc flu hosp,4/1/2023,30,quantile,0.7,8.811050353
3/6/2023,4 wk ahead inc flu hosp,4/1/2023,30,quantile,0.75,10.00198668
3/6/2023,4 wk ahead inc flu hosp,4/1/2023,30,quantile,0.8,11.46139255
3/6/2023,4 wk ahead inc flu hosp,4/1/2023,30,quantile,0.85,13.35376209
3/6/2023,4 wk ahead inc flu hosp,4/1/2023,30,quantile,0.9,16.05421327
3/6/2023,4 wk ahead inc flu hosp,4/1/2023,30,quantile,0.95,20.78969134
3/6/2023,4 wk ahead inc flu hosp,4/1/2023,30,quantile,0.975,25.69988446
3/6/2023,4 wk ahead inc flu hosp,4/1/2023,30,quantile,0.99,32.4819672
3/6/2023,4 wk ahead inc flu hosp,4/1/2023,31,point,NA,5.873100622
3/6/2023,4 wk ahead inc flu hosp,4/1/2023,31,quantile,0.01,0
3/6/2023,4 wk ahead inc flu hosp,4/1/2023,31,quantile,0.025,0
3/6/2023,4 wk ahead inc flu hosp,4/1/2023,31,quantile,0.05,0
3/6/2023,4 wk ahead inc flu hosp,4/1/2023,31,quantile,0.1,0.540757753
3/6/2023,4 wk ahead inc flu hosp,4/1/2023,31,quantile,0.15,1.127641399
3/6/2023,4 wk ahead inc flu hosp,4/1/2023,31,quantile,0.2,1.711331016
3/6/2023,4 wk ahead inc flu hosp,4/1/2023,31,quantile,0.25,2.308330217
3/6/2023,4 wk ahead inc flu hosp,4/1/2023,31,quantile,0.3,2.930022831
3/6/2023,4 wk ahead inc flu hosp,4/1/2023,31,quantile,0.35,3.58636892
3/6/2023,4 wk ahead inc flu hosp,4/1/2023,31,quantile,0.4,4.287556679
3/6/2023,4 wk ahead inc flu hosp,4/1/2023,31,quantile,0.45,5.045128426
3/6/2023,4 wk ahead inc flu hosp,4/1/2023,31,quantile,0.5,5.873100622
3/6/2023,4 wk ahead inc flu hosp,4/1/2023,31,quantile,0.55,6.789405547
3/6/2023,4 wk ahead inc flu hosp,4/1/2023,31,quantile,0.6,7.818043834
3/6/2023,4 wk ahead inc flu hosp,4/1/2023,31,quantile,0.65,8.992616167
3/6/2023,4 wk ahead inc flu hosp,4/1/2023,31,quantile,0.7,10.36259693
3/6/2023,4 wk ahead inc flu hosp,4/1/2023,31,quantile,0.75,12.00548123
3/6/2023,4 wk ahead inc flu hosp,4/1/2023,31,quantile,0.8,14.05299645
3/6/2023,4 wk ahead inc flu hosp,4/1/2023,31,quantile,0.85,16.75684257
3/6/2023,4 wk ahead inc flu hosp,4/1/2023,31,quantile,0.9,20.69661191
3/6/2023,4 wk ahead inc flu hosp,4/1/2023,31,quantile,0.95,27.79272523
3/6/2023,4 wk ahead inc flu hosp,4/1/2023,31,quantile,0.975,35.35087961
3/6/2023,4 wk ahead inc flu hosp,4/1/2023,31,quantile,0.99,46.05169352
3/6/2023,4 wk ahead inc flu hosp,4/1/2023,32,point,NA,9.319231459
3/6/2023,4 wk ahead inc flu hosp,4/1/2023,32,quantile,0.01,0
3/6/2023,4 wk ahead inc flu hosp,4/1/2023,32,quantile,0.025,0
3/6/2023,4 wk ahead inc flu hosp,4/1/2023,32,quantile,0.05,0.584720409
3/6/2023,4 wk ahead inc flu hosp,4/1/2023,32,quantile,0.1,1.627625227
3/6/2023,4 wk ahead inc flu hosp,4/1/2023,32,quantile,0.15,2.564707191
3/6/2023,4 wk ahead inc flu hosp,4/1/2023,32,quantile,0.2,3.46516851
3/6/2023,4 wk ahead inc flu hosp,4/1/2023,32,quantile,0.25,4.359653031
3/6/2023,4 wk ahead inc flu hosp,4/1/2023,32,quantile,0.3,5.267230869
3/6/2023,4 wk ahead inc flu hosp,4/1/2023,32,quantile,0.35,6.202778666
3/6/2023,4 wk ahead inc flu hosp,4/1/2023,32,quantile,0.4,7.180030354
3/6/2023,4 wk ahead inc flu hosp,4/1/2023,32,quantile,0.45,8.213354884
3/6/2023,4 wk ahead inc flu hosp,4/1/2023,32,quantile,0.5,9.319231459
3/6/2023,4 wk ahead inc flu hosp,4/1/2023,32,quantile,0.55,10.51791552
3/6/2023,4 wk ahead inc flu hosp,4/1/2023,32,quantile,0.6,11.83575597
3/6/2023,4 wk ahead inc flu hosp,4/1/2023,32,quantile,0.65,13.30886483
3/6/2023,4 wk ahead inc flu hosp,4/1/2023,32,quantile,0.7,14.98951082
3/6/2023,4 wk ahead inc flu hosp,4/1/2023,32,quantile,0.75,16.95833421
3/6/2023,4 wk ahead inc flu hosp,4/1/2023,32,quantile,0.8,19.35039562
3/6/2023,4 wk ahead inc flu hosp,4/1/2023,32,quantile,0.85,22.41969294
3/6/2023,4 wk ahead inc flu hosp,4/1/2023,32,quantile,0.9,26.74013836
3/6/2023,4 wk ahead inc flu hosp,4/1/2023,32,quantile,0.95,34.16384472
3/6/2023,4 wk ahead inc flu hosp,4/1/2023,32,quantile,0.975,41.68139828
3/6/2023,4 wk ahead inc flu hosp,4/1/2023,32,quantile,0.99,51.80770281
3/6/2023,4 wk ahead inc flu hosp,4/1/2023,33,point,NA,2.867469596
3/6/2023,4 wk ahead inc flu hosp,4/1/2023,33,quantile,0.01,0
3/6/2023,4 wk ahead inc flu hosp,4/1/2023,33,quantile,0.025,0
3/6/2023,4 wk ahead inc flu hosp,4/1/2023,33,quantile,0.05,0
3/6/2023,4 wk ahead inc flu hosp,4/1/2023,33,quantile,0.1,0
3/6/2023,4 wk ahead inc flu hosp,4/1/2023,33,quantile,0.15,0.12142922
3/6/2023,4 wk ahead inc flu hosp,4/1/2023,33,quantile,0.2,0.485085562
3/6/2023,4 wk ahead inc flu hosp,4/1/2023,33,quantile,0.25,0.84943224
3/6/2023,4 wk ahead inc flu hosp,4/1/2023,33,quantile,0.3,1.220218482
3/6/2023,4 wk ahead inc flu hosp,4/1/2023,33,quantile,0.35,1.602374178
3/6/2023,4 wk ahead inc flu hosp,4/1/2023,33,quantile,0.4,2.000707413
3/6/2023,4 wk ahead inc flu hosp,4/1/2023,33,quantile,0.45,2.420398305
3/6/2023,4 wk ahead inc flu hosp,4/1/2023,33,quantile,0.5,2.867469596
3/6/2023,4 wk ahead inc flu hosp,4/1/2023,33,quantile,0.55,3.349359433
3/6/2023,4 wk ahead inc flu hosp,4/1/2023,33,quantile,0.6,3.87574233
3/6/2023,4 wk ahead inc flu hosp,4/1/2023,33,quantile,0.65,4.459840398
3/6/2023,4 wk ahead inc flu hosp,4/1/2023,33,quantile,0.7,5.120707649
3/6/2023,4 wk ahead inc flu hosp,4/1/2023,33,quantile,0.75,5.887579064
3/6/2023,4 wk ahead inc flu hosp,4/1/2023,33,quantile,0.8,6.809097525
3/6/2023,4 wk ahead inc flu hosp,4/1/2023,33,quantile,0.85,7.97601868
3/6/2023,4 wk ahead inc flu hosp,4/1/2023,33,quantile,0.9,9.591352083
3/6/2023,4 wk ahead inc flu hosp,4/1/2023,33,quantile,0.95,12.30078965
3/6/2023,4 wk ahead inc flu hosp,4/1/2023,33,quantile,0.975,14.9707145
3/6/2023,4 wk ahead inc flu hosp,4/1/2023,33,quantile,0.99,18.46803426
3/6/2023,4 wk ahead inc flu hosp,4/1/2023,34,point,NA,30.5904531
3/6/2023,4 wk ahead inc flu hosp,4/1/2023,34,quantile,0.01,2.437902591
3/6/2023,4 wk ahead inc flu hosp,4/1/2023,34,quantile,0.025,4.239623174
3/6/2023,4 wk ahead inc flu hosp,4/1/2023,34,quantile,0.05,6.332118509
3/6/2023,4 wk ahead inc flu hosp,4/1/2023,34,quantile,0.1,9.52297927
3/6/2023,4 wk ahead inc flu hosp,4/1/2023,34,quantile,0.15,12.24160496
3/6/2023,4 wk ahead inc flu hosp,4/1/2023,34,quantile,0.2,14.78021031
3/6/2023,4 wk ahead inc flu hosp,4/1/2023,34,quantile,0.25,17.25565562
3/6/2023,4 wk ahead inc flu hosp,4/1/2023,34,quantile,0.3,19.73473597
3/6/2023,4 wk ahead inc flu hosp,4/1/2023,34,quantile,0.35,22.26567033
3/6/2023,4 wk ahead inc flu hosp,4/1/2023,34,quantile,0.4,24.89015425
3/6/2023,4 wk ahead inc flu hosp,4/1/2023,34,quantile,0.45,27.64972094
3/6/2023,4 wk ahead inc flu hosp,4/1/2023,34,quantile,0.5,30.5904531
3/6/2023,4 wk ahead inc flu hosp,4/1/2023,34,quantile,0.55,33.76784908
3/6/2023,4 wk ahead inc flu hosp,4/1/2023,34,quantile,0.6,37.25327111
3/6/2023,4 wk ahead inc flu hosp,4/1/2023,34,quantile,0.65,41.14395384
3/6/2023,4 wk ahead inc flu hosp,4/1/2023,34,quantile,0.7,45.5803279
3/6/2023,4 wk ahead inc flu hosp,4/1/2023,34,quantile,0.75,50.77909242
3/6/2023,4 wk ahead inc flu hosp,4/1/2023,34,quantile,0.8,57.10386889
3/6/2023,4 wk ahead inc flu hosp,4/1/2023,34,quantile,0.85,65.24074915
3/6/2023,4 wk ahead inc flu hosp,4/1/2023,34,quantile,0.9,76.747591
3/6/2023,4 wk ahead inc flu hosp,4/1/2023,34,quantile,0.95,96.690949
3/6/2023,4 wk ahead inc flu hosp,4/1/2023,34,quantile,0.975,117.1260131
3/6/2023,4 wk ahead inc flu hosp,4/1/2023,34,quantile,0.99,145.0419555
3/6/2023,4 wk ahead inc flu hosp,4/1/2023,35,point,NA,11.79468258
3/6/2023,4 wk ahead inc flu hosp,4/1/2023,35,quantile,0.01,0.802770243
3/6/2023,4 wk ahead inc flu hosp,4/1/2023,35,quantile,0.025,1.59508561
3/6/2023,4 wk ahead inc flu hosp,4/1/2023,35,quantile,0.05,2.479903701
3/6/2023,4 wk ahead inc flu hosp,4/1/2023,35,quantile,0.1,3.783516568
3/6/2023,4 wk ahead inc flu hosp,4/1/2023,35,quantile,0.15,4.864652705
3/6/2023,4 wk ahead inc flu hosp,4/1/2023,35,quantile,0.2,5.856291981
3/6/2023,4 wk ahead inc flu hosp,4/1/2023,35,quantile,0.25,6.810021429
3/6/2023,4 wk ahead inc flu hosp,4/1/2023,35,quantile,0.3,7.754291323
3/6/2023,4 wk ahead inc flu hosp,4/1/2023,35,quantile,0.35,8.708782768
3/6/2023,4 wk ahead inc flu hosp,4/1/2023,35,quantile,0.4,9.689770461
3/6/2023,4 wk ahead inc flu hosp,4/1/2023,35,quantile,0.45,10.71282566
3/6/2023,4 wk ahead inc flu hosp,4/1/2023,35,quantile,0.5,11.79468258
3/6/2023,4 wk ahead inc flu hosp,4/1/2023,35,quantile,0.55,12.9550339
3/6/2023,4 wk ahead inc flu hosp,4/1/2023,35,quantile,0.6,14.2188007
3/6/2023,4 wk ahead inc flu hosp,4/1/2023,35,quantile,0.65,15.61957167
3/6/2023,4 wk ahead inc flu hosp,4/1/2023,35,quantile,0.7,17.2054894
3/6/2023,4 wk ahead inc flu hosp,4/1/2023,35,quantile,0.75,19.05042343
3/6/2023,4 wk ahead inc flu hosp,4/1/2023,35,quantile,0.8,21.27775154
3/6/2023,4 wk ahead inc flu hosp,4/1/2023,35,quantile,0.85,24.11925739
3/6/2023,4 wk ahead inc flu hosp,4/1/2023,35,quantile,0.9,28.09876669
3/6/2023,4 wk ahead inc flu hosp,4/1/2023,35,quantile,0.95,34.90940798
3/6/2023,4 wk ahead inc flu hosp,4/1/2023,35,quantile,0.975,41.79853385
3/6/2023,4 wk ahead inc flu hosp,4/1/2023,35,quantile,0.99,51.09694187
3/6/2023,4 wk ahead inc flu hosp,4/1/2023,36,point,NA,65.83637399
3/6/2023,4 wk ahead inc flu hosp,4/1/2023,36,quantile,0.01,0
3/6/2023,4 wk ahead inc flu hosp,4/1/2023,36,quantile,0.025,0
3/6/2023,4 wk ahead inc flu hosp,4/1/2023,36,quantile,0.05,0
3/6/2023,4 wk ahead inc flu hosp,4/1/2023,36,quantile,0.1,2.697468687
3/6/2023,4 wk ahead inc flu hosp,4/1/2023,36,quantile,0.15,8.741856148
3/6/2023,4 wk ahead inc flu hosp,4/1/2023,36,quantile,0.2,15.58502866
3/6/2023,4 wk ahead inc flu hosp,4/1/2023,36,quantile,0.25,22.89258466
3/6/2023,4 wk ahead inc flu hosp,4/1/2023,36,quantile,0.3,30.5844157
3/6/2023,4 wk ahead inc flu hosp,4/1/2023,36,quantile,0.35,38.66519733
3/6/2023,4 wk ahead inc flu hosp,4/1/2023,36,quantile,0.4,47.18022737
3/6/2023,4 wk ahead inc flu hosp,4/1/2023,36,quantile,0.45,56.20330269
3/6/2023,4 wk ahead inc flu hosp,4/1/2023,36,quantile,0.5,65.83637399
3/6/2023,4 wk ahead inc flu hosp,4/1/2023,36,quantile,0.55,76.21610567
3/6/2023,4 wk ahead inc flu hosp,4/1/2023,36,quantile,0.6,87.52749919
3/6/2023,4 wk ahead inc flu hosp,4/1/2023,36,quantile,0.65,100.0281635
3/6/2023,4 wk ahead inc flu hosp,4/1/2023,36,quantile,0.7,114.0920626
3/6/2023,4 wk ahead inc flu hosp,4/1/2023,36,quantile,0.75,130.2935247
3/6/2023,4 wk ahead inc flu hosp,4/1/2023,36,quantile,0.8,149.5853444
3/6/2023,4 wk ahead inc flu hosp,4/1/2023,36,quantile,0.85,173.7349784
3/6/2023,4 wk ahead inc flu hosp,4/1/2023,36,quantile,0.9,206.6622457
3/6/2023,4 wk ahead inc flu hosp,4/1/2023,36,quantile,0.95,260.6719061
3/6/2023,4 wk ahead inc flu hosp,4/1/2023,36,quantile,0.975,312.5494335
3/6/2023,4 wk ahead inc flu hosp,4/1/2023,36,quantile,0.99,378.7420957
3/6/2023,4 wk ahead inc flu hosp,4/1/2023,37,point,NA,32.92347399
3/6/2023,4 wk ahead inc flu hosp,4/1/2023,37,quantile,0.01,0.503608761
3/6/2023,4 wk ahead inc flu hosp,4/1/2023,37,quantile,0.025,2.175344654
3/6/2023,4 wk ahead inc flu hosp,4/1/2023,37,quantile,0.05,4.364886469
3/6/2023,4 wk ahead inc flu hosp,4/1/2023,37,quantile,0.1,7.949678547
3/6/2023,4 wk ahead inc flu hosp,4/1/2023,37,quantile,0.15,11.11740844
3/6/2023,4 wk ahead inc flu hosp,4/1/2023,37,quantile,0.2,14.11989085
3/6/2023,4 wk ahead inc flu hosp,4/1/2023,37,quantile,0.25,17.06728992
3/6/2023,4 wk ahead inc flu hosp,4/1/2023,37,quantile,0.3,20.02615853
3/6/2023,4 wk ahead inc flu hosp,4/1/2023,37,quantile,0.35,23.04638074
3/6/2023,4 wk ahead inc flu hosp,4/1/2023,37,quantile,0.4,26.17212504
3/6/2023,4 wk ahead inc flu hosp,4/1/2023,37,quantile,0.45,29.44793951
3/6/2023,4 wk ahead inc flu hosp,4/1/2023,37,quantile,0.5,32.92347399
3/6/2023,4 wk ahead inc flu hosp,4/1/2023,37,quantile,0.55,36.6584928
3/6/2023,4 wk ahead inc flu hosp,4/1/2023,37,quantile,0.6,40.72958505
3/6/2023,4 wk ahead inc flu hosp,4/1/2023,37,quantile,0.65,45.24058386
3/6/2023,4 wk ahead inc flu hosp,4/1/2023,37,quantile,0.7,50.34053411
3/6/2023,4 wk ahead inc flu hosp,4/1/2023,37,quantile,0.75,56.25780514
3/6/2023,4 wk ahead inc flu hosp,4/1/2023,37,quantile,0.8,63.37247568
3/6/2023,4 wk ahead inc flu hosp,4/1/2023,37,quantile,0.85,72.39471939
3/6/2023,4 wk ahead inc flu hosp,4/1/2023,37,quantile,0.9,84.91721239
3/6/2023,4 wk ahead inc flu hosp,4/1/2023,37,quantile,0.95,106.0271871
3/6/2023,4 wk ahead inc flu hosp,4/1/2023,37,quantile,0.975,126.9712791
3/6/2023,4 wk ahead inc flu hosp,4/1/2023,37,quantile,0.99,154.6241299
3/6/2023,4 wk ahead inc flu hosp,4/1/2023,38,point,NA,3.87017156
3/6/2023,4 wk ahead inc flu hosp,4/1/2023,38,quantile,0.01,0
3/6/2023,4 wk ahead inc flu hosp,4/1/2023,38,quantile,0.025,0
3/6/2023,4 wk ahead inc flu hosp,4/1/2023,38,quantile,0.05,0
3/6/2023,4 wk ahead inc flu hosp,4/1/2023,38,quantile,0.1,0.462406519
3/6/2023,4 wk ahead inc flu hosp,4/1/2023,38,quantile,0.15,0.884549433
3/6/2023,4 wk ahead inc flu hosp,4/1/2023,38,quantile,0.2,1.285204147
3/6/2023,4 wk ahead inc flu hosp,4/1/2023,38,quantile,0.25,1.680780576
3/6/2023,4 wk ahead inc flu hosp,4/1/2023,38,quantile,0.3,2.081022395
3/6/2023,4 wk ahead inc flu hosp,4/1/2023,38,quantile,0.35,2.493274814
3/6/2023,4 wk ahead inc flu hosp,4/1/2023,38,quantile,0.4,2.924164442
3/6/2023,4 wk ahead inc flu hosp,4/1/2023,38,quantile,0.45,3.380531702
3/6/2023,4 wk ahead inc flu hosp,4/1/2023,38,quantile,0.5,3.87017156
3/6/2023,4 wk ahead inc flu hosp,4/1/2023,38,quantile,0.55,4.40264766
3/6/2023,4 wk ahead inc flu hosp,4/1/2023,38,quantile,0.6,4.990412407
3/6/2023,4 wk ahead inc flu hosp,4/1/2023,38,quantile,0.65,5.65057739
3/6/2023,4 wk ahead inc flu hosp,4/1/2023,38,quantile,0.7,6.408003852
3/6/2023,4 wk ahead inc flu hosp,4/1/2023,38,quantile,0.75,7.301228842
3/6/2023,4 wk ahead inc flu hosp,4/1/2023,38,quantile,0.8,8.395163184
3/6/2023,4 wk ahead inc flu hosp,4/1/2023,38,quantile,0.85,9.812725913
3/6/2023,4 wk ahead inc flu hosp,4/1/2023,38,quantile,0.9,11.83412869
3/6/2023,4 wk ahead inc flu hosp,4/1/2023,38,quantile,0.95,15.37547527
3/6/2023,4 wk ahead inc flu hosp,4/1/2023,38,quantile,0.975,19.04396739
3/6/2023,4 wk ahead inc flu hosp,4/1/2023,38,quantile,0.99,24.10650286
3/6/2023,4 wk ahead inc flu hosp,4/1/2023,39,point,NA,34.46992015
3/6/2023,4 wk ahead inc flu hosp,4/1/2023,39,quantile,0.01,2.304533609
3/6/2023,4 wk ahead inc flu hosp,4/1/2023,39,quantile,0.025,4.266639514
3/6/2023,4 wk ahead inc flu hosp,4/1/2023,39,quantile,0.05,6.593301003
3/6/2023,4 wk ahead inc flu hosp,4/1/2023,39,quantile,0.1,10.19540577
3/6/2023,4 wk ahead inc flu hosp,4/1/2023,39,quantile,0.15,13.2946062
3/6/2023,4 wk ahead inc flu hosp,4/1/2023,39,quantile,0.2,16.20415166
3/6/2023,4 wk ahead inc flu hosp,4/1/2023,39,quantile,0.25,19.05122327
3/6/2023,4 wk ahead inc flu hosp,4/1/2023,39,quantile,0.3,21.90947809
3/6/2023,4 wk ahead inc flu hosp,4/1/2023,39,quantile,0.35,24.83276033
3/6/2023,4 wk ahead inc flu hosp,4/1/2023,39,quantile,0.4,27.86814756
3/6/2023,4 wk ahead inc flu hosp,4/1/2023,39,quantile,0.45,31.06293799
3/6/2023,4 wk ahead inc flu hosp,4/1/2023,39,quantile,0.5,34.46992015
3/6/2023,4 wk ahead inc flu hosp,4/1/2023,39,quantile,0.55,38.15289853
3/6/2023,4 wk ahead inc flu hosp,4/1/2023,39,quantile,0.6,42.1940785
3/6/2023,4 wk ahead inc flu hosp,4/1/2023,39,quantile,0.65,46.70556904
3/6/2023,4 wk ahead inc flu hosp,4/1/2023,39,quantile,0.7,51.84931271
3/6/2023,4 wk ahead inc flu hosp,4/1/2023,39,quantile,0.75,57.87513014
3/6/2023,4 wk ahead inc flu hosp,4/1/2023,39,quantile,0.8,65.20194677
3/6/2023,4 wk ahead inc flu hosp,4/1/2023,39,quantile,0.85,74.61942599
3/6/2023,4 wk ahead inc flu hosp,4/1/2023,39,quantile,0.9,87.91809841
3/6/2023,4 wk ahead inc flu hosp,4/1/2023,39,quantile,0.95,110.9086448
3/6/2023,4 wk ahead inc flu hosp,4/1/2023,39,quantile,0.975,134.3869957
3/6/2023,4 wk ahead inc flu hosp,4/1/2023,39,quantile,0.99,166.3340599
3/6/2023,4 wk ahead inc flu hosp,4/1/2023,40,point,NA,20.58971888
3/6/2023,4 wk ahead inc flu hosp,4/1/2023,40,quantile,0.01,0.380818997
3/6/2023,4 wk ahead inc flu hosp,4/1/2023,40,quantile,0.025,1.48502535
3/6/2023,4 wk ahead inc flu hosp,4/1/2023,40,quantile,0.05,2.864507904
3/6/2023,4 wk ahead inc flu hosp,4/1/2023,40,quantile,0.1,5.076270895
3/6/2023,4 wk ahead inc flu hosp,4/1/2023,40,quantile,0.15,7.01938838
3/6/2023,4 wk ahead inc flu hosp,4/1/2023,40,quantile,0.2,8.862982992
3/6/2023,4 wk ahead inc flu hosp,4/1/2023,40,quantile,0.25,10.67853062
3/6/2023,4 wk ahead inc flu hosp,4/1/2023,40,quantile,0.3,12.50874096
3/6/2023,4 wk ahead inc flu hosp,4/1/2023,40,quantile,0.35,14.38569007
3/6/2023,4 wk ahead inc flu hosp,4/1/2023,40,quantile,0.4,16.33804321
3/6/2023,4 wk ahead inc flu hosp,4/1/2023,40,quantile,0.45,18.39505786
3/6/2023,4 wk ahead inc flu hosp,4/1/2023,40,quantile,0.5,20.58971888
3/6/2023,4 wk ahead inc flu hosp,4/1/2023,40,quantile,0.55,22.96212318
3/6/2023,4 wk ahead inc flu hosp,4/1/2023,40,quantile,0.6,25.56407303
3/6/2023,4 wk ahead inc flu hosp,4/1/2023,40,quantile,0.65,28.46627164
3/6/2023,4 wk ahead inc flu hosp,4/1/2023,40,quantile,0.7,31.77080532
3/6/2023,4 wk ahead inc flu hosp,4/1/2023,40,quantile,0.75,35.63495223
3/6/2023,4 wk ahead inc flu hosp,4/1/2023,40,quantile,0.8,40.32192752
3/6/2023,4 wk ahead inc flu hosp,4/1/2023,40,quantile,0.85,46.32655191
3/6/2023,4 wk ahead inc flu hosp,4/1/2023,40,quantile,0.9,54.76674794
3/6/2023,4 wk ahead inc flu hosp,4/1/2023,40,quantile,0.95,69.25067314
3/6/2023,4 wk ahead inc flu hosp,4/1/2023,40,quantile,0.975,83.90776432
3/6/2023,4 wk ahead inc flu hosp,4/1/2023,40,quantile,0.99,103.6510906
3/6/2023,4 wk ahead inc flu hosp,4/1/2023,41,point,NA,7.580917749
3/6/2023,4 wk ahead inc flu hosp,4/1/2023,41,quantile,0.01,0
3/6/2023,4 wk ahead inc flu hosp,4/1/2023,41,quantile,0.025,0
3/6/2023,4 wk ahead inc flu hosp,4/1/2023,41,quantile,0.05,0
3/6/2023,4 wk ahead inc flu hosp,4/1/2023,41,quantile,0.1,0.145726554
3/6/2023,4 wk ahead inc flu hosp,4/1/2023,41,quantile,0.15,0.802353287
3/6/2023,4 wk ahead inc flu hosp,4/1/2023,41,quantile,0.2,1.514312375
3/6/2023,4 wk ahead inc flu hosp,4/1/2023,41,quantile,0.25,2.290162598
3/6/2023,4 wk ahead inc flu hosp,4/1/2023,41,quantile,0.3,3.140052597
3/6/2023,4 wk ahead inc flu hosp,4/1/2023,41,quantile,0.35,4.076352607
3/6/2023,4 wk ahead inc flu hosp,4/1/2023,41,quantile,0.4,5.114492843
3/6/2023,4 wk ahead inc flu hosp,4/1/2023,41,quantile,0.45,6.274137824
3/6/2023,4 wk ahead inc flu hosp,4/1/2023,41,quantile,0.5,7.580917749
3/6/2023,4 wk ahead inc flu hosp,4/1/2023,41,quantile,0.55,9.069095395
3/6/2023,4 wk ahead inc flu hosp,4/1/2023,41,quantile,0.6,10.78586265
3/6/2023,4 wk ahead inc flu hosp,4/1/2023,41,quantile,0.65,12.79862912
3/6/2023,4 wk ahead inc flu hosp,4/1/2023,41,quantile,0.7,15.20819027
3/6/2023,4 wk ahead inc flu hosp,4/1/2023,41,quantile,0.75,18.17450479
3/6/2023,4 wk ahead inc flu hosp,4/1/2023,41,quantile,0.8,21.97283891
3/6/2023,4 wk ahead inc flu hosp,4/1/2023,41,quantile,0.85,27.13594071
3/6/2023,4 wk ahead inc flu hosp,4/1/2023,41,quantile,0.9,34.90882569
3/6/2023,4 wk ahead inc flu hosp,4/1/2023,41,quantile,0.95,49.49917479
3/6/2023,4 wk ahead inc flu hosp,4/1/2023,41,quantile,0.975,65.68408551
3/6/2023,4 wk ahead inc flu hosp,4/1/2023,41,quantile,0.99,89.45910646
3/6/2023,4 wk ahead inc flu hosp,4/1/2023,42,point,NA,67.68112238
3/6/2023,4 wk ahead inc flu hosp,4/1/2023,42,quantile,0.01,6.625801929
3/6/2023,4 wk ahead inc flu hosp,4/1/2023,42,quantile,0.025,11.16691765
3/6/2023,4 wk ahead inc flu hosp,4/1/2023,42,quantile,0.05,16.30199208
3/6/2023,4 wk ahead inc flu hosp,4/1/2023,42,quantile,0.1,23.84150972
3/6/2023,4 wk ahead inc flu hosp,4/1/2023,42,quantile,0.15,30.02049525
3/6/2023,4 wk ahead inc flu hosp,4/1/2023,42,quantile,0.2,35.61560164
3/6/2023,4 wk ahead inc flu hosp,4/1/2023,42,quantile,0.25,40.92907431
3/6/2023,4 wk ahead inc flu hosp,4/1/2023,42,quantile,0.3,46.12507749
3/6/2023,4 wk ahead inc flu hosp,4/1/2023,42,quantile,0.35,51.31372068
3/6/2023,4 wk ahead inc flu hosp,4/1/2023,42,quantile,0.4,56.5823153
3/6/2023,4 wk ahead inc flu hosp,4/1/2023,42,quantile,0.45,62.01068898
3/6/2023,4 wk ahead inc flu hosp,4/1/2023,42,quantile,0.5,67.68112238
3/6/2023,4 wk ahead inc flu hosp,4/1/2023,42,quantile,0.55,73.6871762
3/6/2023,4 wk ahead inc flu hosp,4/1/2023,42,quantile,0.6,80.14415235
3/6/2023,4 wk ahead inc flu hosp,4/1/2023,42,quantile,0.65,87.20434526
3/6/2023,4 wk ahead inc flu hosp,4/1/2023,42,quantile,0.7,95.08259972
3/6/2023,4 wk ahead inc flu hosp,4/1/2023,42,quantile,0.75,104.1042006
3/6/2023,4 wk ahead inc flu hosp,4/1/2023,42,quantile,0.8,114.8057751
3/6/2023,4 wk ahead inc flu hosp,4/1/2023,42,quantile,0.85,128.1826795
3/6/2023,4 wk ahead inc flu hosp,4/1/2023,42,quantile,0.9,146.4511263
3/6/2023,4 wk ahead inc flu hosp,4/1/2023,42,quantile,0.95,176.6273422
3/6/2023,4 wk ahead inc flu hosp,4/1/2023,42,quantile,0.975,205.9699477
3/6/2023,4 wk ahead inc flu hosp,4/1/2023,42,quantile,0.99,244.016434
3/6/2023,4 wk ahead inc flu hosp,4/1/2023,44,point,NA,1.763248556
3/6/2023,4 wk ahead inc flu hosp,4/1/2023,44,quantile,0.01,0
3/6/2023,4 wk ahead inc flu hosp,4/1/2023,44,quantile,0.025,0
3/6/2023,4 wk ahead inc flu hosp,4/1/2023,44,quantile,0.05,0
3/6/2023,4 wk ahead inc flu hosp,4/1/2023,44,quantile,0.1,0
3/6/2023,4 wk ahead inc flu hosp,4/1/2023,44,quantile,0.15,0
3/6/2023,4 wk ahead inc flu hosp,4/1/2023,44,quantile,0.2,0.099316693
3/6/2023,4 wk ahead inc flu hosp,4/1/2023,44,quantile,0.25,0.35016476
3/6/2023,4 wk ahead inc flu hosp,4/1/2023,44,quantile,0.3,0.606606041
3/6/2023,4 wk ahead inc flu hosp,4/1/2023,44,quantile,0.35,0.872350142
3/6/2023,4 wk ahead inc flu hosp,4/1/2023,44,quantile,0.4,1.150997222
3/6/2023,4 wk ahead inc flu hosp,4/1/2023,44,quantile,0.45,1.446442666
3/6/2023,4 wk ahead inc flu hosp,4/1/2023,44,quantile,0.5,1.763248556
3/6/2023,4 wk ahead inc flu hosp,4/1/2023,44,quantile,0.55,2.107091643
3/6/2023,4 wk ahead inc flu hosp,4/1/2023,44,quantile,0.6,2.485406383
3/6/2023,4 wk ahead inc flu hosp,4/1/2023,44,quantile,0.65,2.908416021
3/6/2023,4 wk ahead inc flu hosp,4/1/2023,44,quantile,0.7,3.390936197
3/6/2023,4 wk ahead inc flu hosp,4/1/2023,44,quantile,0.75,3.955822821
3/6/2023,4 wk ahead inc flu hosp,4/1/2023,44,quantile,0.8,4.641318518
3/6/2023,4 wk ahead inc flu hosp,4/1/2023,44,quantile,0.85,5.519218812
3/6/2023,4 wk ahead inc flu hosp,4/1/2023,44,quantile,0.9,6.751332959
3/6/2023,4 wk ahead inc flu hosp,4/1/2023,44,quantile,0.95,8.857776544
3/6/2023,4 wk ahead inc flu hosp,4/1/2023,44,quantile,0.975,10.9770795
3/6/2023,4 wk ahead inc flu hosp,4/1/2023,44,quantile,0.99,13.81097999
3/6/2023,4 wk ahead inc flu hosp,4/1/2023,45,point,NA,24.55080657
3/6/2023,4 wk ahead inc flu hosp,4/1/2023,45,quantile,0.01,2.611795621
3/6/2023,4 wk ahead inc flu hosp,4/1/2023,45,quantile,0.025,4.196048597
3/6/2023,4 wk ahead inc flu hosp,4/1/2023,45,quantile,0.05,5.964311349
3/6/2023,4 wk ahead inc flu hosp,4/1/2023,45,quantile,0.1,8.568188991
3/6/2023,4 wk ahead inc flu hosp,4/1/2023,45,quantile,0.15,10.72676864
3/6/2023,4 wk ahead inc flu hosp,4/1/2023,45,quantile,0.2,12.70607427
3/6/2023,4 wk ahead inc flu hosp,4/1/2023,45,quantile,0.25,14.60926206
3/6/2023,4 wk ahead inc flu hosp,4/1/2023,45,quantile,0.3,16.49319235
3/6/2023,4 wk ahead inc flu hosp,4/1/2023,45,quantile,0.35,18.39717281
3/6/2023,4 wk ahead inc flu hosp,4/1/2023,45,quantile,0.4,20.35368314
3/6/2023,4 wk ahead inc flu hosp,4/1/2023,45,quantile,0.45,22.39377681
3/6/2023,4 wk ahead inc flu hosp,4/1/2023,45,quantile,0.5,24.55080657
3/6/2023,4 wk ahead inc flu hosp,4/1/2023,45,quantile,0.55,26.86400408
3/6/2023,4 wk ahead inc flu hosp,4/1/2023,45,quantile,0.6,29.38300098
3/6/2023,4 wk ahead inc flu hosp,4/1/2023,45,quantile,0.65,32.17467583
3/6/2023,4 wk ahead inc flu hosp,4/1/2023,45,quantile,0.7,35.33486976
3/6/2023,4 wk ahead inc flu hosp,4/1/2023,45,quantile,0.75,39.01062181
3/6/2023,4 wk ahead inc flu hosp,4/1/2023,45,quantile,0.8,43.4474916
3/6/2023,4 wk ahead inc flu hosp,4/1/2023,45,quantile,0.85,49.10675067
3/6/2023,4 wk ahead inc flu hosp,4/1/2023,45,quantile,0.9,57.0307383
3/6/2023,4 wk ahead inc flu hosp,4/1/2023,45,quantile,0.95,70.58800146
3/6/2023,4 wk ahead inc flu hosp,4/1/2023,45,quantile,0.975,84.29712749
3/6/2023,4 wk ahead inc flu hosp,4/1/2023,45,quantile,0.99,102.7949037
3/6/2023,4 wk ahead inc flu hosp,4/1/2023,46,point,NA,4.714763973
3/6/2023,4 wk ahead inc flu hosp,4/1/2023,46,quantile,0.01,0.017003239
3/6/2023,4 wk ahead inc flu hosp,4/1/2023,46,quantile,0.025,0.409964918
3/6/2023,4 wk ahead inc flu hosp,4/1/2023,46,quantile,0.05,0.8304063
3/6/2023,4 wk ahead inc flu hosp,4/1/2023,46,quantile,0.1,1.424365564
3/6/2023,4 wk ahead inc flu hosp,4/1/2023,46,quantile,0.15,1.899489714
3/6/2023,4 wk ahead inc flu hosp,4/1/2023,46,quantile,0.2,2.324215824
3/6/2023,4 wk ahead inc flu hosp,4/1/2023,46,quantile,0.25,2.724277472
3/6/2023,4 wk ahead inc flu hosp,4/1/2023,46,quantile,0.3,3.113297798
3/6/2023,4 wk ahead inc flu hosp,4/1/2023,46,quantile,0.35,3.500203847
3/6/2023,4 wk ahead inc flu hosp,4/1/2023,46,quantile,0.4,3.891922914
3/6/2023,4 wk ahead inc flu hosp,4/1/2023,46,quantile,0.45,4.294671211
3/6/2023,4 wk ahead inc flu hosp,4/1/2023,46,quantile,0.5,4.714763973
3/6/2023,4 wk ahead inc flu hosp,4/1/2023,46,quantile,0.55,5.159311365
3/6/2023,4 wk ahead inc flu hosp,4/1/2023,46,quantile,0.6,5.637023388
3/6/2023,4 wk ahead inc flu hosp,4/1/2023,46,quantile,0.65,6.159369197
3/6/2023,4 wk ahead inc flu hosp,4/1/2023,46,quantile,0.7,6.742511487
3/6/2023,4 wk ahead inc flu hosp,4/1/2023,46,quantile,0.75,7.410929012
3/6/2023,4 wk ahead inc flu hosp,4/1/2023,46,quantile,0.8,8.205057459
3/6/2023,4 wk ahead inc flu hosp,4/1/2023,46,quantile,0.85,9.200060095
3/6/2023,4 wk ahead inc flu hosp,4/1/2023,46,quantile,0.9,10.56381707
3/6/2023,4 wk ahead inc flu hosp,4/1/2023,46,quantile,0.95,12.83041773
3/6/2023,4 wk ahead inc flu hosp,4/1/2023,46,quantile,0.975,15.05213252
3/6/2023,4 wk ahead inc flu hosp,4/1/2023,46,quantile,0.99,17.9595402
3/6/2023,4 wk ahead inc flu hosp,4/1/2023,47,point,NA,34.58073643
3/6/2023,4 wk ahead inc flu hosp,4/1/2023,47,quantile,0.01,0
3/6/2023,4 wk ahead inc flu hosp,4/1/2023,47,quantile,0.025,0.749701829
3/6/2023,4 wk ahead inc flu hosp,4/1/2023,47,quantile,0.05,2.971011555
3/6/2023,4 wk ahead inc flu hosp,4/1/2023,47,quantile,0.1,6.899573744
3/6/2023,4 wk ahead inc flu hosp,4/1/2023,47,quantile,0.15,10.45638538
3/6/2023,4 wk ahead inc flu hosp,4/1/2023,47,quantile,0.2,13.83842517
3/6/2023,4 wk ahead inc flu hosp,4/1/2023,47,quantile,0.25,17.14844901
3/6/2023,4 wk ahead inc flu hosp,4/1/2023,47,quantile,0.3,20.45285171
3/6/2023,4 wk ahead inc flu hosp,4/1/2023,47,quantile,0.35,23.80263398
3/6/2023,4 wk ahead inc flu hosp,4/1/2023,47,quantile,0.4,27.24302136
3/6/2023,4 wk ahead inc flu hosp,4/1/2023,47,quantile,0.45,30.81917569
3/6/2023,4 wk ahead inc flu hosp,4/1/2023,47,quantile,0.5,34.58073643
3/6/2023,4 wk ahead inc flu hosp,4/1/2023,47,quantile,0.55,38.58663908
3/6/2023,4 wk ahead inc flu hosp,4/1/2023,47,quantile,0.6,42.91150273
3/6/2023,4 wk ahead inc flu hosp,4/1/2023,47,quantile,0.65,47.65545418
3/6/2023,4 wk ahead inc flu hosp,4/1/2023,47,quantile,0.7,52.96094244
3/6/2023,4 wk ahead inc flu hosp,4/1/2023,47,quantile,0.75,59.04446067
3/6/2023,4 wk ahead inc flu hosp,4/1/2023,47,quantile,0.8,66.26344844
3/6/2023,4 wk ahead inc flu hosp,4/1/2023,47,quantile,0.85,75.28006739
3/6/2023,4 wk ahead inc flu hosp,4/1/2023,47,quantile,0.9,87.56424029
3/6/2023,4 wk ahead inc flu hosp,4/1/2023,47,quantile,0.95,107.7447043
3/6/2023,4 wk ahead inc flu hosp,4/1/2023,47,quantile,0.975,127.2082321
3/6/2023,4 wk ahead inc flu hosp,4/1/2023,47,quantile,0.99,152.1928157
3/6/2023,4 wk ahead inc flu hosp,4/1/2023,48,point,NA,116.5488059
3/6/2023,4 wk ahead inc flu hosp,4/1/2023,48,quantile,0.01,4.845775823
3/6/2023,4 wk ahead inc flu hosp,4/1/2023,48,quantile,0.025,11.33343968
3/6/2023,4 wk ahead inc flu hosp,4/1/2023,48,quantile,0.05,19.56746013
3/6/2023,4 wk ahead inc flu hosp,4/1/2023,48,quantile,0.1,32.61296386
3/6/2023,4 wk ahead inc flu hosp,4/1/2023,48,quantile,0.15,43.82264731
3/6/2023,4 wk ahead inc flu hosp,4/1/2023,48,quantile,0.2,54.24047389
3/6/2023,4 wk ahead inc flu hosp,4/1/2023,48,quantile,0.25,64.30788134
3/6/2023,4 wk ahead inc flu hosp,4/1/2023,48,quantile,0.3,74.28030282
3/6/2023,4 wk ahead inc flu hosp,4/1/2023,48,quantile,0.35,84.33953261
3/6/2023,4 wk ahead inc flu hosp,4/1/2023,48,quantile,0.4,94.63803308
3/6/2023,4 wk ahead inc flu hosp,4/1/2023,48,quantile,0.45,105.3221883
3/6/2023,4 wk ahead inc flu hosp,4/1/2023,48,quantile,0.5,116.5488059
3/6/2023,4 wk ahead inc flu hosp,4/1/2023,48,quantile,0.55,128.5011767
3/6/2023,4 wk ahead inc flu hosp,4/1/2023,48,quantile,0.6,141.4093622
3/6/2023,4 wk ahead inc flu hosp,4/1/2023,48,quantile,0.65,155.5807561
3/6/2023,4 wk ahead inc flu hosp,4/1/2023,48,quantile,0.7,171.4520186
3/6/2023,4 wk ahead inc flu hosp,4/1/2023,48,quantile,0.75,189.6869094
3/6/2023,4 wk ahead inc flu hosp,4/1/2023,48,quantile,0.8,211.3827902
3/6/2023,4 wk ahead inc flu hosp,4/1/2023,48,quantile,0.85,238.5771254
3/6/2023,4 wk ahead inc flu hosp,4/1/2023,48,quantile,0.9,275.8075985
3/6/2023,4 wk ahead inc flu hosp,4/1/2023,48,quantile,0.95,337.4345476
3/6/2023,4 wk ahead inc flu hosp,4/1/2023,48,quantile,0.975,397.4143933
3/6/2023,4 wk ahead inc flu hosp,4/1/2023,48,quantile,0.99,475.1601764
3/6/2023,4 wk ahead inc flu hosp,4/1/2023,49,point,NA,3.587000122
3/6/2023,4 wk ahead inc flu hosp,4/1/2023,49,quantile,0.01,0
3/6/2023,4 wk ahead inc flu hosp,4/1/2023,49,quantile,0.025,0
3/6/2023,4 wk ahead inc flu hosp,4/1/2023,49,quantile,0.05,0
3/6/2023,4 wk ahead inc flu hosp,4/1/2023,49,quantile,0.1,0
3/6/2023,4 wk ahead inc flu hosp,4/1/2023,49,quantile,0.15,0
3/6/2023,4 wk ahead inc flu hosp,4/1/2023,49,quantile,0.2,0.180477046
3/6/2023,4 wk ahead inc flu hosp,4/1/2023,49,quantile,0.25,0.594217634
3/6/2023,4 wk ahead inc flu hosp,4/1/2023,49,quantile,0.3,1.057789384
3/6/2023,4 wk ahead inc flu hosp,4/1/2023,49,quantile,0.35,1.578123843
3/6/2023,4 wk ahead inc flu hosp,4/1/2023,49,quantile,0.4,2.164402405
3/6/2023,4 wk ahead inc flu hosp,4/1/2023,49,quantile,0.45,2.828692255
3/6/2023,4 wk ahead inc flu hosp,4/1/2023,49,quantile,0.5,3.587000122
3/6/2023,4 wk ahead inc flu hosp,4/1/2023,49,quantile,0.55,4.460960263
3/6/2023,4 wk ahead inc flu hosp,4/1/2023,49,quantile,0.6,5.480596283
3/6/2023,4 wk ahead inc flu hosp,4/1/2023,49,quantile,0.65,6.689040599
3/6/2023,4 wk ahead inc flu hosp,4/1/2023,49,quantile,0.7,8.151098641
3/6/2023,4 wk ahead inc flu hosp,4/1/2023,49,quantile,0.75,9.970071911
3/6/2023,4 wk ahead inc flu hosp,4/1/2023,49,quantile,0.8,12.32452185
3/6/2023,4 wk ahead inc flu hosp,4/1/2023,49,quantile,0.85,15.56170619
3/6/2023,4 wk ahead inc flu hosp,4/1/2023,49,quantile,0.9,20.49776377
3/6/2023,4 wk ahead inc flu hosp,4/1/2023,49,quantile,0.95,29.91198579
3/6/2023,4 wk ahead inc flu hosp,4/1/2023,49,quantile,0.975,40.5174868
3/6/2023,4 wk ahead inc flu hosp,4/1/2023,49,quantile,0.99,56.31345881
3/6/2023,4 wk ahead inc flu hosp,4/1/2023,50,point,NA,1.018804944
3/6/2023,4 wk ahead inc flu hosp,4/1/2023,50,quantile,0.01,0
3/6/2023,4 wk ahead inc flu hosp,4/1/2023,50,quantile,0.025,0
3/6/2023,4 wk ahead inc flu hosp,4/1/2023,50,quantile,0.05,0
3/6/2023,4 wk ahead inc flu hosp,4/1/2023,50,quantile,0.1,0
3/6/2023,4 wk ahead inc flu hosp,4/1/2023,50,quantile,0.15,0
3/6/2023,4 wk ahead inc flu hosp,4/1/2023,50,quantile,0.2,0
3/6/2023,4 wk ahead inc flu hosp,4/1/2023,50,quantile,0.25,0.147303958
3/6/2023,4 wk ahead inc flu hosp,4/1/2023,50,quantile,0.3,0.308395422
3/6/2023,4 wk ahead inc flu hosp,4/1/2023,50,quantile,0.35,0.473356675
3/6/2023,4 wk ahead inc flu hosp,4/1/2023,50,quantile,0.4,0.644880656
3/6/2023,4 wk ahead inc flu hosp,4/1/2023,50,quantile,0.45,0.82568296
3/6/2023,4 wk ahead inc flu hosp,4/1/2023,50,quantile,0.5,1.018804944
3/6/2023,4 wk ahead inc flu hosp,4/1/2023,50,quantile,0.55,1.227933563
3/6/2023,4 wk ahead inc flu hosp,4/1/2023,50,quantile,0.6,1.457830884
3/6/2023,4 wk ahead inc flu hosp,4/1/2023,50,quantile,0.65,1.715005135
3/6/2023,4 wk ahead inc flu hosp,4/1/2023,50,quantile,0.7,2.008875779
3/6/2023,4 wk ahead inc flu hosp,4/1/2023,50,quantile,0.75,2.354001266
3/6/2023,4 wk ahead inc flu hosp,4/1/2023,50,quantile,0.8,2.774843249
3/6/2023,4 wk ahead inc flu hosp,4/1/2023,50,quantile,0.85,3.317614945
3/6/2023,4 wk ahead inc flu hosp,4/1/2023,50,quantile,0.9,4.087393874
3/6/2023,4 wk ahead inc flu hosp,4/1/2023,50,quantile,0.95,5.426540144
3/6/2023,4 wk ahead inc flu hosp,4/1/2023,50,quantile,0.975,6.803914113
3/6/2023,4 wk ahead inc flu hosp,4/1/2023,50,quantile,0.99,8.692162079
3/6/2023,4 wk ahead inc flu hosp,4/1/2023,51,point,NA,38.43777185
3/6/2023,4 wk ahead inc flu hosp,4/1/2023,51,quantile,0.01,1.739172931
3/6/2023,4 wk ahead inc flu hosp,4/1/2023,51,quantile,0.025,4.059059353
3/6/2023,4 wk ahead inc flu hosp,4/1/2023,51,quantile,0.05,6.869812711
3/6/2023,4 wk ahead inc flu hosp,4/1/2023,51,quantile,0.1,11.2070566
3/6/2023,4 wk ahead inc flu hosp,4/1/2023,51,quantile,0.15,14.88233675
3/6/2023,4 wk ahead inc flu hosp,4/1/2023,51,quantile,0.2,18.27623801
3/6/2023,4 wk ahead inc flu hosp,4/1/2023,51,quantile,0.25,21.5442824
3/6/2023,4 wk ahead inc flu hosp,4/1/2023,51,quantile,0.3,24.77453954
3/6/2023,4 wk ahead inc flu hosp,4/1/2023,51,quantile,0.35,28.02866095
3/6/2023,4 wk ahead inc flu hosp,4/1/2023,51,quantile,0.4,31.35768752
3/6/2023,4 wk ahead inc flu hosp,4/1/2023,51,quantile,0.45,34.81016492
3/6/2023,4 wk ahead inc flu hosp,4/1/2023,51,quantile,0.5,38.43777185
3/6/2023,4 wk ahead inc flu hosp,4/1/2023,51,quantile,0.55,42.30069236
3/6/2023,4 wk ahead inc flu hosp,4/1/2023,51,quantile,0.6,46.47432528
3/6/2023,4 wk ahead inc flu hosp,4/1/2023,51,quantile,0.65,51.05934236
3/6/2023,4 wk ahead inc flu hosp,4/1/2023,51,quantile,0.7,56.19875549
3/6/2023,4 wk ahead inc flu hosp,4/1/2023,51,quantile,0.75,62.11006831
3/6/2023,4 wk ahead inc flu hosp,4/1/2023,51,quantile,0.8,69.15318662
3/6/2023,4 wk ahead inc flu hosp,4/1/2023,51,quantile,0.85,77.99715874
3/6/2023,4 wk ahead inc flu hosp,4/1/2023,51,quantile,0.9,90.13448749
3/6/2023,4 wk ahead inc flu hosp,4/1/2023,51,quantile,0.95,110.3000788
3/6/2023,4 wk ahead inc flu hosp,4/1/2023,51,quantile,0.975,130.0139043
3/6/2023,4 wk ahead inc flu hosp,4/1/2023,51,quantile,0.99,155.6883324
3/6/2023,4 wk ahead inc flu hosp,4/1/2023,53,point,NA,19.20383591
3/6/2023,4 wk ahead inc flu hosp,4/1/2023,53,quantile,0.01,0
3/6/2023,4 wk ahead inc flu hosp,4/1/2023,53,quantile,0.025,0
3/6/2023,4 wk ahead inc flu hosp,4/1/2023,53,quantile,0.05,0.577414695
3/6/2023,4 wk ahead inc flu hosp,4/1/2023,53,quantile,0.1,2.245002907
3/6/2023,4 wk ahead inc flu hosp,4/1/2023,53,quantile,0.15,3.94627243
3/6/2023,4 wk ahead inc flu hosp,4/1/2023,53,quantile,0.2,5.714407362
3/6/2023,4 wk ahead inc flu hosp,4/1/2023,53,quantile,0.25,7.574864914
3/6/2023,4 wk ahead inc flu hosp,4/1/2023,53,quantile,0.3,9.551532648
3/6/2023,4 wk ahead inc flu hosp,4/1/2023,53,quantile,0.35,11.66989483
3/6/2023,4 wk ahead inc flu hosp,4/1/2023,53,quantile,0.4,13.95935277
3/6/2023,4 wk ahead inc flu hosp,4/1/2023,53,quantile,0.45,16.45562509
3/6/2023,4 wk ahead inc flu hosp,4/1/2023,53,quantile,0.5,19.20383591
3/6/2023,4 wk ahead inc flu hosp,4/1/2023,53,quantile,0.55,22.26299704
3/6/2023,4 wk ahead inc flu hosp,4/1/2023,53,quantile,0.6,25.71302839
3/6/2023,4 wk ahead inc flu hosp,4/1/2023,53,quantile,0.65,29.66647824
3/6/2023,4 wk ahead inc flu hosp,4/1/2023,53,quantile,0.7,34.28945351
3/6/2023,4 wk ahead inc flu hosp,4/1/2023,53,quantile,0.75,39.84216531
3/6/2023,4 wk ahead inc flu hosp,4/1/2023,53,quantile,0.8,46.76628313
3/6/2023,4 wk ahead inc flu hosp,4/1/2023,53,quantile,0.85,55.90342354
3/6/2023,4 wk ahead inc flu hosp,4/1/2023,53,quantile,0.9,69.18350285
3/6/2023,4 wk ahead inc flu hosp,4/1/2023,53,quantile,0.95,92.95847849
3/6/2023,4 wk ahead inc flu hosp,4/1/2023,53,quantile,0.975,118.0497047
3/6/2023,4 wk ahead inc flu hosp,4/1/2023,53,quantile,0.99,153.1638715
3/6/2023,4 wk ahead inc flu hosp,4/1/2023,54,point,NA,8.320541511
3/6/2023,4 wk ahead inc flu hosp,4/1/2023,54,quantile,0.01,0
3/6/2023,4 wk ahead inc flu hosp,4/1/2023,54,quantile,0.025,0.281668824
3/6/2023,4 wk ahead inc flu hosp,4/1/2023,54,quantile,0.05,0.979625857
3/6/2023,4 wk ahead inc flu hosp,4/1/2023,54,quantile,0.1,2.034162594
3/6/2023,4 wk ahead inc flu hosp,4/1/2023,54,quantile,0.15,2.911605213
3/6/2023,4 wk ahead inc flu hosp,4/1/2023,54,quantile,0.2,3.711458588
3/6/2023,4 wk ahead inc flu hosp,4/1/2023,54,quantile,0.25,4.473693987
3/6/2023,4 wk ahead inc flu hosp,4/1/2023,54,quantile,0.3,5.220448957
3/6/2023,4 wk ahead inc flu hosp,4/1/2023,54,quantile,0.35,5.96678463
3/6/2023,4 wk ahead inc flu hosp,4/1/2023,54,quantile,0.4,6.724770294
3/6/2023,4 wk ahead inc flu hosp,4/1/2023,54,quantile,0.45,7.505520717
3/6/2023,4 wk ahead inc flu hosp,4/1/2023,54,quantile,0.5,8.320541511
3/6/2023,4 wk ahead inc flu hosp,4/1/2023,54,quantile,0.55,9.182941986
3/6/2023,4 wk ahead inc flu hosp,4/1/2023,54,quantile,0.6,10.10888509
3/6/2023,4 wk ahead inc flu hosp,4/1/2023,54,quantile,0.65,11.1197082
3/6/2023,4 wk ahead inc flu hosp,4/1/2023,54,quantile,0.7,12.24547839
3/6/2023,4 wk ahead inc flu hosp,4/1/2023,54,quantile,0.75,13.5316483
3/6/2023,4 wk ahead inc flu hosp,4/1/2023,54,quantile,0.8,15.05305894
3/6/2023,4 wk ahead inc flu hosp,4/1/2023,54,quantile,0.85,16.94820467
3/6/2023,4 wk ahead inc flu hosp,4/1/2023,54,quantile,0.9,19.52452961
3/6/2023,4 wk ahead inc flu hosp,4/1/2023,54,quantile,0.95,23.75111746
3/6/2023,4 wk ahead inc flu hosp,4/1/2023,54,quantile,0.975,27.82805263
3/6/2023,4 wk ahead inc flu hosp,4/1/2023,54,quantile,0.99,33.06959648
3/6/2023,4 wk ahead inc flu hosp,4/1/2023,55,point,NA,9.757874553
3/6/2023,4 wk ahead inc flu hosp,4/1/2023,55,quantile,0.01,0.797529649
3/6/2023,4 wk ahead inc flu hosp,4/1/2023,55,quantile,0.025,1.495537027
3/6/2023,4 wk ahead inc flu hosp,4/1/2023,55,quantile,0.05,2.255475744
3/6/2023,4 wk ahead inc flu hosp,4/1/2023,55,quantile,0.1,3.34996285
3/6/2023,4 wk ahead inc flu hosp,4/1/2023,55,quantile,0.15,4.241383528
3/6/2023,4 wk ahead inc flu hosp,4/1/2023,55,quantile,0.2,5.049141111
3/6/2023,4 wk ahead inc flu hosp,4/1/2023,55,quantile,0.25,5.818724248
3/6/2023,4 wk ahead inc flu hosp,4/1/2023,55,quantile,0.3,6.574694182
3/6/2023,4 wk ahead inc flu hosp,4/1/2023,55,quantile,0.35,7.333603807
3/6/2023,4 wk ahead inc flu hosp,4/1/2023,55,quantile,0.4,8.108750568
3/6/2023,4 wk ahead inc flu hosp,4/1/2023,55,quantile,0.45,8.91250933
3/6/2023,4 wk ahead inc flu hosp,4/1/2023,55,quantile,0.5,9.757874553
3/6/2023,4 wk ahead inc flu hosp,4/1/2023,55,quantile,0.55,10.65987322
3/6/2023,4 wk ahead inc flu hosp,4/1/2023,55,quantile,0.6,11.63728831
3/6/2023,4 wk ahead inc flu hosp,4/1/2023,55,quantile,0.65,12.71522052
3/6/2023,4 wk ahead inc flu hosp,4/1/2023,55,quantile,0.7,13.92943242
3/6/2023,4 wk ahead inc flu hosp,4/1/2023,55,quantile,0.75,15.33455679
3/6/2023,4 wk ahead inc flu hosp,4/1/2023,55,quantile,0.8,17.02151729
3/6/2023,4 wk ahead inc flu hosp,4/1/2023,55,quantile,0.85,19.16056877
3/6/2023,4 wk ahead inc flu hosp,4/1/2023,55,quantile,0.9,22.1351349
3/6/2023,4 wk ahead inc flu hosp,4/1/2023,55,quantile,0.95,27.17884808
3/6/2023,4 wk ahead inc flu hosp,4/1/2023,55,quantile,0.975,32.23208852
3/6/2023,4 wk ahead inc flu hosp,4/1/2023,55,quantile,0.99,38.99135907
3/6/2023,4 wk ahead inc flu hosp,4/1/2023,56,point,NA,1.330391054
3/6/2023,4 wk ahead inc flu hosp,4/1/2023,56,quantile,0.01,0
3/6/2023,4 wk ahead inc flu hosp,4/1/2023,56,quantile,0.025,0
3/6/2023,4 wk ahead inc flu hosp,4/1/2023,56,quantile,0.05,0
3/6/2023,4 wk ahead inc flu hosp,4/1/2023,56,quantile,0.1,0
3/6/2023,4 wk ahead inc flu hosp,4/1/2023,56,quantile,0.15,0.086940827
3/6/2023,4 wk ahead inc flu hosp,4/1/2023,56,quantile,0.2,0.271250901
3/6/2023,4 wk ahead inc flu hosp,4/1/2023,56,quantile,0.25,0.446291815
3/6/2023,4 wk ahead inc flu hosp,4/1/2023,56,quantile,0.3,0.617573503
3/6/2023,4 wk ahead inc flu hosp,4/1/2023,56,quantile,0.35,0.788785166
3/6/2023,4 wk ahead inc flu hosp,4/1/2023,56,quantile,0.4,0.962854435
3/6/2023,4 wk ahead inc flu hosp,4/1/2023,56,quantile,0.45,1.142464712
3/6/2023,4 wk ahead inc flu hosp,4/1/2023,56,quantile,0.5,1.330391054
3/6/2023,4 wk ahead inc flu hosp,4/1/2023,56,quantile,0.55,1.529799707
3/6/2023,4 wk ahead inc flu hosp,4/1/2023,56,quantile,0.6,1.744604808
3/6/2023,4 wk ahead inc flu hosp,4/1/2023,56,quantile,0.65,1.979990355
3/6/2023,4 wk ahead inc flu hosp,4/1/2023,56,quantile,0.7,2.243287197
3/6/2023,4 wk ahead inc flu hosp,4/1/2023,56,quantile,0.75,2.545619595
3/6/2023,4 wk ahead inc flu hosp,4/1/2023,56,quantile,0.8,2.905380879
3/6/2023,4 wk ahead inc flu hosp,4/1/2023,56,quantile,0.85,3.356771834
3/6/2023,4 wk ahead inc flu hosp,4/1/2023,56,quantile,0.9,3.976169175
3/6/2023,4 wk ahead inc flu hosp,4/1/2023,56,quantile,0.95,5.006394502
3/6/2023,4 wk ahead inc flu hosp,4/1/2023,56,quantile,0.975,6.016105231
3/6/2023,4 wk ahead inc flu hosp,4/1/2023,56,quantile,0.99,7.336107018
3/6/2023,4 wk ahead inc flu hosp,4/1/2023,72,point,NA,36.22084297
3/6/2023,4 wk ahead inc flu hosp,4/1/2023,72,quantile,0.01,1.396212297
3/6/2023,4 wk ahead inc flu hosp,4/1/2023,72,quantile,0.025,3.46864254
3/6/2023,4 wk ahead inc flu hosp,4/1/2023,72,quantile,0.05,6.023568672
3/6/2023,4 wk ahead inc flu hosp,4/1/2023,72,quantile,0.1,10.03317814
3/6/2023,4 wk ahead inc flu hosp,4/1/2023,72,quantile,0.15,13.47901404
3/6/2023,4 wk ahead inc flu hosp,4/1/2023,72,quantile,0.2,16.69238739
3/6/2023,4 wk ahead inc flu hosp,4/1/2023,72,quantile,0.25,19.81079939
3/6/2023,4 wk ahead inc flu hosp,4/1/2023,72,quantile,0.3,22.91363279
3/6/2023,4 wk ahead inc flu hosp,4/1/2023,72,quantile,0.35,26.05779514
3/6/2023,4 wk ahead inc flu hosp,4/1/2023,72,quantile,0.4,29.2916328
3/6/2023,4 wk ahead inc flu hosp,4/1/2023,72,quantile,0.45,32.66225853
3/6/2023,4 wk ahead inc flu hosp,4/1/2023,72,quantile,0.5,36.22084297
3/6/2023,4 wk ahead inc flu hosp,4/1/2023,72,quantile,0.55,40.02788755
3/6/2023,4 wk ahead inc flu hosp,4/1/2023,72,quantile,0.6,44.16001241
3/6/2023,4 wk ahead inc flu hosp,4/1/2023,72,quantile,0.65,48.72029862
3/6/2023,4 wk ahead inc flu hosp,4/1/2023,72,quantile,0.7,53.85597653
3/6/2023,4 wk ahead inc flu hosp,4/1/2023,72,quantile,0.75,59.79188526
3/6/2023,4 wk ahead inc flu hosp,4/1/2023,72,quantile,0.8,66.90133805
3/6/2023,4 wk ahead inc flu hosp,4/1/2023,72,quantile,0.85,75.88053649
3/6/2023,4 wk ahead inc flu hosp,4/1/2023,72,quantile,0.9,88.28800162
3/6/2023,4 wk ahead inc flu hosp,4/1/2023,72,quantile,0.95,109.0911418
3/6/2023,4 wk ahead inc flu hosp,4/1/2023,72,quantile,0.975,129.6245909
3/6/2023,4 wk ahead inc flu hosp,4/1/2023,72,quantile,0.99,156.6148296
3/6/2023,4 wk ahead inc flu hosp,4/1/2023,78,point,NA,0.4
3/6/2023,4 wk ahead inc flu hosp,4/1/2023,78,quantile,0.01,0
3/6/2023,4 wk ahead inc flu hosp,4/1/2023,78,quantile,0.025,0
3/6/2023,4 wk ahead inc flu hosp,4/1/2023,78,quantile,0.05,0
3/6/2023,4 wk ahead inc flu hosp,4/1/2023,78,quantile,0.1,0
3/6/2023,4 wk ahead inc flu hosp,4/1/2023,78,quantile,0.15,0
3/6/2023,4 wk ahead inc flu hosp,4/1/2023,78,quantile,0.2,0
3/6/2023,4 wk ahead inc flu hosp,4/1/2023,78,quantile,0.25,0.029888054
3/6/2023,4 wk ahead inc flu hosp,4/1/2023,78,quantile,0.3,0.104528804
3/6/2023,4 wk ahead inc flu hosp,4/1/2023,78,quantile,0.35,0.177498982
3/6/2023,4 wk ahead inc flu hosp,4/1/2023,78,quantile,0.4,0.250258054
3/6/2023,4 wk ahead inc flu hosp,4/1/2023,78,quantile,0.45,0.324033742
3/6/2023,4 wk ahead inc flu hosp,4/1/2023,78,quantile,0.5,0.4
3/6/2023,4 wk ahead inc flu hosp,4/1/2023,78,quantile,0.55,0.479413746
3/6/2023,4 wk ahead inc flu hosp,4/1/2023,78,quantile,0.6,0.563757593
3/6/2023,4 wk ahead inc flu hosp,4/1/2023,78,quantile,0.65,0.654932595
3/6/2023,4 wk ahead inc flu hosp,4/1/2023,78,quantile,0.7,0.755569768
3/6/2023,4 wk ahead inc flu hosp,4/1/2023,78,quantile,0.75,0.86960502
3/6/2023,4 wk ahead inc flu hosp,4/1/2023,78,quantile,0.8,1.003482963
3/6/2023,4 wk ahead inc flu hosp,4/1/2023,78,quantile,0.85,1.169100018
3/6/2023,4 wk ahead inc flu hosp,4/1/2023,78,quantile,0.9,1.392855949
3/6/2023,4 wk ahead inc flu hosp,4/1/2023,78,quantile,0.95,1.758098905
3/6/2023,4 wk ahead inc flu hosp,4/1/2023,78,quantile,0.975,2.109824427
3/6/2023,4 wk ahead inc flu hosp,4/1/2023,78,quantile,0.99,2.562960852
3/6/2023,4 wk ahead inc flu hosp,4/1/2023,US,point,NA,1147.5598
3/6/2023,4 wk ahead inc flu hosp,4/1/2023,US,quantile,0.01,38.95114589
3/6/2023,4 wk ahead inc flu hosp,4/1/2023,US,quantile,0.025,91.6547193
3/6/2023,4 wk ahead inc flu hosp,4/1/2023,US,quantile,0.05,163.4232354
3/6/2023,4 wk ahead inc flu hosp,4/1/2023,US,quantile,0.1,283.7849468
3/6/2023,4 wk ahead inc flu hosp,4/1/2023,US,quantile,0.15,391.6594636
3/6/2023,4 wk ahead inc flu hosp,4/1/2023,US,quantile,0.2,494.6776602
3/6/2023,4 wk ahead inc flu hosp,4/1/2023,US,quantile,0.25,596.303993
3/6/2023,4 wk ahead inc flu hosp,4/1/2023,US,quantile,0.3,698.6893153
3/6/2023,4 wk ahead inc flu hosp,4/1/2023,US,quantile,0.35,803.4840751
3/6/2023,4 wk ahead inc flu hosp,4/1/2023,US,quantile,0.4,912.1784195
3/6/2023,4 wk ahead inc flu hosp,4/1/2023,US,quantile,0.45,1026.297753
3/6/2023,4 wk ahead inc flu hosp,4/1/2023,US,quantile,0.5,1147.5598
3/6/2023,4 wk ahead inc flu hosp,4/1/2023,US,quantile,0.55,1278.046122
3/6/2023,4 wk ahead inc flu hosp,4/1/2023,US,quantile,0.6,1420.435395
3/6/2023,4 wk ahead inc flu hosp,4/1/2023,US,quantile,0.65,1578.368188
3/6/2023,4 wk ahead inc flu hosp,4/1/2023,US,quantile,0.7,1757.077789
3/6/2023,4 wk ahead inc flu hosp,4/1/2023,US,quantile,0.75,1964.589086
3/6/2023,4 wk ahead inc flu hosp,4/1/2023,US,quantile,0.8,2214.263277
3/6/2023,4 wk ahead inc flu hosp,4/1/2023,US,quantile,0.85,2531.06922
3/6/2023,4 wk ahead inc flu hosp,4/1/2023,US,quantile,0.9,2971.001783
3/6/2023,4 wk ahead inc flu hosp,4/1/2023,US,quantile,0.95,3712.880047
3/6/2023,4 wk ahead inc flu hosp,4/1/2023,US,quantile,0.975,4448.948579
3/6/2023,4 wk ahead inc flu hosp,4/1/2023,US,quantile,0.99,5420.513958
