"date","value","location_name","location"
2022-02-05,0,"Alaska","02"
2022-02-05,9,"Alabama","01"
2022-02-05,23,"Arkansas","05"
2022-02-05,53,"Arizona","04"
2022-02-05,28,"California","06"
2022-02-05,27,"Colorado","08"
2022-02-05,0,"Connecticut","09"
2022-02-05,0,"District of Columbia","11"
2022-02-05,0,"Delaware","10"
2022-02-05,47,"Florida","12"
2022-02-05,41,"Georgia","13"
2022-02-05,0,"Hawaii","15"
2022-02-05,46,"Iowa","19"
2022-02-05,1,"Idaho","16"
2022-02-05,8,"Illinois","17"
2022-02-05,31,"Indiana","18"
2022-02-05,22,"Kansas","20"
2022-02-05,11,"Kentucky","21"
2022-02-05,85,"Louisiana","22"
2022-02-05,30,"Massachusetts","25"
2022-02-05,6,"Maryland","24"
2022-02-05,5,"Maine","23"
2022-02-05,40,"Michigan","26"
2022-02-05,20,"Minnesota","27"
2022-02-05,46,"Missouri","29"
2022-02-05,21,"Mississippi","28"
2022-02-05,13,"Montana","30"
2022-02-05,25,"North Carolina","37"
2022-02-05,7,"North Dakota","38"
2022-02-05,29,"Nebraska","31"
2022-02-05,9,"New Hampshire","33"
2022-02-05,20,"New Jersey","34"
2022-02-05,4,"New Mexico","35"
2022-02-05,8,"Nevada","32"
2022-02-05,27,"New York","36"
2022-02-05,26,"Ohio","39"
2022-02-05,68,"Oklahoma","40"
2022-02-05,2,"Oregon","41"
2022-02-05,50,"Pennsylvania","42"
2022-02-05,0,"Rhode Island","44"
2022-02-05,11,"South Carolina","45"
2022-02-05,18,"South Dakota","46"
2022-02-05,21,"Tennessee","47"
2022-02-05,133,"Texas","48"
2022-02-05,3,"Utah","49"
2022-02-05,34,"Virginia","51"
2022-02-05,0,"Vermont","50"
2022-02-05,8,"Washington","53"
2022-02-05,29,"Wisconsin","55"
2022-02-05,2,"West Virginia","54"
2022-02-05,2,"Wyoming","56"
2022-02-12,0,"Alaska","02"
2022-02-12,21,"Alabama","01"
2022-02-12,22,"Arkansas","05"
2022-02-12,56,"Arizona","04"
2022-02-12,11,"California","06"
2022-02-12,16,"Colorado","08"
2022-02-12,1,"Connecticut","09"
2022-02-12,1,"District of Columbia","11"
2022-02-12,0,"Delaware","10"
2022-02-12,47,"Florida","12"
2022-02-12,48,"Georgia","13"
2022-02-12,0,"Hawaii","15"
2022-02-12,40,"Iowa","19"
2022-02-12,1,"Idaho","16"
2022-02-12,22,"Illinois","17"
2022-02-12,53,"Indiana","18"
2022-02-12,25,"Kansas","20"
2022-02-12,12,"Kentucky","21"
2022-02-12,170,"Louisiana","22"
2022-02-12,43,"Massachusetts","25"
2022-02-12,13,"Maryland","24"
2022-02-12,5,"Maine","23"
2022-02-12,49,"Michigan","26"
2022-02-12,30,"Minnesota","27"
2022-02-12,55,"Missouri","29"
2022-02-12,25,"Mississippi","28"
2022-02-12,7,"Montana","30"
2022-02-12,34,"North Carolina","37"
2022-02-12,8,"North Dakota","38"
2022-02-12,32,"Nebraska","31"
2022-02-12,7,"New Hampshire","33"
2022-02-12,22,"New Jersey","34"
2022-02-12,6,"New Mexico","35"
2022-02-12,9,"Nevada","32"
2022-02-12,40,"New York","36"
2022-02-12,33,"Ohio","39"
2022-02-12,74,"Oklahoma","40"
2022-02-12,5,"Oregon","41"
2022-02-12,88,"Pennsylvania","42"
2022-02-12,1,"Rhode Island","44"
2022-02-12,17,"South Carolina","45"
2022-02-12,13,"South Dakota","46"
2022-02-12,26,"Tennessee","47"
2022-02-12,227,"Texas","48"
2022-02-12,3,"Utah","49"
2022-02-12,31,"Virginia","51"
2022-02-12,0,"Vermont","50"
2022-02-12,6,"Washington","53"
2022-02-12,25,"Wisconsin","55"
2022-02-12,4,"West Virginia","54"
2022-02-12,2,"Wyoming","56"
2022-02-19,1,"Alaska","02"
2022-02-19,10,"Alabama","01"
2022-02-19,37,"Arkansas","05"
2022-02-19,80,"Arizona","04"
2022-02-19,23,"California","06"
2022-02-19,24,"Colorado","08"
2022-02-19,7,"Connecticut","09"
2022-02-19,0,"District of Columbia","11"
2022-02-19,0,"Delaware","10"
2022-02-19,55,"Florida","12"
2022-02-19,44,"Georgia","13"
2022-02-19,0,"Hawaii","15"
2022-02-19,57,"Iowa","19"
2022-02-19,3,"Idaho","16"
2022-02-19,26,"Illinois","17"
2022-02-19,42,"Indiana","18"
2022-02-19,34,"Kansas","20"
2022-02-19,23,"Kentucky","21"
2022-02-19,116,"Louisiana","22"
2022-02-19,34,"Massachusetts","25"
2022-02-19,15,"Maryland","24"
2022-02-19,2,"Maine","23"
2022-02-19,50,"Michigan","26"
2022-02-19,19,"Minnesota","27"
2022-02-19,50,"Missouri","29"
2022-02-19,27,"Mississippi","28"
2022-02-19,16,"Montana","30"
2022-02-19,33,"North Carolina","37"
2022-02-19,0,"North Dakota","38"
2022-02-19,40,"Nebraska","31"
2022-02-19,0,"New Hampshire","33"
2022-02-19,28,"New Jersey","34"
2022-02-19,4,"New Mexico","35"
2022-02-19,9,"Nevada","32"
2022-02-19,29,"New York","36"
2022-02-19,32,"Ohio","39"
2022-02-19,75,"Oklahoma","40"
2022-02-19,4,"Oregon","41"
2022-02-19,77,"Pennsylvania","42"
2022-02-19,0,"Rhode Island","44"
2022-02-19,13,"South Carolina","45"
2022-02-19,12,"South Dakota","46"
2022-02-19,42,"Tennessee","47"
2022-02-19,323,"Texas","48"
2022-02-19,5,"Utah","49"
2022-02-19,27,"Virginia","51"
2022-02-19,1,"Vermont","50"
2022-02-19,5,"Washington","53"
2022-02-19,29,"Wisconsin","55"
2022-02-19,8,"West Virginia","54"
2022-02-19,4,"Wyoming","56"
2022-02-26,0,"Alaska","02"
2022-02-26,26,"Alabama","01"
2022-02-26,57,"Arkansas","05"
2022-02-26,80,"Arizona","04"
2022-02-26,34,"California","06"
2022-02-26,21,"Colorado","08"
2022-02-26,4,"Connecticut","09"
2022-02-26,1,"District of Columbia","11"
2022-02-26,1,"Delaware","10"
2022-02-26,59,"Florida","12"
2022-02-26,27,"Georgia","13"
2022-02-26,0,"Hawaii","15"
2022-02-26,56,"Iowa","19"
2022-02-26,1,"Idaho","16"
2022-02-26,21,"Illinois","17"
2022-02-26,59,"Indiana","18"
2022-02-26,28,"Kansas","20"
2022-02-26,23,"Kentucky","21"
2022-02-26,80,"Louisiana","22"
2022-02-26,11,"Massachusetts","25"
2022-02-26,23,"Maryland","24"
2022-02-26,2,"Maine","23"
2022-02-26,74,"Michigan","26"
2022-02-26,28,"Minnesota","27"
2022-02-26,72,"Missouri","29"
2022-02-26,34,"Mississippi","28"
2022-02-26,21,"Montana","30"
2022-02-26,44,"North Carolina","37"
2022-02-26,3,"North Dakota","38"
2022-02-26,53,"Nebraska","31"
2022-02-26,2,"New Hampshire","33"
2022-02-26,33,"New Jersey","34"
2022-02-26,4,"New Mexico","35"
2022-02-26,24,"Nevada","32"
2022-02-26,57,"New York","36"
2022-02-26,53,"Ohio","39"
2022-02-26,82,"Oklahoma","40"
2022-02-26,2,"Oregon","41"
2022-02-26,68,"Pennsylvania","42"
2022-02-26,2,"Rhode Island","44"
2022-02-26,16,"South Carolina","45"
2022-02-26,30,"South Dakota","46"
2022-02-26,29,"Tennessee","47"
2022-02-26,305,"Texas","48"
2022-02-26,9,"Utah","49"
2022-02-26,27,"Virginia","51"
2022-02-26,0,"Vermont","50"
2022-02-26,13,"Washington","53"
2022-02-26,61,"Wisconsin","55"
2022-02-26,21,"West Virginia","54"
2022-02-26,4,"Wyoming","56"
2022-03-05,2,"Alaska","02"
2022-03-05,35,"Alabama","01"
2022-03-05,60,"Arkansas","05"
2022-03-05,79,"Arizona","04"
2022-03-05,40,"California","06"
2022-03-05,38,"Colorado","08"
2022-03-05,8,"Connecticut","09"
2022-03-05,4,"District of Columbia","11"
2022-03-05,7,"Delaware","10"
2022-03-05,47,"Florida","12"
2022-03-05,38,"Georgia","13"
2022-03-05,0,"Hawaii","15"
2022-03-05,54,"Iowa","19"
2022-03-05,13,"Idaho","16"
2022-03-05,34,"Illinois","17"
2022-03-05,108,"Indiana","18"
2022-03-05,40,"Kansas","20"
2022-03-05,30,"Kentucky","21"
2022-03-05,62,"Louisiana","22"
2022-03-05,23,"Massachusetts","25"
2022-03-05,16,"Maryland","24"
2022-03-05,2,"Maine","23"
2022-03-05,88,"Michigan","26"
2022-03-05,35,"Minnesota","27"
2022-03-05,67,"Missouri","29"
2022-03-05,33,"Mississippi","28"
2022-03-05,14,"Montana","30"
2022-03-05,55,"North Carolina","37"
2022-03-05,7,"North Dakota","38"
2022-03-05,43,"Nebraska","31"
2022-03-05,14,"New Hampshire","33"
2022-03-05,30,"New Jersey","34"
2022-03-05,6,"New Mexico","35"
2022-03-05,33,"Nevada","32"
2022-03-05,56,"New York","36"
2022-03-05,75,"Ohio","39"
2022-03-05,119,"Oklahoma","40"
2022-03-05,7,"Oregon","41"
2022-03-05,79,"Pennsylvania","42"
2022-03-05,0,"Rhode Island","44"
2022-03-05,14,"South Carolina","45"
2022-03-05,13,"South Dakota","46"
2022-03-05,28,"Tennessee","47"
2022-03-05,408,"Texas","48"
2022-03-05,12,"Utah","49"
2022-03-05,18,"Virginia","51"
2022-03-05,0,"Vermont","50"
2022-03-05,12,"Washington","53"
2022-03-05,41,"Wisconsin","55"
2022-03-05,21,"West Virginia","54"
2022-03-05,6,"Wyoming","56"
2022-03-12,1,"Alaska","02"
2022-03-12,23,"Alabama","01"
2022-03-12,62,"Arkansas","05"
2022-03-12,104,"Arizona","04"
2022-03-12,51,"California","06"
2022-03-12,55,"Colorado","08"
2022-03-12,18,"Connecticut","09"
2022-03-12,2,"District of Columbia","11"
2022-03-12,4,"Delaware","10"
2022-03-12,58,"Florida","12"
2022-03-12,35,"Georgia","13"
2022-03-12,1,"Hawaii","15"
2022-03-12,49,"Iowa","19"
2022-03-12,16,"Idaho","16"
2022-03-12,58,"Illinois","17"
2022-03-12,119,"Indiana","18"
2022-03-12,31,"Kansas","20"
2022-03-12,39,"Kentucky","21"
2022-03-12,64,"Louisiana","22"
2022-03-12,36,"Massachusetts","25"
2022-03-12,19,"Maryland","24"
2022-03-12,1,"Maine","23"
2022-03-12,119,"Michigan","26"
2022-03-12,29,"Minnesota","27"
2022-03-12,90,"Missouri","29"
2022-03-12,31,"Mississippi","28"
2022-03-12,16,"Montana","30"
2022-03-12,14,"North Carolina","37"
2022-03-12,5,"North Dakota","38"
2022-03-12,61,"Nebraska","31"
2022-03-12,10,"New Hampshire","33"
2022-03-12,41,"New Jersey","34"
2022-03-12,15,"New Mexico","35"
2022-03-12,41,"Nevada","32"
2022-03-12,95,"New York","36"
2022-03-12,95,"Ohio","39"
2022-03-12,162,"Oklahoma","40"
2022-03-12,18,"Oregon","41"
2022-03-12,101,"Pennsylvania","42"
2022-03-12,1,"Rhode Island","44"
2022-03-12,14,"South Carolina","45"
2022-03-12,12,"South Dakota","46"
2022-03-12,28,"Tennessee","47"
2022-03-12,592,"Texas","48"
2022-03-12,17,"Utah","49"
2022-03-12,32,"Virginia","51"
2022-03-12,0,"Vermont","50"
2022-03-12,21,"Washington","53"
2022-03-12,53,"Wisconsin","55"
2022-03-12,43,"West Virginia","54"
2022-03-12,3,"Wyoming","56"
2022-03-19,3,"Alaska","02"
2022-03-19,17,"Alabama","01"
2022-03-19,74,"Arkansas","05"
2022-03-19,120,"Arizona","04"
2022-03-19,61,"California","06"
2022-03-19,82,"Colorado","08"
2022-03-19,25,"Connecticut","09"
2022-03-19,4,"District of Columbia","11"
2022-03-19,4,"Delaware","10"
2022-03-19,84,"Florida","12"
2022-03-19,33,"Georgia","13"
2022-03-19,0,"Hawaii","15"
2022-03-19,43,"Iowa","19"
2022-03-19,14,"Idaho","16"
2022-03-19,114,"Illinois","17"
2022-03-19,125,"Indiana","18"
2022-03-19,49,"Kansas","20"
2022-03-19,42,"Kentucky","21"
2022-03-19,74,"Louisiana","22"
2022-03-19,30,"Massachusetts","25"
2022-03-19,30,"Maryland","24"
2022-03-19,3,"Maine","23"
2022-03-19,134,"Michigan","26"
2022-03-19,37,"Minnesota","27"
2022-03-19,79,"Missouri","29"
2022-03-19,48,"Mississippi","28"
2022-03-19,19,"Montana","30"
2022-03-19,23,"North Carolina","37"
2022-03-19,9,"North Dakota","38"
2022-03-19,60,"Nebraska","31"
2022-03-19,7,"New Hampshire","33"
2022-03-19,60,"New Jersey","34"
2022-03-19,36,"New Mexico","35"
2022-03-19,53,"Nevada","32"
2022-03-19,90,"New York","36"
2022-03-19,105,"Ohio","39"
2022-03-19,156,"Oklahoma","40"
2022-03-19,24,"Oregon","41"
2022-03-19,109,"Pennsylvania","42"
2022-03-19,1,"Rhode Island","44"
2022-03-19,7,"South Carolina","45"
2022-03-19,5,"South Dakota","46"
2022-03-19,43,"Tennessee","47"
2022-03-19,595,"Texas","48"
2022-03-19,6,"Utah","49"
2022-03-19,35,"Virginia","51"
2022-03-19,8,"Vermont","50"
2022-03-19,24,"Washington","53"
2022-03-19,58,"Wisconsin","55"
2022-03-19,19,"West Virginia","54"
2022-03-19,7,"Wyoming","56"
2022-03-26,0,"Alaska","02"
2022-03-26,25,"Alabama","01"
2022-03-26,56,"Arkansas","05"
2022-03-26,99,"Arizona","04"
2022-03-26,79,"California","06"
2022-03-26,121,"Colorado","08"
2022-03-26,26,"Connecticut","09"
2022-03-26,4,"District of Columbia","11"
2022-03-26,3,"Delaware","10"
2022-03-26,78,"Florida","12"
2022-03-26,45,"Georgia","13"
2022-03-26,1,"Hawaii","15"
2022-03-26,36,"Iowa","19"
2022-03-26,19,"Idaho","16"
2022-03-26,88,"Illinois","17"
2022-03-26,115,"Indiana","18"
2022-03-26,28,"Kansas","20"
2022-03-26,53,"Kentucky","21"
2022-03-26,63,"Louisiana","22"
2022-03-26,78,"Massachusetts","25"
2022-03-26,29,"Maryland","24"
2022-03-26,9,"Maine","23"
2022-03-26,146,"Michigan","26"
2022-03-26,33,"Minnesota","27"
2022-03-26,91,"Missouri","29"
2022-03-26,25,"Mississippi","28"
2022-03-26,38,"Montana","30"
2022-03-26,28,"North Carolina","37"
2022-03-26,4,"North Dakota","38"
2022-03-26,25,"Nebraska","31"
2022-03-26,6,"New Hampshire","33"
2022-03-26,80,"New Jersey","34"
2022-03-26,39,"New Mexico","35"
2022-03-26,68,"Nevada","32"
2022-03-26,163,"New York","36"
2022-03-26,97,"Ohio","39"
2022-03-26,165,"Oklahoma","40"
2022-03-26,10,"Oregon","41"
2022-03-26,140,"Pennsylvania","42"
2022-03-26,3,"Rhode Island","44"
2022-03-26,15,"South Carolina","45"
2022-03-26,5,"South Dakota","46"
2022-03-26,38,"Tennessee","47"
2022-03-26,527,"Texas","48"
2022-03-26,17,"Utah","49"
2022-03-26,39,"Virginia","51"
2022-03-26,9,"Vermont","50"
2022-03-26,20,"Washington","53"
2022-03-26,57,"Wisconsin","55"
2022-03-26,37,"West Virginia","54"
2022-03-26,2,"Wyoming","56"
2022-04-02,2,"Alaska","02"
2022-04-02,23,"Alabama","01"
2022-04-02,74,"Arkansas","05"
2022-04-02,116,"Arizona","04"
2022-04-02,96,"California","06"
2022-04-02,104,"Colorado","08"
2022-04-02,47,"Connecticut","09"
2022-04-02,2,"District of Columbia","11"
2022-04-02,7,"Delaware","10"
2022-04-02,83,"Florida","12"
2022-04-02,33,"Georgia","13"
2022-04-02,3,"Hawaii","15"
2022-04-02,25,"Iowa","19"
2022-04-02,20,"Idaho","16"
2022-04-02,105,"Illinois","17"
2022-04-02,109,"Indiana","18"
2022-04-02,32,"Kansas","20"
2022-04-02,90,"Kentucky","21"
2022-04-02,30,"Louisiana","22"
2022-04-02,131,"Massachusetts","25"
2022-04-02,47,"Maryland","24"
2022-04-02,11,"Maine","23"
2022-04-02,160,"Michigan","26"
2022-04-02,28,"Minnesota","27"
2022-04-02,77,"Missouri","29"
2022-04-02,32,"Mississippi","28"
2022-04-02,19,"Montana","30"
2022-04-02,35,"North Carolina","37"
2022-04-02,4,"North Dakota","38"
2022-04-02,35,"Nebraska","31"
2022-04-02,13,"New Hampshire","33"
2022-04-02,136,"New Jersey","34"
2022-04-02,43,"New Mexico","35"
2022-04-02,110,"Nevada","32"
2022-04-02,200,"New York","36"
2022-04-02,127,"Ohio","39"
2022-04-02,118,"Oklahoma","40"
2022-04-02,14,"Oregon","41"
2022-04-02,183,"Pennsylvania","42"
2022-04-02,5,"Rhode Island","44"
2022-04-02,18,"South Carolina","45"
2022-04-02,11,"South Dakota","46"
2022-04-02,31,"Tennessee","47"
2022-04-02,352,"Texas","48"
2022-04-02,14,"Utah","49"
2022-04-02,35,"Virginia","51"
2022-04-02,14,"Vermont","50"
2022-04-02,24,"Washington","53"
2022-04-02,44,"Wisconsin","55"
2022-04-02,36,"West Virginia","54"
2022-04-02,10,"Wyoming","56"
2022-04-09,1,"Alaska","02"
2022-04-09,11,"Alabama","01"
2022-04-09,43,"Arkansas","05"
2022-04-09,93,"Arizona","04"
2022-04-09,104,"California","06"
2022-04-09,139,"Colorado","08"
2022-04-09,45,"Connecticut","09"
2022-04-09,2,"District of Columbia","11"
2022-04-09,38,"Delaware","10"
2022-04-09,148,"Florida","12"
2022-04-09,42,"Georgia","13"
2022-04-09,9,"Hawaii","15"
2022-04-09,25,"Iowa","19"
2022-04-09,16,"Idaho","16"
2022-04-09,79,"Illinois","17"
2022-04-09,93,"Indiana","18"
2022-04-09,19,"Kansas","20"
2022-04-09,105,"Kentucky","21"
2022-04-09,48,"Louisiana","22"
2022-04-09,167,"Massachusetts","25"
2022-04-09,51,"Maryland","24"
2022-04-09,15,"Maine","23"
2022-04-09,150,"Michigan","26"
2022-04-09,27,"Minnesota","27"
2022-04-09,77,"Missouri","29"
2022-04-09,22,"Mississippi","28"
2022-04-09,14,"Montana","30"
2022-04-09,57,"North Carolina","37"
2022-04-09,7,"North Dakota","38"
2022-04-09,29,"Nebraska","31"
2022-04-09,17,"New Hampshire","33"
2022-04-09,140,"New Jersey","34"
2022-04-09,28,"New Mexico","35"
2022-04-09,88,"Nevada","32"
2022-04-09,231,"New York","36"
2022-04-09,133,"Ohio","39"
2022-04-09,100,"Oklahoma","40"
2022-04-09,14,"Oregon","41"
2022-04-09,189,"Pennsylvania","42"
2022-04-09,9,"Rhode Island","44"
2022-04-09,31,"South Carolina","45"
2022-04-09,4,"South Dakota","46"
2022-04-09,35,"Tennessee","47"
2022-04-09,330,"Texas","48"
2022-04-09,16,"Utah","49"
2022-04-09,51,"Virginia","51"
2022-04-09,12,"Vermont","50"
2022-04-09,32,"Washington","53"
2022-04-09,66,"Wisconsin","55"
2022-04-09,43,"West Virginia","54"
2022-04-09,8,"Wyoming","56"
2022-04-16,2,"Alaska","02"
2022-04-16,25,"Alabama","01"
2022-04-16,34,"Arkansas","05"
2022-04-16,131,"Arizona","04"
2022-04-16,148,"California","06"
2022-04-16,179,"Colorado","08"
2022-04-16,52,"Connecticut","09"
2022-04-16,1,"District of Columbia","11"
2022-04-16,17,"Delaware","10"
2022-04-16,141,"Florida","12"
2022-04-16,46,"Georgia","13"
2022-04-16,7,"Hawaii","15"
2022-04-16,20,"Iowa","19"
2022-04-16,17,"Idaho","16"
2022-04-16,106,"Illinois","17"
2022-04-16,64,"Indiana","18"
2022-04-16,26,"Kansas","20"
2022-04-16,82,"Kentucky","21"
2022-04-16,44,"Louisiana","22"
2022-04-16,176,"Massachusetts","25"
2022-04-16,43,"Maryland","24"
2022-04-16,20,"Maine","23"
2022-04-16,138,"Michigan","26"
2022-04-16,33,"Minnesota","27"
2022-04-16,70,"Missouri","29"
2022-04-16,16,"Mississippi","28"
2022-04-16,21,"Montana","30"
2022-04-16,45,"North Carolina","37"
2022-04-16,7,"North Dakota","38"
2022-04-16,16,"Nebraska","31"
2022-04-16,28,"New Hampshire","33"
2022-04-16,126,"New Jersey","34"
2022-04-16,43,"New Mexico","35"
2022-04-16,84,"Nevada","32"
2022-04-16,293,"New York","36"
2022-04-16,115,"Ohio","39"
2022-04-16,76,"Oklahoma","40"
2022-04-16,27,"Oregon","41"
2022-04-16,200,"Pennsylvania","42"
2022-04-16,10,"Rhode Island","44"
2022-04-16,32,"South Carolina","45"
2022-04-16,3,"South Dakota","46"
2022-04-16,34,"Tennessee","47"
2022-04-16,411,"Texas","48"
2022-04-16,9,"Utah","49"
2022-04-16,42,"Virginia","51"
2022-04-16,12,"Vermont","50"
2022-04-16,34,"Washington","53"
2022-04-16,54,"Wisconsin","55"
2022-04-16,39,"West Virginia","54"
2022-04-16,1,"Wyoming","56"
2022-04-23,1,"Alaska","02"
2022-04-23,9,"Alabama","01"
2022-04-23,33,"Arkansas","05"
2022-04-23,156,"Arizona","04"
2022-04-23,213,"California","06"
2022-04-23,163,"Colorado","08"
2022-04-23,57,"Connecticut","09"
2022-04-23,3,"District of Columbia","11"
2022-04-23,7,"Delaware","10"
2022-04-23,164,"Florida","12"
2022-04-23,36,"Georgia","13"
2022-04-23,4,"Hawaii","15"
2022-04-23,17,"Iowa","19"
2022-04-23,15,"Idaho","16"
2022-04-23,97,"Illinois","17"
2022-04-23,72,"Indiana","18"
2022-04-23,19,"Kansas","20"
2022-04-23,119,"Kentucky","21"
2022-04-23,24,"Louisiana","22"
2022-04-23,183,"Massachusetts","25"
2022-04-23,51,"Maryland","24"
2022-04-23,30,"Maine","23"
2022-04-23,136,"Michigan","26"
2022-04-23,29,"Minnesota","27"
2022-04-23,55,"Missouri","29"
2022-04-23,26,"Mississippi","28"
2022-04-23,18,"Montana","30"
2022-04-23,63,"North Carolina","37"
2022-04-23,3,"North Dakota","38"
2022-04-23,16,"Nebraska","31"
2022-04-23,24,"New Hampshire","33"
2022-04-23,125,"New Jersey","34"
2022-04-23,51,"New Mexico","35"
2022-04-23,59,"Nevada","32"
2022-04-23,275,"New York","36"
2022-04-23,104,"Ohio","39"
2022-04-23,45,"Oklahoma","40"
2022-04-23,23,"Oregon","41"
2022-04-23,160,"Pennsylvania","42"
2022-04-23,5,"Rhode Island","44"
2022-04-23,29,"South Carolina","45"
2022-04-23,8,"South Dakota","46"
2022-04-23,35,"Tennessee","47"
2022-04-23,171,"Texas","48"
2022-04-23,1,"Utah","49"
2022-04-23,57,"Virginia","51"
2022-04-23,6,"Vermont","50"
2022-04-23,42,"Washington","53"
2022-04-23,64,"Wisconsin","55"
2022-04-23,35,"West Virginia","54"
2022-04-23,5,"Wyoming","56"
2022-04-30,6,"Alaska","02"
2022-04-30,19,"Alabama","01"
2022-04-30,17,"Arkansas","05"
2022-04-30,170,"Arizona","04"
2022-04-30,206,"California","06"
2022-04-30,258,"Colorado","08"
2022-04-30,76,"Connecticut","09"
2022-04-30,2,"District of Columbia","11"
2022-04-30,4,"Delaware","10"
2022-04-30,213,"Florida","12"
2022-04-30,44,"Georgia","13"
2022-04-30,2,"Hawaii","15"
2022-04-30,20,"Iowa","19"
2022-04-30,13,"Idaho","16"
2022-04-30,108,"Illinois","17"
2022-04-30,49,"Indiana","18"
2022-04-30,8,"Kansas","20"
2022-04-30,109,"Kentucky","21"
2022-04-30,35,"Louisiana","22"
2022-04-30,174,"Massachusetts","25"
2022-04-30,46,"Maryland","24"
2022-04-30,8,"Maine","23"
2022-04-30,169,"Michigan","26"
2022-04-30,32,"Minnesota","27"
2022-04-30,66,"Missouri","29"
2022-04-30,22,"Mississippi","28"
2022-04-30,20,"Montana","30"
2022-04-30,51,"North Carolina","37"
2022-04-30,1,"North Dakota","38"
2022-04-30,6,"Nebraska","31"
2022-04-30,21,"New Hampshire","33"
2022-04-30,119,"New Jersey","34"
2022-04-30,70,"New Mexico","35"
2022-04-30,59,"Nevada","32"
2022-04-30,241,"New York","36"
2022-04-30,99,"Ohio","39"
2022-04-30,34,"Oklahoma","40"
2022-04-30,27,"Oregon","41"
2022-04-30,149,"Pennsylvania","42"
2022-04-30,6,"Rhode Island","44"
2022-04-30,20,"South Carolina","45"
2022-04-30,3,"South Dakota","46"
2022-04-30,18,"Tennessee","47"
2022-04-30,131,"Texas","48"
2022-04-30,12,"Utah","49"
2022-04-30,44,"Virginia","51"
2022-04-30,7,"Vermont","50"
2022-04-30,60,"Washington","53"
2022-04-30,51,"Wisconsin","55"
2022-04-30,18,"West Virginia","54"
2022-04-30,4,"Wyoming","56"
2022-05-07,3,"Alaska","02"
2022-05-07,12,"Alabama","01"
2022-05-07,28,"Arkansas","05"
2022-05-07,194,"Arizona","04"
2022-05-07,277,"California","06"
2022-05-07,173,"Colorado","08"
2022-05-07,70,"Connecticut","09"
2022-05-07,5,"District of Columbia","11"
2022-05-07,3,"Delaware","10"
2022-05-07,278,"Florida","12"
2022-05-07,60,"Georgia","13"
2022-05-07,3,"Hawaii","15"
2022-05-07,17,"Iowa","19"
2022-05-07,16,"Idaho","16"
2022-05-07,123,"Illinois","17"
2022-05-07,35,"Indiana","18"
2022-05-07,7,"Kansas","20"
2022-05-07,47,"Kentucky","21"
2022-05-07,32,"Louisiana","22"
2022-05-07,162,"Massachusetts","25"
2022-05-07,54,"Maryland","24"
2022-05-07,37,"Maine","23"
2022-05-07,180,"Michigan","26"
2022-05-07,17,"Minnesota","27"
2022-05-07,39,"Missouri","29"
2022-05-07,25,"Mississippi","28"
2022-05-07,9,"Montana","30"
2022-05-07,37,"North Carolina","37"
2022-05-07,1,"North Dakota","38"
2022-05-07,4,"Nebraska","31"
2022-05-07,14,"New Hampshire","33"
2022-05-07,95,"New Jersey","34"
2022-05-07,37,"New Mexico","35"
2022-05-07,79,"Nevada","32"
2022-05-07,193,"New York","36"
2022-05-07,79,"Ohio","39"
2022-05-07,47,"Oklahoma","40"
2022-05-07,26,"Oregon","41"
2022-05-07,179,"Pennsylvania","42"
2022-05-07,8,"Rhode Island","44"
2022-05-07,27,"South Carolina","45"
2022-05-07,19,"South Dakota","46"
2022-05-07,30,"Tennessee","47"
2022-05-07,144,"Texas","48"
2022-05-07,10,"Utah","49"
2022-05-07,41,"Virginia","51"
2022-05-07,3,"Vermont","50"
2022-05-07,57,"Washington","53"
2022-05-07,36,"Wisconsin","55"
2022-05-07,16,"West Virginia","54"
2022-05-07,4,"Wyoming","56"
2022-05-14,18,"Alaska","02"
2022-05-14,15,"Alabama","01"
2022-05-14,15,"Arkansas","05"
2022-05-14,225,"Arizona","04"
2022-05-14,355,"California","06"
2022-05-14,120,"Colorado","08"
2022-05-14,75,"Connecticut","09"
2022-05-14,4,"District of Columbia","11"
2022-05-14,4,"Delaware","10"
2022-05-14,371,"Florida","12"
2022-05-14,55,"Georgia","13"
2022-05-14,11,"Hawaii","15"
2022-05-14,10,"Iowa","19"
2022-05-14,12,"Idaho","16"
2022-05-14,98,"Illinois","17"
2022-05-14,45,"Indiana","18"
2022-05-14,7,"Kansas","20"
2022-05-14,41,"Kentucky","21"
2022-05-14,36,"Louisiana","22"
2022-05-14,147,"Massachusetts","25"
2022-05-14,45,"Maryland","24"
2022-05-14,36,"Maine","23"
2022-05-14,140,"Michigan","26"
2022-05-14,13,"Minnesota","27"
2022-05-14,33,"Missouri","29"
2022-05-14,31,"Mississippi","28"
2022-05-14,11,"Montana","30"
2022-05-14,45,"North Carolina","37"
2022-05-14,1,"North Dakota","38"
2022-05-14,7,"Nebraska","31"
2022-05-14,13,"New Hampshire","33"
2022-05-14,87,"New Jersey","34"
2022-05-14,64,"New Mexico","35"
2022-05-14,99,"Nevada","32"
2022-05-14,194,"New York","36"
2022-05-14,66,"Ohio","39"
2022-05-14,29,"Oklahoma","40"
2022-05-14,36,"Oregon","41"
2022-05-14,158,"Pennsylvania","42"
2022-05-14,6,"Rhode Island","44"
2022-05-14,37,"South Carolina","45"
2022-05-14,5,"South Dakota","46"
2022-05-14,15,"Tennessee","47"
2022-05-14,129,"Texas","48"
2022-05-14,7,"Utah","49"
2022-05-14,35,"Virginia","51"
2022-05-14,0,"Vermont","50"
2022-05-14,60,"Washington","53"
2022-05-14,26,"Wisconsin","55"
2022-05-14,12,"West Virginia","54"
2022-05-14,6,"Wyoming","56"
2022-05-21,4,"Alaska","02"
2022-05-21,13,"Alabama","01"
2022-05-21,14,"Arkansas","05"
2022-05-21,199,"Arizona","04"
2022-05-21,412,"California","06"
2022-05-21,87,"Colorado","08"
2022-05-21,36,"Connecticut","09"
2022-05-21,4,"District of Columbia","11"
2022-05-21,3,"Delaware","10"
2022-05-21,517,"Florida","12"
2022-05-21,62,"Georgia","13"
2022-05-21,9,"Hawaii","15"
2022-05-21,6,"Iowa","19"
2022-05-21,3,"Idaho","16"
2022-05-21,49,"Illinois","17"
2022-05-21,31,"Indiana","18"
2022-05-21,2,"Kansas","20"
2022-05-21,22,"Kentucky","21"
2022-05-21,14,"Louisiana","22"
2022-05-21,74,"Massachusetts","25"
2022-05-21,29,"Maryland","24"
2022-05-21,15,"Maine","23"
2022-05-21,93,"Michigan","26"
2022-05-21,12,"Minnesota","27"
2022-05-21,22,"Missouri","29"
2022-05-21,20,"Mississippi","28"
2022-05-21,14,"Montana","30"
2022-05-21,40,"North Carolina","37"
2022-05-21,0,"North Dakota","38"
2022-05-21,3,"Nebraska","31"
2022-05-21,6,"New Hampshire","33"
2022-05-21,75,"New Jersey","34"
2022-05-21,51,"New Mexico","35"
2022-05-21,93,"Nevada","32"
2022-05-21,163,"New York","36"
2022-05-21,45,"Ohio","39"
2022-05-21,39,"Oklahoma","40"
2022-05-21,33,"Oregon","41"
2022-05-21,83,"Pennsylvania","42"
2022-05-21,7,"Rhode Island","44"
2022-05-21,30,"South Carolina","45"
2022-05-21,3,"South Dakota","46"
2022-05-21,18,"Tennessee","47"
2022-05-21,115,"Texas","48"
2022-05-21,1,"Utah","49"
2022-05-21,35,"Virginia","51"
2022-05-21,2,"Vermont","50"
2022-05-21,67,"Washington","53"
2022-05-21,27,"Wisconsin","55"
2022-05-21,5,"West Virginia","54"
2022-05-21,6,"Wyoming","56"
2022-05-28,2,"Alaska","02"
2022-05-28,13,"Alabama","01"
2022-05-28,17,"Arkansas","05"
2022-05-28,209,"Arizona","04"
2022-05-28,432,"California","06"
2022-05-28,75,"Colorado","08"
2022-05-28,20,"Connecticut","09"
2022-05-28,5,"District of Columbia","11"
2022-05-28,9,"Delaware","10"
2022-05-28,665,"Florida","12"
2022-05-28,66,"Georgia","13"
2022-05-28,4,"Hawaii","15"
2022-05-28,6,"Iowa","19"
2022-05-28,10,"Idaho","16"
2022-05-28,41,"Illinois","17"
2022-05-28,27,"Indiana","18"
2022-05-28,2,"Kansas","20"
2022-05-28,22,"Kentucky","21"
2022-05-28,19,"Louisiana","22"
2022-05-28,39,"Massachusetts","25"
2022-05-28,17,"Maryland","24"
2022-05-28,12,"Maine","23"
2022-05-28,70,"Michigan","26"
2022-05-28,6,"Minnesota","27"
2022-05-28,28,"Missouri","29"
2022-05-28,23,"Mississippi","28"
2022-05-28,23,"Montana","30"
2022-05-28,22,"North Carolina","37"
2022-05-28,4,"North Dakota","38"
2022-05-28,6,"Nebraska","31"
2022-05-28,6,"New Hampshire","33"
2022-05-28,52,"New Jersey","34"
2022-05-28,55,"New Mexico","35"
2022-05-28,71,"Nevada","32"
2022-05-28,124,"New York","36"
2022-05-28,37,"Ohio","39"
2022-05-28,33,"Oklahoma","40"
2022-05-28,28,"Oregon","41"
2022-05-28,64,"Pennsylvania","42"
2022-05-28,6,"Rhode Island","44"
2022-05-28,27,"South Carolina","45"
2022-05-28,1,"South Dakota","46"
2022-05-28,20,"Tennessee","47"
2022-05-28,88,"Texas","48"
2022-05-28,5,"Utah","49"
2022-05-28,41,"Virginia","51"
2022-05-28,0,"Vermont","50"
2022-05-28,65,"Washington","53"
2022-05-28,16,"Wisconsin","55"
2022-05-28,5,"West Virginia","54"
2022-05-28,7,"Wyoming","56"
2022-06-04,6,"Alaska","02"
2022-06-04,15,"Alabama","01"
2022-06-04,19,"Arkansas","05"
2022-06-04,93,"Arizona","04"
2022-06-04,391,"California","06"
2022-06-04,39,"Colorado","08"
2022-06-04,36,"Connecticut","09"
2022-06-04,2,"District of Columbia","11"
2022-06-04,6,"Delaware","10"
2022-06-04,551,"Florida","12"
2022-06-04,48,"Georgia","13"
2022-06-04,3,"Hawaii","15"
2022-06-04,9,"Iowa","19"
2022-06-04,7,"Idaho","16"
2022-06-04,16,"Illinois","17"
2022-06-04,8,"Indiana","18"
2022-06-04,2,"Kansas","20"
2022-06-04,17,"Kentucky","21"
2022-06-04,28,"Louisiana","22"
2022-06-04,40,"Massachusetts","25"
2022-06-04,17,"Maryland","24"
2022-06-04,57,"Maine","23"
2022-06-04,35,"Michigan","26"
2022-06-04,4,"Minnesota","27"
2022-06-04,17,"Missouri","29"
2022-06-04,14,"Mississippi","28"
2022-06-04,10,"Montana","30"
2022-06-04,43,"North Carolina","37"
2022-06-04,2,"North Dakota","38"
2022-06-04,9,"Nebraska","31"
2022-06-04,4,"New Hampshire","33"
2022-06-04,42,"New Jersey","34"
2022-06-04,31,"New Mexico","35"
2022-06-04,89,"Nevada","32"
2022-06-04,104,"New York","36"
2022-06-04,21,"Ohio","39"
2022-06-04,26,"Oklahoma","40"
2022-06-04,18,"Oregon","41"
2022-06-04,49,"Pennsylvania","42"
2022-06-04,1,"Rhode Island","44"
2022-06-04,25,"South Carolina","45"
2022-06-04,1,"South Dakota","46"
2022-06-04,18,"Tennessee","47"
2022-06-04,76,"Texas","48"
2022-06-04,3,"Utah","49"
2022-06-04,40,"Virginia","51"
2022-06-04,5,"Vermont","50"
2022-06-04,57,"Washington","53"
2022-06-04,15,"Wisconsin","55"
2022-06-04,12,"West Virginia","54"
2022-06-04,7,"Wyoming","56"
2022-06-11,1,"Alaska","02"
2022-06-11,15,"Alabama","01"
2022-06-11,10,"Arkansas","05"
2022-06-11,55,"Arizona","04"
2022-06-11,305,"California","06"
2022-06-11,25,"Colorado","08"
2022-06-11,14,"Connecticut","09"
2022-06-11,2,"District of Columbia","11"
2022-06-11,1,"Delaware","10"
2022-06-11,461,"Florida","12"
2022-06-11,41,"Georgia","13"
2022-06-11,4,"Hawaii","15"
2022-06-11,6,"Iowa","19"
2022-06-11,5,"Idaho","16"
2022-06-11,23,"Illinois","17"
2022-06-11,18,"Indiana","18"
2022-06-11,0,"Kansas","20"
2022-06-11,5,"Kentucky","21"
2022-06-11,12,"Louisiana","22"
2022-06-11,14,"Massachusetts","25"
2022-06-11,21,"Maryland","24"
2022-06-11,3,"Maine","23"
2022-06-11,32,"Michigan","26"
2022-06-11,10,"Minnesota","27"
2022-06-11,23,"Missouri","29"
2022-06-11,13,"Mississippi","28"
2022-06-11,1,"Montana","30"
2022-06-11,59,"North Carolina","37"
2022-06-11,0,"North Dakota","38"
2022-06-11,3,"Nebraska","31"
2022-06-11,1,"New Hampshire","33"
2022-06-11,43,"New Jersey","34"
2022-06-11,16,"New Mexico","35"
2022-06-11,62,"Nevada","32"
2022-06-11,92,"New York","36"
2022-06-11,20,"Ohio","39"
2022-06-11,28,"Oklahoma","40"
2022-06-11,12,"Oregon","41"
2022-06-11,40,"Pennsylvania","42"
2022-06-11,2,"Rhode Island","44"
2022-06-11,17,"South Carolina","45"
2022-06-11,1,"South Dakota","46"
2022-06-11,25,"Tennessee","47"
2022-06-11,110,"Texas","48"
2022-06-11,1,"Utah","49"
2022-06-11,29,"Virginia","51"
2022-06-11,2,"Vermont","50"
2022-06-11,44,"Washington","53"
2022-06-11,9,"Wisconsin","55"
2022-06-11,6,"West Virginia","54"
2022-06-11,4,"Wyoming","56"
2022-06-18,3,"Alaska","02"
2022-06-18,7,"Alabama","01"
2022-06-18,16,"Arkansas","05"
2022-06-18,35,"Arizona","04"
2022-06-18,238,"California","06"
2022-06-18,9,"Colorado","08"
2022-06-18,6,"Connecticut","09"
2022-06-18,3,"District of Columbia","11"
2022-06-18,2,"Delaware","10"
2022-06-18,302,"Florida","12"
2022-06-18,27,"Georgia","13"
2022-06-18,6,"Hawaii","15"
2022-06-18,5,"Iowa","19"
2022-06-18,2,"Idaho","16"
2022-06-18,19,"Illinois","17"
2022-06-18,17,"Indiana","18"
2022-06-18,3,"Kansas","20"
2022-06-18,11,"Kentucky","21"
2022-06-18,11,"Louisiana","22"
2022-06-18,10,"Massachusetts","25"
2022-06-18,20,"Maryland","24"
2022-06-18,5,"Maine","23"
2022-06-18,16,"Michigan","26"
2022-06-18,0,"Minnesota","27"
2022-06-18,19,"Missouri","29"
2022-06-18,23,"Mississippi","28"
2022-06-18,0,"Montana","30"
2022-06-18,58,"North Carolina","37"
2022-06-18,0,"North Dakota","38"
2022-06-18,6,"Nebraska","31"
2022-06-18,1,"New Hampshire","33"
2022-06-18,23,"New Jersey","34"
2022-06-18,6,"New Mexico","35"
2022-06-18,36,"Nevada","32"
2022-06-18,66,"New York","36"
2022-06-18,12,"Ohio","39"
2022-06-18,28,"Oklahoma","40"
2022-06-18,8,"Oregon","41"
2022-06-18,35,"Pennsylvania","42"
2022-06-18,1,"Rhode Island","44"
2022-06-18,29,"South Carolina","45"
2022-06-18,2,"South Dakota","46"
2022-06-18,15,"Tennessee","47"
2022-06-18,92,"Texas","48"
2022-06-18,3,"Utah","49"
2022-06-18,35,"Virginia","51"
2022-06-18,0,"Vermont","50"
2022-06-18,64,"Washington","53"
2022-06-18,7,"Wisconsin","55"
2022-06-18,5,"West Virginia","54"
2022-06-18,0,"Wyoming","56"
2022-06-25,2,"Alaska","02"
2022-06-25,8,"Alabama","01"
2022-06-25,8,"Arkansas","05"
2022-06-25,16,"Arizona","04"
2022-06-25,193,"California","06"
2022-06-25,13,"Colorado","08"
2022-06-25,8,"Connecticut","09"
2022-06-25,1,"District of Columbia","11"
2022-06-25,0,"Delaware","10"
2022-06-25,208,"Florida","12"
2022-06-25,35,"Georgia","13"
2022-06-25,3,"Hawaii","15"
2022-06-25,3,"Iowa","19"
2022-06-25,3,"Idaho","16"
2022-06-25,7,"Illinois","17"
2022-06-25,12,"Indiana","18"
2022-06-25,4,"Kansas","20"
2022-06-25,1,"Kentucky","21"
2022-06-25,7,"Louisiana","22"
2022-06-25,6,"Massachusetts","25"
2022-06-25,13,"Maryland","24"
2022-06-25,2,"Maine","23"
2022-06-25,11,"Michigan","26"
2022-06-25,1,"Minnesota","27"
2022-06-25,11,"Missouri","29"
2022-06-25,17,"Mississippi","28"
2022-06-25,4,"Montana","30"
2022-06-25,38,"North Carolina","37"
2022-06-25,0,"North Dakota","38"
2022-06-25,9,"Nebraska","31"
2022-06-25,0,"New Hampshire","33"
2022-06-25,11,"New Jersey","34"
2022-06-25,12,"New Mexico","35"
2022-06-25,24,"Nevada","32"
2022-06-25,45,"New York","36"
2022-06-25,11,"Ohio","39"
2022-06-25,25,"Oklahoma","40"
2022-06-25,3,"Oregon","41"
2022-06-25,35,"Pennsylvania","42"
2022-06-25,0,"Rhode Island","44"
2022-06-25,11,"South Carolina","45"
2022-06-25,1,"South Dakota","46"
2022-06-25,35,"Tennessee","47"
2022-06-25,80,"Texas","48"
2022-06-25,5,"Utah","49"
2022-06-25,39,"Virginia","51"
2022-06-25,3,"Vermont","50"
2022-06-25,55,"Washington","53"
2022-06-25,8,"Wisconsin","55"
2022-06-25,1,"West Virginia","54"
2022-06-25,1,"Wyoming","56"
2022-07-02,3,"Alaska","02"
2022-07-02,15,"Alabama","01"
2022-07-02,5,"Arkansas","05"
2022-07-02,14,"Arizona","04"
2022-07-02,115,"California","06"
2022-07-02,11,"Colorado","08"
2022-07-02,5,"Connecticut","09"
2022-07-02,2,"District of Columbia","11"
2022-07-02,0,"Delaware","10"
2022-07-02,161,"Florida","12"
2022-07-02,28,"Georgia","13"
2022-07-02,3,"Hawaii","15"
2022-07-02,3,"Iowa","19"
2022-07-02,3,"Idaho","16"
2022-07-02,10,"Illinois","17"
2022-07-02,8,"Indiana","18"
2022-07-02,3,"Kansas","20"
2022-07-02,6,"Kentucky","21"
2022-07-02,1,"Louisiana","22"
2022-07-02,6,"Massachusetts","25"
2022-07-02,12,"Maryland","24"
2022-07-02,1,"Maine","23"
2022-07-02,9,"Michigan","26"
2022-07-02,2,"Minnesota","27"
2022-07-02,14,"Missouri","29"
2022-07-02,21,"Mississippi","28"
2022-07-02,2,"Montana","30"
2022-07-02,15,"North Carolina","37"
2022-07-02,0,"North Dakota","38"
2022-07-02,5,"Nebraska","31"
2022-07-02,1,"New Hampshire","33"
2022-07-02,15,"New Jersey","34"
2022-07-02,0,"New Mexico","35"
2022-07-02,20,"Nevada","32"
2022-07-02,36,"New York","36"
2022-07-02,6,"Ohio","39"
2022-07-02,26,"Oklahoma","40"
2022-07-02,0,"Oregon","41"
2022-07-02,32,"Pennsylvania","42"
2022-07-02,9,"Rhode Island","44"
2022-07-02,8,"South Carolina","45"
2022-07-02,0,"South Dakota","46"
2022-07-02,9,"Tennessee","47"
2022-07-02,56,"Texas","48"
2022-07-02,0,"Utah","49"
2022-07-02,20,"Virginia","51"
2022-07-02,1,"Vermont","50"
2022-07-02,31,"Washington","53"
2022-07-02,1,"Wisconsin","55"
2022-07-02,6,"West Virginia","54"
2022-07-02,2,"Wyoming","56"
2022-07-09,0,"Alaska","02"
2022-07-09,33,"Alabama","01"
2022-07-09,19,"Arkansas","05"
2022-07-09,9,"Arizona","04"
2022-07-09,99,"California","06"
2022-07-09,9,"Colorado","08"
2022-07-09,3,"Connecticut","09"
2022-07-09,1,"District of Columbia","11"
2022-07-09,1,"Delaware","10"
2022-07-09,124,"Florida","12"
2022-07-09,27,"Georgia","13"
2022-07-09,0,"Hawaii","15"
2022-07-09,0,"Iowa","19"
2022-07-09,4,"Idaho","16"
2022-07-09,11,"Illinois","17"
2022-07-09,9,"Indiana","18"
2022-07-09,0,"Kansas","20"
2022-07-09,3,"Kentucky","21"
2022-07-09,4,"Louisiana","22"
2022-07-09,6,"Massachusetts","25"
2022-07-09,7,"Maryland","24"
2022-07-09,0,"Maine","23"
2022-07-09,5,"Michigan","26"
2022-07-09,2,"Minnesota","27"
2022-07-09,12,"Missouri","29"
2022-07-09,20,"Mississippi","28"
2022-07-09,2,"Montana","30"
2022-07-09,41,"North Carolina","37"
2022-07-09,1,"North Dakota","38"
2022-07-09,7,"Nebraska","31"
2022-07-09,0,"New Hampshire","33"
2022-07-09,17,"New Jersey","34"
2022-07-09,5,"New Mexico","35"
2022-07-09,18,"Nevada","32"
2022-07-09,38,"New York","36"
2022-07-09,5,"Ohio","39"
2022-07-09,24,"Oklahoma","40"
2022-07-09,7,"Oregon","41"
2022-07-09,21,"Pennsylvania","42"
2022-07-09,1,"Rhode Island","44"
2022-07-09,4,"South Carolina","45"
2022-07-09,0,"South Dakota","46"
2022-07-09,7,"Tennessee","47"
2022-07-09,83,"Texas","48"
2022-07-09,0,"Utah","49"
2022-07-09,19,"Virginia","51"
2022-07-09,1,"Vermont","50"
2022-07-09,30,"Washington","53"
2022-07-09,2,"Wisconsin","55"
2022-07-09,6,"West Virginia","54"
2022-07-09,3,"Wyoming","56"
2022-07-16,0,"Alaska","02"
2022-07-16,5,"Alabama","01"
2022-07-16,10,"Arkansas","05"
2022-07-16,13,"Arizona","04"
2022-07-16,61,"California","06"
2022-07-16,9,"Colorado","08"
2022-07-16,6,"Connecticut","09"
2022-07-16,0,"District of Columbia","11"
2022-07-16,0,"Delaware","10"
2022-07-16,89,"Florida","12"
2022-07-16,28,"Georgia","13"
2022-07-16,1,"Hawaii","15"
2022-07-16,0,"Iowa","19"
2022-07-16,0,"Idaho","16"
2022-07-16,4,"Illinois","17"
2022-07-16,7,"Indiana","18"
2022-07-16,2,"Kansas","20"
2022-07-16,1,"Kentucky","21"
2022-07-16,18,"Louisiana","22"
2022-07-16,3,"Massachusetts","25"
2022-07-16,3,"Maryland","24"
2022-07-16,1,"Maine","23"
2022-07-16,7,"Michigan","26"
2022-07-16,3,"Minnesota","27"
2022-07-16,25,"Missouri","29"
2022-07-16,23,"Mississippi","28"
2022-07-16,0,"Montana","30"
2022-07-16,38,"North Carolina","37"
2022-07-16,2,"North Dakota","38"
2022-07-16,1,"Nebraska","31"
2022-07-16,1,"New Hampshire","33"
2022-07-16,8,"New Jersey","34"
2022-07-16,4,"New Mexico","35"
2022-07-16,4,"Nevada","32"
2022-07-16,10,"New York","36"
2022-07-16,11,"Ohio","39"
2022-07-16,5,"Oklahoma","40"
2022-07-16,1,"Oregon","41"
2022-07-16,28,"Pennsylvania","42"
2022-07-16,0,"Rhode Island","44"
2022-07-16,26,"South Carolina","45"
2022-07-16,6,"South Dakota","46"
2022-07-16,11,"Tennessee","47"
2022-07-16,82,"Texas","48"
2022-07-16,0,"Utah","49"
2022-07-16,33,"Virginia","51"
2022-07-16,0,"Vermont","50"
2022-07-16,23,"Washington","53"
2022-07-16,0,"Wisconsin","55"
2022-07-16,1,"West Virginia","54"
2022-07-16,0,"Wyoming","56"
2022-07-23,0,"Alaska","02"
2022-07-23,9,"Alabama","01"
2022-07-23,1,"Arkansas","05"
2022-07-23,15,"Arizona","04"
2022-07-23,47,"California","06"
2022-07-23,8,"Colorado","08"
2022-07-23,3,"Connecticut","09"
2022-07-23,0,"District of Columbia","11"
2022-07-23,0,"Delaware","10"
2022-07-23,74,"Florida","12"
2022-07-23,39,"Georgia","13"
2022-07-23,2,"Hawaii","15"
2022-07-23,0,"Iowa","19"
2022-07-23,1,"Idaho","16"
2022-07-23,9,"Illinois","17"
2022-07-23,10,"Indiana","18"
2022-07-23,3,"Kansas","20"
2022-07-23,6,"Kentucky","21"
2022-07-23,4,"Louisiana","22"
2022-07-23,3,"Massachusetts","25"
2022-07-23,3,"Maryland","24"
2022-07-23,0,"Maine","23"
2022-07-23,4,"Michigan","26"
2022-07-23,3,"Minnesota","27"
2022-07-23,12,"Missouri","29"
2022-07-23,18,"Mississippi","28"
2022-07-23,0,"Montana","30"
2022-07-23,11,"North Carolina","37"
2022-07-23,0,"North Dakota","38"
2022-07-23,3,"Nebraska","31"
2022-07-23,1,"New Hampshire","33"
2022-07-23,9,"New Jersey","34"
2022-07-23,1,"New Mexico","35"
2022-07-23,5,"Nevada","32"
2022-07-23,17,"New York","36"
2022-07-23,7,"Ohio","39"
2022-07-23,6,"Oklahoma","40"
2022-07-23,1,"Oregon","41"
2022-07-23,26,"Pennsylvania","42"
2022-07-23,0,"Rhode Island","44"
2022-07-23,15,"South Carolina","45"
2022-07-23,8,"South Dakota","46"
2022-07-23,14,"Tennessee","47"
2022-07-23,62,"Texas","48"
2022-07-23,1,"Utah","49"
2022-07-23,27,"Virginia","51"
2022-07-23,0,"Vermont","50"
2022-07-23,13,"Washington","53"
2022-07-23,2,"Wisconsin","55"
2022-07-23,0,"West Virginia","54"
2022-07-23,2,"Wyoming","56"
2022-07-30,0,"Alaska","02"
2022-07-30,9,"Alabama","01"
2022-07-30,3,"Arkansas","05"
2022-07-30,5,"Arizona","04"
2022-07-30,38,"California","06"
2022-07-30,12,"Colorado","08"
2022-07-30,3,"Connecticut","09"
2022-07-30,2,"District of Columbia","11"
2022-07-30,0,"Delaware","10"
2022-07-30,69,"Florida","12"
2022-07-30,33,"Georgia","13"
2022-07-30,3,"Hawaii","15"
2022-07-30,1,"Iowa","19"
2022-07-30,2,"Idaho","16"
2022-07-30,13,"Illinois","17"
2022-07-30,10,"Indiana","18"
2022-07-30,2,"Kansas","20"
2022-07-30,1,"Kentucky","21"
2022-07-30,6,"Louisiana","22"
2022-07-30,5,"Massachusetts","25"
2022-07-30,2,"Maryland","24"
2022-07-30,0,"Maine","23"
2022-07-30,1,"Michigan","26"
2022-07-30,2,"Minnesota","27"
2022-07-30,23,"Missouri","29"
2022-07-30,19,"Mississippi","28"
2022-07-30,0,"Montana","30"
2022-07-30,1,"North Carolina","37"
2022-07-30,1,"North Dakota","38"
2022-07-30,3,"Nebraska","31"
2022-07-30,0,"New Hampshire","33"
2022-07-30,16,"New Jersey","34"
2022-07-30,1,"New Mexico","35"
2022-07-30,1,"Nevada","32"
2022-07-30,11,"New York","36"
2022-07-30,4,"Ohio","39"
2022-07-30,22,"Oklahoma","40"
2022-07-30,1,"Oregon","41"
2022-07-30,23,"Pennsylvania","42"
2022-07-30,0,"Rhode Island","44"
2022-07-30,6,"South Carolina","45"
2022-07-30,5,"South Dakota","46"
2022-07-30,17,"Tennessee","47"
2022-07-30,60,"Texas","48"
2022-07-30,0,"Utah","49"
2022-07-30,15,"Virginia","51"
2022-07-30,0,"Vermont","50"
2022-07-30,17,"Washington","53"
2022-07-30,6,"Wisconsin","55"
2022-07-30,0,"West Virginia","54"
2022-07-30,0,"Wyoming","56"
2022-08-06,1,"Alaska","02"
2022-08-06,8,"Alabama","01"
2022-08-06,7,"Arkansas","05"
2022-08-06,8,"Arizona","04"
2022-08-06,39,"California","06"
2022-08-06,10,"Colorado","08"
2022-08-06,1,"Connecticut","09"
2022-08-06,0,"District of Columbia","11"
2022-08-06,0,"Delaware","10"
2022-08-06,74,"Florida","12"
2022-08-06,19,"Georgia","13"
2022-08-06,1,"Hawaii","15"
2022-08-06,1,"Iowa","19"
2022-08-06,0,"Idaho","16"
2022-08-06,11,"Illinois","17"
2022-08-06,4,"Indiana","18"
2022-08-06,1,"Kansas","20"
2022-08-06,4,"Kentucky","21"
2022-08-06,13,"Louisiana","22"
2022-08-06,3,"Massachusetts","25"
2022-08-06,5,"Maryland","24"
2022-08-06,2,"Maine","23"
2022-08-06,3,"Michigan","26"
2022-08-06,5,"Minnesota","27"
2022-08-06,12,"Missouri","29"
2022-08-06,14,"Mississippi","28"
2022-08-06,0,"Montana","30"
2022-08-06,9,"North Carolina","37"
2022-08-06,3,"North Dakota","38"
2022-08-06,0,"Nebraska","31"
2022-08-06,0,"New Hampshire","33"
2022-08-06,9,"New Jersey","34"
2022-08-06,10,"New Mexico","35"
2022-08-06,0,"Nevada","32"
2022-08-06,11,"New York","36"
2022-08-06,1,"Ohio","39"
2022-08-06,11,"Oklahoma","40"
2022-08-06,2,"Oregon","41"
2022-08-06,27,"Pennsylvania","42"
2022-08-06,0,"Rhode Island","44"
2022-08-06,6,"South Carolina","45"
2022-08-06,7,"South Dakota","46"
2022-08-06,16,"Tennessee","47"
2022-08-06,64,"Texas","48"
2022-08-06,0,"Utah","49"
2022-08-06,28,"Virginia","51"
2022-08-06,0,"Vermont","50"
2022-08-06,15,"Washington","53"
2022-08-06,1,"Wisconsin","55"
2022-08-06,0,"West Virginia","54"
2022-08-06,0,"Wyoming","56"
2022-08-13,1,"Alaska","02"
2022-08-13,5,"Alabama","01"
2022-08-13,3,"Arkansas","05"
2022-08-13,14,"Arizona","04"
2022-08-13,35,"California","06"
2022-08-13,10,"Colorado","08"
2022-08-13,2,"Connecticut","09"
2022-08-13,0,"District of Columbia","11"
2022-08-13,0,"Delaware","10"
2022-08-13,60,"Florida","12"
2022-08-13,13,"Georgia","13"
2022-08-13,1,"Hawaii","15"
2022-08-13,4,"Iowa","19"
2022-08-13,1,"Idaho","16"
2022-08-13,12,"Illinois","17"
2022-08-13,11,"Indiana","18"
2022-08-13,2,"Kansas","20"
2022-08-13,3,"Kentucky","21"
2022-08-13,8,"Louisiana","22"
2022-08-13,2,"Massachusetts","25"
2022-08-13,6,"Maryland","24"
2022-08-13,0,"Maine","23"
2022-08-13,2,"Michigan","26"
2022-08-13,0,"Minnesota","27"
2022-08-13,15,"Missouri","29"
2022-08-13,13,"Mississippi","28"
2022-08-13,1,"Montana","30"
2022-08-13,12,"North Carolina","37"
2022-08-13,0,"North Dakota","38"
2022-08-13,6,"Nebraska","31"
2022-08-13,0,"New Hampshire","33"
2022-08-13,7,"New Jersey","34"
2022-08-13,6,"New Mexico","35"
2022-08-13,1,"Nevada","32"
2022-08-13,16,"New York","36"
2022-08-13,10,"Ohio","39"
2022-08-13,4,"Oklahoma","40"
2022-08-13,0,"Oregon","41"
2022-08-13,38,"Pennsylvania","42"
2022-08-13,0,"Rhode Island","44"
2022-08-13,3,"South Carolina","45"
2022-08-13,7,"South Dakota","46"
2022-08-13,13,"Tennessee","47"
2022-08-13,89,"Texas","48"
2022-08-13,1,"Utah","49"
2022-08-13,16,"Virginia","51"
2022-08-13,0,"Vermont","50"
2022-08-13,12,"Washington","53"
2022-08-13,1,"Wisconsin","55"
2022-08-13,1,"West Virginia","54"
2022-08-13,0,"Wyoming","56"
2022-08-20,1,"Alaska","02"
2022-08-20,10,"Alabama","01"
2022-08-20,3,"Arkansas","05"
2022-08-20,16,"Arizona","04"
2022-08-20,29,"California","06"
2022-08-20,1,"Colorado","08"
2022-08-20,8,"Connecticut","09"
2022-08-20,1,"District of Columbia","11"
2022-08-20,0,"Delaware","10"
2022-08-20,65,"Florida","12"
2022-08-20,26,"Georgia","13"
2022-08-20,1,"Hawaii","15"
2022-08-20,1,"Iowa","19"
2022-08-20,0,"Idaho","16"
2022-08-20,16,"Illinois","17"
2022-08-20,15,"Indiana","18"
2022-08-20,1,"Kansas","20"
2022-08-20,4,"Kentucky","21"
2022-08-20,11,"Louisiana","22"
2022-08-20,3,"Massachusetts","25"
2022-08-20,4,"Maryland","24"
2022-08-20,0,"Maine","23"
2022-08-20,2,"Michigan","26"
2022-08-20,1,"Minnesota","27"
2022-08-20,2,"Missouri","29"
2022-08-20,13,"Mississippi","28"
2022-08-20,0,"Montana","30"
2022-08-20,11,"North Carolina","37"
2022-08-20,0,"North Dakota","38"
2022-08-20,9,"Nebraska","31"
2022-08-20,0,"New Hampshire","33"
2022-08-20,12,"New Jersey","34"
2022-08-20,6,"New Mexico","35"
2022-08-20,5,"Nevada","32"
2022-08-20,25,"New York","36"
2022-08-20,10,"Ohio","39"
2022-08-20,8,"Oklahoma","40"
2022-08-20,0,"Oregon","41"
2022-08-20,23,"Pennsylvania","42"
2022-08-20,0,"Rhode Island","44"
2022-08-20,3,"South Carolina","45"
2022-08-20,7,"South Dakota","46"
2022-08-20,15,"Tennessee","47"
2022-08-20,71,"Texas","48"
2022-08-20,0,"Utah","49"
2022-08-20,14,"Virginia","51"
2022-08-20,0,"Vermont","50"
2022-08-20,7,"Washington","53"
2022-08-20,2,"Wisconsin","55"
2022-08-20,0,"West Virginia","54"
2022-08-20,0,"Wyoming","56"
2022-08-27,0,"Alaska","02"
2022-08-27,13,"Alabama","01"
2022-08-27,6,"Arkansas","05"
2022-08-27,14,"Arizona","04"
2022-08-27,33,"California","06"
2022-08-27,1,"Colorado","08"
2022-08-27,4,"Connecticut","09"
2022-08-27,0,"District of Columbia","11"
2022-08-27,1,"Delaware","10"
2022-08-27,53,"Florida","12"
2022-08-27,20,"Georgia","13"
2022-08-27,2,"Hawaii","15"
2022-08-27,3,"Iowa","19"
2022-08-27,3,"Idaho","16"
2022-08-27,10,"Illinois","17"
2022-08-27,18,"Indiana","18"
2022-08-27,0,"Kansas","20"
2022-08-27,4,"Kentucky","21"
2022-08-27,10,"Louisiana","22"
2022-08-27,4,"Massachusetts","25"
2022-08-27,0,"Maryland","24"
2022-08-27,0,"Maine","23"
2022-08-27,1,"Michigan","26"
2022-08-27,1,"Minnesota","27"
2022-08-27,8,"Missouri","29"
2022-08-27,21,"Mississippi","28"
2022-08-27,0,"Montana","30"
2022-08-27,6,"North Carolina","37"
2022-08-27,1,"North Dakota","38"
2022-08-27,8,"Nebraska","31"
2022-08-27,0,"New Hampshire","33"
2022-08-27,8,"New Jersey","34"
2022-08-27,17,"New Mexico","35"
2022-08-27,7,"Nevada","32"
2022-08-27,23,"New York","36"
2022-08-27,13,"Ohio","39"
2022-08-27,7,"Oklahoma","40"
2022-08-27,0,"Oregon","41"
2022-08-27,29,"Pennsylvania","42"
2022-08-27,0,"Rhode Island","44"
2022-08-27,9,"South Carolina","45"
2022-08-27,7,"South Dakota","46"
2022-08-27,14,"Tennessee","47"
2022-08-27,95,"Texas","48"
2022-08-27,1,"Utah","49"
2022-08-27,24,"Virginia","51"
2022-08-27,1,"Vermont","50"
2022-08-27,17,"Washington","53"
2022-08-27,3,"Wisconsin","55"
2022-08-27,0,"West Virginia","54"
2022-08-27,0,"Wyoming","56"
2022-09-03,5,"Alaska","02"
2022-09-03,12,"Alabama","01"
2022-09-03,6,"Arkansas","05"
2022-09-03,4,"Arizona","04"
2022-09-03,36,"California","06"
2022-09-03,2,"Colorado","08"
2022-09-03,3,"Connecticut","09"
2022-09-03,0,"District of Columbia","11"
2022-09-03,0,"Delaware","10"
2022-09-03,50,"Florida","12"
2022-09-03,43,"Georgia","13"
2022-09-03,1,"Hawaii","15"
2022-09-03,0,"Iowa","19"
2022-09-03,0,"Idaho","16"
2022-09-03,5,"Illinois","17"
2022-09-03,26,"Indiana","18"
2022-09-03,1,"Kansas","20"
2022-09-03,8,"Kentucky","21"
2022-09-03,16,"Louisiana","22"
2022-09-03,1,"Massachusetts","25"
2022-09-03,3,"Maryland","24"
2022-09-03,0,"Maine","23"
2022-09-03,9,"Michigan","26"
2022-09-03,1,"Minnesota","27"
2022-09-03,4,"Missouri","29"
2022-09-03,18,"Mississippi","28"
2022-09-03,0,"Montana","30"
2022-09-03,13,"North Carolina","37"
2022-09-03,0,"North Dakota","38"
2022-09-03,2,"Nebraska","31"
2022-09-03,0,"New Hampshire","33"
2022-09-03,7,"New Jersey","34"
2022-09-03,11,"New Mexico","35"
2022-09-03,1,"Nevada","32"
2022-09-03,15,"New York","36"
2022-09-03,16,"Ohio","39"
2022-09-03,11,"Oklahoma","40"
2022-09-03,1,"Oregon","41"
2022-09-03,37,"Pennsylvania","42"
2022-09-03,0,"Rhode Island","44"
2022-09-03,7,"South Carolina","45"
2022-09-03,7,"South Dakota","46"
2022-09-03,20,"Tennessee","47"
2022-09-03,105,"Texas","48"
2022-09-03,1,"Utah","49"
2022-09-03,20,"Virginia","51"
2022-09-03,0,"Vermont","50"
2022-09-03,10,"Washington","53"
2022-09-03,0,"Wisconsin","55"
2022-09-03,0,"West Virginia","54"
2022-09-03,0,"Wyoming","56"
2022-09-10,0,"Alaska","02"
2022-09-10,22,"Alabama","01"
2022-09-10,5,"Arkansas","05"
2022-09-10,7,"Arizona","04"
2022-09-10,21,"California","06"
2022-09-10,3,"Colorado","08"
2022-09-10,5,"Connecticut","09"
2022-09-10,0,"District of Columbia","11"
2022-09-10,2,"Delaware","10"
2022-09-10,79,"Florida","12"
2022-09-10,46,"Georgia","13"
2022-09-10,2,"Hawaii","15"
2022-09-10,1,"Iowa","19"
2022-09-10,0,"Idaho","16"
2022-09-10,4,"Illinois","17"
2022-09-10,26,"Indiana","18"
2022-09-10,0,"Kansas","20"
2022-09-10,5,"Kentucky","21"
2022-09-10,19,"Louisiana","22"
2022-09-10,3,"Massachusetts","25"
2022-09-10,8,"Maryland","24"
2022-09-10,0,"Maine","23"
2022-09-10,2,"Michigan","26"
2022-09-10,0,"Minnesota","27"
2022-09-10,6,"Missouri","29"
2022-09-10,36,"Mississippi","28"
2022-09-10,1,"Montana","30"
2022-09-10,17,"North Carolina","37"
2022-09-10,0,"North Dakota","38"
2022-09-10,9,"Nebraska","31"
2022-09-10,3,"New Hampshire","33"
2022-09-10,10,"New Jersey","34"
2022-09-10,4,"New Mexico","35"
2022-09-10,8,"Nevada","32"
2022-09-10,20,"New York","36"
2022-09-10,7,"Ohio","39"
2022-09-10,12,"Oklahoma","40"
2022-09-10,0,"Oregon","41"
2022-09-10,32,"Pennsylvania","42"
2022-09-10,0,"Rhode Island","44"
2022-09-10,9,"South Carolina","45"
2022-09-10,7,"South Dakota","46"
2022-09-10,17,"Tennessee","47"
2022-09-10,123,"Texas","48"
2022-09-10,0,"Utah","49"
2022-09-10,27,"Virginia","51"
2022-09-10,0,"Vermont","50"
2022-09-10,16,"Washington","53"
2022-09-10,0,"Wisconsin","55"
2022-09-10,1,"West Virginia","54"
2022-09-10,0,"Wyoming","56"
2022-09-17,0,"Alaska","02"
2022-09-17,20,"Alabama","01"
2022-09-17,7,"Arkansas","05"
2022-09-17,9,"Arizona","04"
2022-09-17,35,"California","06"
2022-09-17,4,"Colorado","08"
2022-09-17,3,"Connecticut","09"
2022-09-17,1,"District of Columbia","11"
2022-09-17,0,"Delaware","10"
2022-09-17,78,"Florida","12"
2022-09-17,55,"Georgia","13"
2022-09-17,3,"Hawaii","15"
2022-09-17,2,"Iowa","19"
2022-09-17,3,"Idaho","16"
2022-09-17,15,"Illinois","17"
2022-09-17,32,"Indiana","18"
2022-09-17,1,"Kansas","20"
2022-09-17,10,"Kentucky","21"
2022-09-17,18,"Louisiana","22"
2022-09-17,4,"Massachusetts","25"
2022-09-17,3,"Maryland","24"
2022-09-17,0,"Maine","23"
2022-09-17,7,"Michigan","26"
2022-09-17,2,"Minnesota","27"
2022-09-17,8,"Missouri","29"
2022-09-17,20,"Mississippi","28"
2022-09-17,0,"Montana","30"
2022-09-17,11,"North Carolina","37"
2022-09-17,1,"North Dakota","38"
2022-09-17,2,"Nebraska","31"
2022-09-17,1,"New Hampshire","33"
2022-09-17,15,"New Jersey","34"
2022-09-17,6,"New Mexico","35"
2022-09-17,11,"Nevada","32"
2022-09-17,21,"New York","36"
2022-09-17,11,"Ohio","39"
2022-09-17,6,"Oklahoma","40"
2022-09-17,2,"Oregon","41"
2022-09-17,34,"Pennsylvania","42"
2022-09-17,0,"Rhode Island","44"
2022-09-17,17,"South Carolina","45"
2022-09-17,7,"South Dakota","46"
2022-09-17,32,"Tennessee","47"
2022-09-17,215,"Texas","48"
2022-09-17,1,"Utah","49"
2022-09-17,16,"Virginia","51"
2022-09-17,0,"Vermont","50"
2022-09-17,7,"Washington","53"
2022-09-17,4,"Wisconsin","55"
2022-09-17,1,"West Virginia","54"
2022-09-17,0,"Wyoming","56"
2022-09-24,2,"Alaska","02"
2022-09-24,28,"Alabama","01"
2022-09-24,10,"Arkansas","05"
2022-09-24,10,"Arizona","04"
2022-09-24,68,"California","06"
2022-09-24,3,"Colorado","08"
2022-09-24,2,"Connecticut","09"
2022-09-24,0,"District of Columbia","11"
2022-09-24,0,"Delaware","10"
2022-09-24,78,"Florida","12"
2022-09-24,77,"Georgia","13"
2022-09-24,4,"Hawaii","15"
2022-09-24,9,"Iowa","19"
2022-09-24,3,"Idaho","16"
2022-09-24,10,"Illinois","17"
2022-09-24,38,"Indiana","18"
2022-09-24,1,"Kansas","20"
2022-09-24,4,"Kentucky","21"
2022-09-24,47,"Louisiana","22"
2022-09-24,4,"Massachusetts","25"
2022-09-24,6,"Maryland","24"
2022-09-24,0,"Maine","23"
2022-09-24,4,"Michigan","26"
2022-09-24,2,"Minnesota","27"
2022-09-24,12,"Missouri","29"
2022-09-24,29,"Mississippi","28"
2022-09-24,2,"Montana","30"
2022-09-24,21,"North Carolina","37"
2022-09-24,0,"North Dakota","38"
2022-09-24,18,"Nebraska","31"
2022-09-24,1,"New Hampshire","33"
2022-09-24,21,"New Jersey","34"
2022-09-24,14,"New Mexico","35"
2022-09-24,15,"Nevada","32"
2022-09-24,28,"New York","36"
2022-09-24,15,"Ohio","39"
2022-09-24,8,"Oklahoma","40"
2022-09-24,1,"Oregon","41"
2022-09-24,45,"Pennsylvania","42"
2022-09-24,1,"Rhode Island","44"
2022-09-24,18,"South Carolina","45"
2022-09-24,10,"South Dakota","46"
2022-09-24,38,"Tennessee","47"
2022-09-24,127,"Texas","48"
2022-09-24,0,"Utah","49"
2022-09-24,29,"Virginia","51"
2022-09-24,0,"Vermont","50"
2022-09-24,11,"Washington","53"
2022-09-24,1,"Wisconsin","55"
2022-09-24,1,"West Virginia","54"
2022-09-24,0,"Wyoming","56"
2022-10-01,0,"Alaska","02"
2022-10-01,42,"Alabama","01"
2022-10-01,22,"Arkansas","05"
2022-10-01,13,"Arizona","04"
2022-10-01,92,"California","06"
2022-10-01,2,"Colorado","08"
2022-10-01,2,"Connecticut","09"
2022-10-01,1,"District of Columbia","11"
2022-10-01,0,"Delaware","10"
2022-10-01,113,"Florida","12"
2022-10-01,109,"Georgia","13"
2022-10-01,5,"Hawaii","15"
2022-10-01,6,"Iowa","19"
2022-10-01,1,"Idaho","16"
2022-10-01,12,"Illinois","17"
2022-10-01,46,"Indiana","18"
2022-10-01,7,"Kansas","20"
2022-10-01,7,"Kentucky","21"
2022-10-01,67,"Louisiana","22"
2022-10-01,6,"Massachusetts","25"
2022-10-01,17,"Maryland","24"
2022-10-01,1,"Maine","23"
2022-10-01,12,"Michigan","26"
2022-10-01,12,"Minnesota","27"
2022-10-01,6,"Missouri","29"
2022-10-01,60,"Mississippi","28"
2022-10-01,0,"Montana","30"
2022-10-01,20,"North Carolina","37"
2022-10-01,0,"North Dakota","38"
2022-10-01,20,"Nebraska","31"
2022-10-01,0,"New Hampshire","33"
2022-10-01,24,"New Jersey","34"
2022-10-01,25,"New Mexico","35"
2022-10-01,35,"Nevada","32"
2022-10-01,38,"New York","36"
2022-10-01,17,"Ohio","39"
2022-10-01,6,"Oklahoma","40"
2022-10-01,0,"Oregon","41"
2022-10-01,58,"Pennsylvania","42"
2022-10-01,1,"Rhode Island","44"
2022-10-01,33,"South Carolina","45"
2022-10-01,10,"South Dakota","46"
2022-10-01,39,"Tennessee","47"
2022-10-01,223,"Texas","48"
2022-10-01,0,"Utah","49"
2022-10-01,48,"Virginia","51"
2022-10-01,1,"Vermont","50"
2022-10-01,15,"Washington","53"
2022-10-01,1,"Wisconsin","55"
2022-10-01,5,"West Virginia","54"
2022-10-01,1,"Wyoming","56"
2022-10-08,5,"Alaska","02"
2022-10-08,87,"Alabama","01"
2022-10-08,37,"Arkansas","05"
2022-10-08,11,"Arizona","04"
2022-10-08,87,"California","06"
2022-10-08,3,"Colorado","08"
2022-10-08,6,"Connecticut","09"
2022-10-08,2,"District of Columbia","11"
2022-10-08,0,"Delaware","10"
2022-10-08,101,"Florida","12"
2022-10-08,144,"Georgia","13"
2022-10-08,6,"Hawaii","15"
2022-10-08,7,"Iowa","19"
2022-10-08,1,"Idaho","16"
2022-10-08,28,"Illinois","17"
2022-10-08,54,"Indiana","18"
2022-10-08,4,"Kansas","20"
2022-10-08,23,"Kentucky","21"
2022-10-08,98,"Louisiana","22"
2022-10-08,7,"Massachusetts","25"
2022-10-08,27,"Maryland","24"
2022-10-08,0,"Maine","23"
2022-10-08,15,"Michigan","26"
2022-10-08,3,"Minnesota","27"
2022-10-08,10,"Missouri","29"
2022-10-08,67,"Mississippi","28"
2022-10-08,0,"Montana","30"
2022-10-08,34,"North Carolina","37"
2022-10-08,1,"North Dakota","38"
2022-10-08,11,"Nebraska","31"
2022-10-08,0,"New Hampshire","33"
2022-10-08,32,"New Jersey","34"
2022-10-08,24,"New Mexico","35"
2022-10-08,15,"Nevada","32"
2022-10-08,48,"New York","36"
2022-10-08,32,"Ohio","39"
2022-10-08,14,"Oklahoma","40"
2022-10-08,3,"Oregon","41"
2022-10-08,77,"Pennsylvania","42"
2022-10-08,0,"Rhode Island","44"
2022-10-08,42,"South Carolina","45"
2022-10-08,12,"South Dakota","46"
2022-10-08,59,"Tennessee","47"
2022-10-08,308,"Texas","48"
2022-10-08,3,"Utah","49"
2022-10-08,53,"Virginia","51"
2022-10-08,0,"Vermont","50"
2022-10-08,13,"Washington","53"
2022-10-08,2,"Wisconsin","55"
2022-10-08,11,"West Virginia","54"
2022-10-08,2,"Wyoming","56"
2022-10-15,1,"Alaska","02"
2022-10-15,141,"Alabama","01"
2022-10-15,47,"Arkansas","05"
2022-10-15,24,"Arizona","04"
2022-10-15,121,"California","06"
2022-10-15,14,"Colorado","08"
2022-10-15,11,"Connecticut","09"
2022-10-15,5,"District of Columbia","11"
2022-10-15,1,"Delaware","10"
2022-10-15,124,"Florida","12"
2022-10-15,137,"Georgia","13"
2022-10-15,3,"Hawaii","15"
2022-10-15,9,"Iowa","19"
2022-10-15,1,"Idaho","16"
2022-10-15,39,"Illinois","17"
2022-10-15,69,"Indiana","18"
2022-10-15,16,"Kansas","20"
2022-10-15,13,"Kentucky","21"
2022-10-15,129,"Louisiana","22"
2022-10-15,9,"Massachusetts","25"
2022-10-15,43,"Maryland","24"
2022-10-15,0,"Maine","23"
2022-10-15,12,"Michigan","26"
2022-10-15,14,"Minnesota","27"
2022-10-15,23,"Missouri","29"
2022-10-15,88,"Mississippi","28"
2022-10-15,0,"Montana","30"
2022-10-15,71,"North Carolina","37"
2022-10-15,2,"North Dakota","38"
2022-10-15,12,"Nebraska","31"
2022-10-15,1,"New Hampshire","33"
2022-10-15,35,"New Jersey","34"
2022-10-15,26,"New Mexico","35"
2022-10-15,15,"Nevada","32"
2022-10-15,43,"New York","36"
2022-10-15,33,"Ohio","39"
2022-10-15,30,"Oklahoma","40"
2022-10-15,6,"Oregon","41"
2022-10-15,91,"Pennsylvania","42"
2022-10-15,2,"Rhode Island","44"
2022-10-15,70,"South Carolina","45"
2022-10-15,13,"South Dakota","46"
2022-10-15,87,"Tennessee","47"
2022-10-15,479,"Texas","48"
2022-10-15,6,"Utah","49"
2022-10-15,77,"Virginia","51"
2022-10-15,0,"Vermont","50"
2022-10-15,21,"Washington","53"
2022-10-15,11,"Wisconsin","55"
2022-10-15,15,"West Virginia","54"
2022-10-15,2,"Wyoming","56"
2022-10-22,11,"Alaska","02"
2022-10-22,271,"Alabama","01"
2022-10-22,77,"Arkansas","05"
2022-10-22,26,"Arizona","04"
2022-10-22,199,"California","06"
2022-10-22,27,"Colorado","08"
2022-10-22,36,"Connecticut","09"
2022-10-22,11,"District of Columbia","11"
2022-10-22,4,"Delaware","10"
2022-10-22,241,"Florida","12"
2022-10-22,216,"Georgia","13"
2022-10-22,7,"Hawaii","15"
2022-10-22,15,"Iowa","19"
2022-10-22,1,"Idaho","16"
2022-10-22,106,"Illinois","17"
2022-10-22,103,"Indiana","18"
2022-10-22,19,"Kansas","20"
2022-10-22,66,"Kentucky","21"
2022-10-22,235,"Louisiana","22"
2022-10-22,15,"Massachusetts","25"
2022-10-22,105,"Maryland","24"
2022-10-22,3,"Maine","23"
2022-10-22,48,"Michigan","26"
2022-10-22,37,"Minnesota","27"
2022-10-22,49,"Missouri","29"
2022-10-22,148,"Mississippi","28"
2022-10-22,3,"Montana","30"
2022-10-22,185,"North Carolina","37"
2022-10-22,2,"North Dakota","38"
2022-10-22,12,"Nebraska","31"
2022-10-22,0,"New Hampshire","33"
2022-10-22,67,"New Jersey","34"
2022-10-22,53,"New Mexico","35"
2022-10-22,12,"Nevada","32"
2022-10-22,106,"New York","36"
2022-10-22,105,"Ohio","39"
2022-10-22,57,"Oklahoma","40"
2022-10-22,5,"Oregon","41"
2022-10-22,166,"Pennsylvania","42"
2022-10-22,0,"Rhode Island","44"
2022-10-22,156,"South Carolina","45"
2022-10-22,9,"South Dakota","46"
2022-10-22,122,"Tennessee","47"
2022-10-22,702,"Texas","48"
2022-10-22,12,"Utah","49"
2022-10-22,172,"Virginia","51"
2022-10-22,1,"Vermont","50"
2022-10-22,33,"Washington","53"
2022-10-22,15,"Wisconsin","55"
2022-10-22,56,"West Virginia","54"
2022-10-22,4,"Wyoming","56"
2022-10-29,15,"Alaska","02"
2022-10-29,402,"Alabama","01"
2022-10-29,134,"Arkansas","05"
2022-10-29,79,"Arizona","04"
2022-10-29,416,"California","06"
2022-10-29,35,"Colorado","08"
2022-10-29,38,"Connecticut","09"
2022-10-29,33,"District of Columbia","11"
2022-10-29,10,"Delaware","10"
2022-10-29,290,"Florida","12"
2022-10-29,250,"Georgia","13"
2022-10-29,7,"Hawaii","15"
2022-10-29,16,"Iowa","19"
2022-10-29,16,"Idaho","16"
2022-10-29,155,"Illinois","17"
2022-10-29,141,"Indiana","18"
2022-10-29,34,"Kansas","20"
2022-10-29,124,"Kentucky","21"
2022-10-29,221,"Louisiana","22"
2022-10-29,30,"Massachusetts","25"
2022-10-29,156,"Maryland","24"
2022-10-29,3,"Maine","23"
2022-10-29,55,"Michigan","26"
2022-10-29,83,"Minnesota","27"
2022-10-29,66,"Missouri","29"
2022-10-29,260,"Mississippi","28"
2022-10-29,6,"Montana","30"
2022-10-29,283,"North Carolina","37"
2022-10-29,6,"North Dakota","38"
2022-10-29,31,"Nebraska","31"
2022-10-29,3,"New Hampshire","33"
2022-10-29,166,"New Jersey","34"
2022-10-29,90,"New Mexico","35"
2022-10-29,35,"Nevada","32"
2022-10-29,190,"New York","36"
2022-10-29,196,"Ohio","39"
2022-10-29,47,"Oklahoma","40"
2022-10-29,32,"Oregon","41"
2022-10-29,228,"Pennsylvania","42"
2022-10-29,3,"Rhode Island","44"
2022-10-29,248,"South Carolina","45"
2022-10-29,9,"South Dakota","46"
2022-10-29,231,"Tennessee","47"
2022-10-29,957,"Texas","48"
2022-10-29,6,"Utah","49"
2022-10-29,307,"Virginia","51"
2022-10-29,0,"Vermont","50"
2022-10-29,43,"Washington","53"
2022-10-29,33,"Wisconsin","55"
2022-10-29,89,"West Virginia","54"
2022-10-29,7,"Wyoming","56"
2022-11-05,14,"Alaska","02"
2022-11-05,353,"Alabama","01"
2022-11-05,203,"Arkansas","05"
2022-11-05,134,"Arizona","04"
2022-11-05,858,"California","06"
2022-11-05,58,"Colorado","08"
2022-11-05,52,"Connecticut","09"
2022-11-05,44,"District of Columbia","11"
2022-11-05,13,"Delaware","10"
2022-11-05,453,"Florida","12"
2022-11-05,263,"Georgia","13"
2022-11-05,21,"Hawaii","15"
2022-11-05,20,"Iowa","19"
2022-11-05,11,"Idaho","16"
2022-11-05,256,"Illinois","17"
2022-11-05,136,"Indiana","18"
2022-11-05,44,"Kansas","20"
2022-11-05,223,"Kentucky","21"
2022-11-05,228,"Louisiana","22"
2022-11-05,41,"Massachusetts","25"
2022-11-05,214,"Maryland","24"
2022-11-05,8,"Maine","23"
2022-11-05,88,"Michigan","26"
2022-11-05,165,"Minnesota","27"
2022-11-05,105,"Missouri","29"
2022-11-05,244,"Mississippi","28"
2022-11-05,11,"Montana","30"
2022-11-05,351,"North Carolina","37"
2022-11-05,10,"North Dakota","38"
2022-11-05,24,"Nebraska","31"
2022-11-05,3,"New Hampshire","33"
2022-11-05,295,"New Jersey","34"
2022-11-05,149,"New Mexico","35"
2022-11-05,92,"Nevada","32"
2022-11-05,278,"New York","36"
2022-11-05,257,"Ohio","39"
2022-11-05,74,"Oklahoma","40"
2022-11-05,51,"Oregon","41"
2022-11-05,345,"Pennsylvania","42"
2022-11-05,6,"Rhode Island","44"
2022-11-05,256,"South Carolina","45"
2022-11-05,13,"South Dakota","46"
2022-11-05,311,"Tennessee","47"
2022-11-05,1108,"Texas","48"
2022-11-05,12,"Utah","49"
2022-11-05,339,"Virginia","51"
2022-11-05,1,"Vermont","50"
2022-11-05,89,"Washington","53"
2022-11-05,45,"Wisconsin","55"
2022-11-05,127,"West Virginia","54"
2022-11-05,10,"Wyoming","56"
2022-11-12,36,"Alaska","02"
2022-11-12,262,"Alabama","01"
2022-11-12,214,"Arkansas","05"
2022-11-12,308,"Arizona","04"
2022-11-12,1499,"California","06"
2022-11-12,107,"Colorado","08"
2022-11-12,103,"Connecticut","09"
2022-11-12,36,"District of Columbia","11"
2022-11-12,53,"Delaware","10"
2022-11-12,517,"Florida","12"
2022-11-12,236,"Georgia","13"
2022-11-12,15,"Hawaii","15"
2022-11-12,37,"Iowa","19"
2022-11-12,56,"Idaho","16"
2022-11-12,386,"Illinois","17"
2022-11-12,235,"Indiana","18"
2022-11-12,64,"Kansas","20"
2022-11-12,291,"Kentucky","21"
2022-11-12,237,"Louisiana","22"
2022-11-12,73,"Massachusetts","25"
2022-11-12,210,"Maryland","24"
2022-11-12,14,"Maine","23"
2022-11-12,165,"Michigan","26"
2022-11-12,243,"Minnesota","27"
2022-11-12,222,"Missouri","29"
2022-11-12,250,"Mississippi","28"
2022-11-12,13,"Montana","30"
2022-11-12,369,"North Carolina","37"
2022-11-12,13,"North Dakota","38"
2022-11-12,31,"Nebraska","31"
2022-11-12,9,"New Hampshire","33"
2022-11-12,320,"New Jersey","34"
2022-11-12,163,"New Mexico","35"
2022-11-12,162,"Nevada","32"
2022-11-12,495,"New York","36"
2022-11-12,311,"Ohio","39"
2022-11-12,150,"Oklahoma","40"
2022-11-12,113,"Oregon","41"
2022-11-12,408,"Pennsylvania","42"
2022-11-12,3,"Rhode Island","44"
2022-11-12,228,"South Carolina","45"
2022-11-12,24,"South Dakota","46"
2022-11-12,285,"Tennessee","47"
2022-11-12,1168,"Texas","48"
2022-11-12,8,"Utah","49"
2022-11-12,262,"Virginia","51"
2022-11-12,2,"Vermont","50"
2022-11-12,239,"Washington","53"
2022-11-12,88,"Wisconsin","55"
2022-11-12,136,"West Virginia","54"
2022-11-12,39,"Wyoming","56"
2022-11-19,65,"Alaska","02"
2022-11-19,268,"Alabama","01"
2022-11-19,407,"Arkansas","05"
2022-11-19,570,"Arizona","04"
2022-11-19,2631,"California","06"
2022-11-19,157,"Colorado","08"
2022-11-19,183,"Connecticut","09"
2022-11-19,58,"District of Columbia","11"
2022-11-19,39,"Delaware","10"
2022-11-19,743,"Florida","12"
2022-11-19,258,"Georgia","13"
2022-11-19,12,"Hawaii","15"
2022-11-19,104,"Iowa","19"
2022-11-19,141,"Idaho","16"
2022-11-19,801,"Illinois","17"
2022-11-19,457,"Indiana","18"
2022-11-19,153,"Kansas","20"
2022-11-19,521,"Kentucky","21"
2022-11-19,330,"Louisiana","22"
2022-11-19,175,"Massachusetts","25"
2022-11-19,308,"Maryland","24"
2022-11-19,33,"Maine","23"
2022-11-19,290,"Michigan","26"
2022-11-19,382,"Minnesota","27"
2022-11-19,488,"Missouri","29"
2022-11-19,272,"Mississippi","28"
2022-11-19,44,"Montana","30"
2022-11-19,430,"North Carolina","37"
2022-11-19,22,"North Dakota","38"
2022-11-19,60,"Nebraska","31"
2022-11-19,9,"New Hampshire","33"
2022-11-19,513,"New Jersey","34"
2022-11-19,176,"New Mexico","35"
2022-11-19,265,"Nevada","32"
2022-11-19,789,"New York","36"
2022-11-19,560,"Ohio","39"
2022-11-19,344,"Oklahoma","40"
2022-11-19,376,"Oregon","41"
2022-11-19,701,"Pennsylvania","42"
2022-11-19,14,"Rhode Island","44"
2022-11-19,215,"South Carolina","45"
2022-11-19,58,"South Dakota","46"
2022-11-19,471,"Tennessee","47"
2022-11-19,1798,"Texas","48"
2022-11-19,29,"Utah","49"
2022-11-19,380,"Virginia","51"
2022-11-19,13,"Vermont","50"
2022-11-19,536,"Washington","53"
2022-11-19,235,"Wisconsin","55"
2022-11-19,189,"West Virginia","54"
2022-11-19,37,"Wyoming","56"
2022-11-26,53,"Alaska","02"
2022-11-26,417,"Alabama","01"
2022-11-26,466,"Arkansas","05"
2022-11-26,799,"Arizona","04"
2022-11-26,3159,"California","06"
2022-11-26,163,"Colorado","08"
2022-11-26,426,"Connecticut","09"
2022-11-26,66,"District of Columbia","11"
2022-11-26,86,"Delaware","10"
2022-11-26,921,"Florida","12"
2022-11-26,342,"Georgia","13"
2022-11-26,9,"Hawaii","15"
2022-11-26,208,"Iowa","19"
2022-11-26,183,"Idaho","16"
2022-11-26,1102,"Illinois","17"
2022-11-26,831,"Indiana","18"
2022-11-26,301,"Kansas","20"
2022-11-26,849,"Kentucky","21"
2022-11-26,452,"Louisiana","22"
2022-11-26,451,"Massachusetts","25"
2022-11-26,411,"Maryland","24"
2022-11-26,100,"Maine","23"
2022-11-26,459,"Michigan","26"
2022-11-26,443,"Minnesota","27"
2022-11-26,850,"Missouri","29"
2022-11-26,268,"Mississippi","28"
2022-11-26,65,"Montana","30"
2022-11-26,638,"North Carolina","37"
2022-11-26,49,"North Dakota","38"
2022-11-26,104,"Nebraska","31"
2022-11-26,29,"New Hampshire","33"
2022-11-26,995,"New Jersey","34"
2022-11-26,357,"New Mexico","35"
2022-11-26,478,"Nevada","32"
2022-11-26,1325,"New York","36"
2022-11-26,956,"Ohio","39"
2022-11-26,771,"Oklahoma","40"
2022-11-26,542,"Oregon","41"
2022-11-26,1299,"Pennsylvania","42"
2022-11-26,22,"Rhode Island","44"
2022-11-26,245,"South Carolina","45"
2022-11-26,73,"South Dakota","46"
2022-11-26,687,"Tennessee","47"
2022-11-26,2182,"Texas","48"
2022-11-26,34,"Utah","49"
2022-11-26,495,"Virginia","51"
2022-11-26,31,"Vermont","50"
2022-11-26,732,"Washington","53"
2022-11-26,459,"Wisconsin","55"
2022-11-26,318,"West Virginia","54"
2022-11-26,73,"Wyoming","56"
2022-12-03,73,"Alaska","02"
2022-12-03,256,"Alabama","01"
2022-12-03,346,"Arkansas","05"
2022-12-03,779,"Arizona","04"
2022-12-03,2435,"California","06"
2022-12-03,235,"Colorado","08"
2022-12-03,394,"Connecticut","09"
2022-12-03,41,"District of Columbia","11"
2022-12-03,30,"Delaware","10"
2022-12-03,789,"Florida","12"
2022-12-03,209,"Georgia","13"
2022-12-03,13,"Hawaii","15"
2022-12-03,231,"Iowa","19"
2022-12-03,185,"Idaho","16"
2022-12-03,956,"Illinois","17"
2022-12-03,843,"Indiana","18"
2022-12-03,255,"Kansas","20"
2022-12-03,673,"Kentucky","21"
2022-12-03,382,"Louisiana","22"
2022-12-03,544,"Massachusetts","25"
2022-12-03,325,"Maryland","24"
2022-12-03,119,"Maine","23"
2022-12-03,591,"Michigan","26"
2022-12-03,345,"Minnesota","27"
2022-12-03,828,"Missouri","29"
2022-12-03,179,"Mississippi","28"
2022-12-03,100,"Montana","30"
2022-12-03,395,"North Carolina","37"
2022-12-03,34,"North Dakota","38"
2022-12-03,122,"Nebraska","31"
2022-12-03,65,"New Hampshire","33"
2022-12-03,756,"New Jersey","34"
2022-12-03,409,"New Mexico","35"
2022-12-03,445,"Nevada","32"
2022-12-03,1496,"New York","36"
2022-12-03,957,"Ohio","39"
2022-12-03,812,"Oklahoma","40"
2022-12-03,650,"Oregon","41"
2022-12-03,1186,"Pennsylvania","42"
2022-12-03,54,"Rhode Island","44"
2022-12-03,160,"South Carolina","45"
2022-12-03,84,"South Dakota","46"
2022-12-03,486,"Tennessee","47"
2022-12-03,1775,"Texas","48"
2022-12-03,60,"Utah","49"
2022-12-03,368,"Virginia","51"
2022-12-03,45,"Vermont","50"
2022-12-03,681,"Washington","53"
2022-12-03,479,"Wisconsin","55"
2022-12-03,246,"West Virginia","54"
2022-12-03,42,"Wyoming","56"
2022-12-10,51,"Alaska","02"
2022-12-10,176,"Alabama","01"
2022-12-10,251,"Arkansas","05"
2022-12-10,568,"Arizona","04"
2022-12-10,1614,"California","06"
2022-12-10,255,"Colorado","08"
2022-12-10,395,"Connecticut","09"
2022-12-10,23,"District of Columbia","11"
2022-12-10,25,"Delaware","10"
2022-12-10,846,"Florida","12"
2022-12-10,179,"Georgia","13"
2022-12-10,14,"Hawaii","15"
2022-12-10,325,"Iowa","19"
2022-12-10,286,"Idaho","16"
2022-12-10,733,"Illinois","17"
2022-12-10,731,"Indiana","18"
2022-12-10,219,"Kansas","20"
2022-12-10,429,"Kentucky","21"
2022-12-10,180,"Louisiana","22"
2022-12-10,659,"Massachusetts","25"
2022-12-10,261,"Maryland","24"
2022-12-10,182,"Maine","23"
2022-12-10,894,"Michigan","26"
2022-12-10,247,"Minnesota","27"
2022-12-10,751,"Missouri","29"
2022-12-10,142,"Mississippi","28"
2022-12-10,99,"Montana","30"
2022-12-10,319,"North Carolina","37"
2022-12-10,66,"North Dakota","38"
2022-12-10,166,"Nebraska","31"
2022-12-10,76,"New Hampshire","33"
2022-12-10,606,"New Jersey","34"
2022-12-10,342,"New Mexico","35"
2022-12-10,318,"Nevada","32"
2022-12-10,1733,"New York","36"
2022-12-10,972,"Ohio","39"
2022-12-10,766,"Oklahoma","40"
2022-12-10,686,"Oregon","41"
2022-12-10,1045,"Pennsylvania","42"
2022-12-10,41,"Rhode Island","44"
2022-12-10,149,"South Carolina","45"
2022-12-10,97,"South Dakota","46"
2022-12-10,258,"Tennessee","47"
2022-12-10,1533,"Texas","48"
2022-12-10,41,"Utah","49"
2022-12-10,286,"Virginia","51"
2022-12-10,56,"Vermont","50"
2022-12-10,740,"Washington","53"
2022-12-10,483,"Wisconsin","55"
2022-12-10,199,"West Virginia","54"
2022-12-10,40,"Wyoming","56"
2022-12-17,43,"Alaska","02"
2022-12-17,152,"Alabama","01"
2022-12-17,202,"Arkansas","05"
2022-12-17,580,"Arizona","04"
2022-12-17,1596,"California","06"
2022-12-17,399,"Colorado","08"
2022-12-17,270,"Connecticut","09"
2022-12-17,21,"District of Columbia","11"
2022-12-17,29,"Delaware","10"
2022-12-17,1024,"Florida","12"
2022-12-17,158,"Georgia","13"
2022-12-17,29,"Hawaii","15"
2022-12-17,328,"Iowa","19"
2022-12-17,203,"Idaho","16"
2022-12-17,578,"Illinois","17"
2022-12-17,615,"Indiana","18"
2022-12-17,182,"Kansas","20"
2022-12-17,281,"Kentucky","21"
2022-12-17,155,"Louisiana","22"
2022-12-17,760,"Massachusetts","25"
2022-12-17,231,"Maryland","24"
2022-12-17,211,"Maine","23"
2022-12-17,1123,"Michigan","26"
2022-12-17,162,"Minnesota","27"
2022-12-17,559,"Missouri","29"
2022-12-17,86,"Mississippi","28"
2022-12-17,60,"Montana","30"
2022-12-17,298,"North Carolina","37"
2022-12-17,72,"North Dakota","38"
2022-12-17,140,"Nebraska","31"
2022-12-17,117,"New Hampshire","33"
2022-12-17,522,"New Jersey","34"
2022-12-17,361,"New Mexico","35"
2022-12-17,226,"Nevada","32"
2022-12-17,1517,"New York","36"
2022-12-17,799,"Ohio","39"
2022-12-17,680,"Oklahoma","40"
2022-12-17,451,"Oregon","41"
2022-12-17,1047,"Pennsylvania","42"
2022-12-17,57,"Rhode Island","44"
2022-12-17,118,"South Carolina","45"
2022-12-17,84,"South Dakota","46"
2022-12-17,226,"Tennessee","47"
2022-12-17,1302,"Texas","48"
2022-12-17,63,"Utah","49"
2022-12-17,269,"Virginia","51"
2022-12-17,64,"Vermont","50"
2022-12-17,404,"Washington","53"
2022-12-17,458,"Wisconsin","55"
2022-12-17,155,"West Virginia","54"
2022-12-17,50,"Wyoming","56"
2022-12-24,43,"Alaska","02"
2022-12-24,147,"Alabama","01"
2022-12-24,204,"Arkansas","05"
2022-12-24,656,"Arizona","04"
2022-12-24,1423,"California","06"
2022-12-24,315,"Colorado","08"
2022-12-24,241,"Connecticut","09"
2022-12-24,32,"District of Columbia","11"
2022-12-24,42,"Delaware","10"
2022-12-24,1244,"Florida","12"
2022-12-24,184,"Georgia","13"
2022-12-24,34,"Hawaii","15"
2022-12-24,320,"Iowa","19"
2022-12-24,223,"Idaho","16"
2022-12-24,555,"Illinois","17"
2022-12-24,566,"Indiana","18"
2022-12-24,185,"Kansas","20"
2022-12-24,243,"Kentucky","21"
2022-12-24,166,"Louisiana","22"
2022-12-24,765,"Massachusetts","25"
2022-12-24,225,"Maryland","24"
2022-12-24,192,"Maine","23"
2022-12-24,1137,"Michigan","26"
2022-12-24,177,"Minnesota","27"
2022-12-24,636,"Missouri","29"
2022-12-24,120,"Mississippi","28"
2022-12-24,91,"Montana","30"
2022-12-24,299,"North Carolina","37"
2022-12-24,82,"North Dakota","38"
2022-12-24,144,"Nebraska","31"
2022-12-24,141,"New Hampshire","33"
2022-12-24,476,"New Jersey","34"
2022-12-24,286,"New Mexico","35"
2022-12-24,179,"Nevada","32"
2022-12-24,1309,"New York","36"
2022-12-24,707,"Ohio","39"
2022-12-24,708,"Oklahoma","40"
2022-12-24,361,"Oregon","41"
2022-12-24,1101,"Pennsylvania","42"
2022-12-24,49,"Rhode Island","44"
2022-12-24,157,"South Carolina","45"
2022-12-24,59,"South Dakota","46"
2022-12-24,248,"Tennessee","47"
2022-12-24,1413,"Texas","48"
2022-12-24,83,"Utah","49"
2022-12-24,279,"Virginia","51"
2022-12-24,81,"Vermont","50"
2022-12-24,384,"Washington","53"
2022-12-24,484,"Wisconsin","55"
2022-12-24,172,"West Virginia","54"
2022-12-24,51,"Wyoming","56"
2022-12-31,32,"Alaska","02"
2022-12-31,123,"Alabama","01"
2022-12-31,158,"Arkansas","05"
2022-12-31,386,"Arizona","04"
2022-12-31,913,"California","06"
2022-12-31,158,"Colorado","08"
2022-12-31,170,"Connecticut","09"
2022-12-31,17,"District of Columbia","11"
2022-12-31,45,"Delaware","10"
2022-12-31,1325,"Florida","12"
2022-12-31,189,"Georgia","13"
2022-12-31,10,"Hawaii","15"
2022-12-31,218,"Iowa","19"
2022-12-31,112,"Idaho","16"
2022-12-31,433,"Illinois","17"
2022-12-31,361,"Indiana","18"
2022-12-31,125,"Kansas","20"
2022-12-31,133,"Kentucky","21"
2022-12-31,171,"Louisiana","22"
2022-12-31,489,"Massachusetts","25"
2022-12-31,157,"Maryland","24"
2022-12-31,126,"Maine","23"
2022-12-31,714,"Michigan","26"
2022-12-31,80,"Minnesota","27"
2022-12-31,405,"Missouri","29"
2022-12-31,88,"Mississippi","28"
2022-12-31,60,"Montana","30"
2022-12-31,222,"North Carolina","37"
2022-12-31,72,"North Dakota","38"
2022-12-31,99,"Nebraska","31"
2022-12-31,108,"New Hampshire","33"
2022-12-31,343,"New Jersey","34"
2022-12-31,179,"New Mexico","35"
2022-12-31,116,"Nevada","32"
2022-12-31,956,"New York","36"
2022-12-31,489,"Ohio","39"
2022-12-31,503,"Oklahoma","40"
2022-12-31,152,"Oregon","41"
2022-12-31,809,"Pennsylvania","42"
2022-12-31,36,"Rhode Island","44"
2022-12-31,161,"South Carolina","45"
2022-12-31,69,"South Dakota","46"
2022-12-31,174,"Tennessee","47"
2022-12-31,1246,"Texas","48"
2022-12-31,66,"Utah","49"
2022-12-31,233,"Virginia","51"
2022-12-31,51,"Vermont","50"
2022-12-31,231,"Washington","53"
2022-12-31,332,"Wisconsin","55"
2022-12-31,148,"West Virginia","54"
2022-12-31,32,"Wyoming","56"
2023-01-07,7,"Alaska","02"
2023-01-07,99,"Alabama","01"
2023-01-07,105,"Arkansas","05"
2023-01-07,163,"Arizona","04"
2023-01-07,411,"California","06"
2023-01-07,99,"Colorado","08"
2023-01-07,79,"Connecticut","09"
2023-01-07,6,"District of Columbia","11"
2023-01-07,12,"Delaware","10"
2023-01-07,702,"Florida","12"
2023-01-07,108,"Georgia","13"
2023-01-07,9,"Hawaii","15"
2023-01-07,96,"Iowa","19"
2023-01-07,46,"Idaho","16"
2023-01-07,173,"Illinois","17"
2023-01-07,173,"Indiana","18"
2023-01-07,54,"Kansas","20"
2023-01-07,63,"Kentucky","21"
2023-01-07,85,"Louisiana","22"
2023-01-07,251,"Massachusetts","25"
2023-01-07,101,"Maryland","24"
2023-01-07,57,"Maine","23"
2023-01-07,320,"Michigan","26"
2023-01-07,47,"Minnesota","27"
2023-01-07,195,"Missouri","29"
2023-01-07,57,"Mississippi","28"
2023-01-07,39,"Montana","30"
2023-01-07,131,"North Carolina","37"
2023-01-07,52,"North Dakota","38"
2023-01-07,63,"Nebraska","31"
2023-01-07,47,"New Hampshire","33"
2023-01-07,166,"New Jersey","34"
2023-01-07,53,"New Mexico","35"
2023-01-07,37,"Nevada","32"
2023-01-07,517,"New York","36"
2023-01-07,194,"Ohio","39"
2023-01-07,274,"Oklahoma","40"
2023-01-07,65,"Oregon","41"
2023-01-07,452,"Pennsylvania","42"
2023-01-07,9,"Rhode Island","44"
2023-01-07,79,"South Carolina","45"
2023-01-07,15,"South Dakota","46"
2023-01-07,100,"Tennessee","47"
2023-01-07,764,"Texas","48"
2023-01-07,22,"Utah","49"
2023-01-07,119,"Virginia","51"
2023-01-07,12,"Vermont","50"
2023-01-07,144,"Washington","53"
2023-01-07,171,"Wisconsin","55"
2023-01-07,48,"West Virginia","54"
2023-01-07,16,"Wyoming","56"
2023-01-14,7,"Alaska","02"
2023-01-14,57,"Alabama","01"
2023-01-14,65,"Arkansas","05"
2023-01-14,118,"Arizona","04"
2023-01-14,208,"California","06"
2023-01-14,37,"Colorado","08"
2023-01-14,36,"Connecticut","09"
2023-01-14,8,"District of Columbia","11"
2023-01-14,6,"Delaware","10"
2023-01-14,593,"Florida","12"
2023-01-14,80,"Georgia","13"
2023-01-14,0,"Hawaii","15"
2023-01-14,43,"Iowa","19"
2023-01-14,35,"Idaho","16"
2023-01-14,68,"Illinois","17"
2023-01-14,100,"Indiana","18"
2023-01-14,40,"Kansas","20"
2023-01-14,35,"Kentucky","21"
2023-01-14,83,"Louisiana","22"
2023-01-14,131,"Massachusetts","25"
2023-01-14,67,"Maryland","24"
2023-01-14,29,"Maine","23"
2023-01-14,171,"Michigan","26"
2023-01-14,29,"Minnesota","27"
2023-01-14,101,"Missouri","29"
2023-01-14,52,"Mississippi","28"
2023-01-14,16,"Montana","30"
2023-01-14,63,"North Carolina","37"
2023-01-14,28,"North Dakota","38"
2023-01-14,55,"Nebraska","31"
2023-01-14,23,"New Hampshire","33"
2023-01-14,102,"New Jersey","34"
2023-01-14,29,"New Mexico","35"
2023-01-14,21,"Nevada","32"
2023-01-14,309,"New York","36"
2023-01-14,123,"Ohio","39"
2023-01-14,168,"Oklahoma","40"
2023-01-14,32,"Oregon","41"
2023-01-14,303,"Pennsylvania","42"
2023-01-14,16,"Rhode Island","44"
2023-01-14,58,"South Carolina","45"
2023-01-14,12,"South Dakota","46"
2023-01-14,69,"Tennessee","47"
2023-01-14,491,"Texas","48"
2023-01-14,22,"Utah","49"
2023-01-14,72,"Virginia","51"
2023-01-14,10,"Vermont","50"
2023-01-14,86,"Washington","53"
2023-01-14,108,"Wisconsin","55"
2023-01-14,14,"West Virginia","54"
2023-01-14,14,"Wyoming","56"
2023-01-21,5,"Alaska","02"
2023-01-21,42,"Alabama","01"
2023-01-21,44,"Arkansas","05"
2023-01-21,57,"Arizona","04"
2023-01-21,126,"California","06"
2023-01-21,26,"Colorado","08"
2023-01-21,33,"Connecticut","09"
2023-01-21,7,"District of Columbia","11"
2023-01-21,6,"Delaware","10"
2023-01-21,423,"Florida","12"
2023-01-21,71,"Georgia","13"
2023-01-21,9,"Hawaii","15"
2023-01-21,47,"Iowa","19"
2023-01-21,17,"Idaho","16"
2023-01-21,73,"Illinois","17"
2023-01-21,71,"Indiana","18"
2023-01-21,21,"Kansas","20"
2023-01-21,32,"Kentucky","21"
2023-01-21,42,"Louisiana","22"
2023-01-21,76,"Massachusetts","25"
2023-01-21,39,"Maryland","24"
2023-01-21,14,"Maine","23"
2023-01-21,84,"Michigan","26"
2023-01-21,18,"Minnesota","27"
2023-01-21,73,"Missouri","29"
2023-01-21,35,"Mississippi","28"
2023-01-21,9,"Montana","30"
2023-01-21,41,"North Carolina","37"
2023-01-21,24,"North Dakota","38"
2023-01-21,22,"Nebraska","31"
2023-01-21,19,"New Hampshire","33"
2023-01-21,79,"New Jersey","34"
2023-01-21,21,"New Mexico","35"
2023-01-21,11,"Nevada","32"
2023-01-21,236,"New York","36"
2023-01-21,72,"Ohio","39"
2023-01-21,94,"Oklahoma","40"
2023-01-21,11,"Oregon","41"
2023-01-21,235,"Pennsylvania","42"
2023-01-21,10,"Rhode Island","44"
2023-01-21,41,"South Carolina","45"
2023-01-21,15,"South Dakota","46"
2023-01-21,41,"Tennessee","47"
2023-01-21,347,"Texas","48"
2023-01-21,7,"Utah","49"
2023-01-21,60,"Virginia","51"
2023-01-21,5,"Vermont","50"
2023-01-21,66,"Washington","53"
2023-01-21,51,"Wisconsin","55"
2023-01-21,21,"West Virginia","54"
2023-01-21,5,"Wyoming","56"
2023-01-28,3,"Alaska","02"
2023-01-28,35,"Alabama","01"
2023-01-28,20,"Arkansas","05"
2023-01-28,62,"Arizona","04"
2023-01-28,115,"California","06"
2023-01-28,38,"Colorado","08"
2023-01-28,15,"Connecticut","09"
2023-01-28,9,"District of Columbia","11"
2023-01-28,10,"Delaware","10"
2023-01-28,354,"Florida","12"
2023-01-28,204,"Georgia","13"
2023-01-28,8,"Hawaii","15"
2023-01-28,13,"Iowa","19"
2023-01-28,3,"Idaho","16"
2023-01-28,28,"Illinois","17"
2023-01-28,41,"Indiana","18"
2023-01-28,12,"Kansas","20"
2023-01-28,16,"Kentucky","21"
2023-01-28,94,"Louisiana","22"
2023-01-28,58,"Massachusetts","25"
2023-01-28,51,"Maryland","24"
2023-01-28,10,"Maine","23"
2023-01-28,87,"Michigan","26"
2023-01-28,16,"Minnesota","27"
2023-01-28,50,"Missouri","29"
2023-01-28,29,"Mississippi","28"
2023-01-28,9,"Montana","30"
2023-01-28,40,"North Carolina","37"
2023-01-28,9,"North Dakota","38"
2023-01-28,6,"Nebraska","31"
2023-01-28,4,"New Hampshire","33"
2023-01-28,38,"New Jersey","34"
2023-01-28,10,"New Mexico","35"
2023-01-28,4,"Nevada","32"
2023-01-28,145,"New York","36"
2023-01-28,59,"Ohio","39"
2023-01-28,86,"Oklahoma","40"
2023-01-28,10,"Oregon","41"
2023-01-28,193,"Pennsylvania","42"
2023-01-28,4,"Rhode Island","44"
2023-01-28,40,"South Carolina","45"
2023-01-28,15,"South Dakota","46"
2023-01-28,43,"Tennessee","47"
2023-01-28,281,"Texas","48"
2023-01-28,7,"Utah","49"
2023-01-28,62,"Virginia","51"
2023-01-28,3,"Vermont","50"
2023-01-28,42,"Washington","53"
2023-01-28,22,"Wisconsin","55"
2023-01-28,22,"West Virginia","54"
2023-01-28,6,"Wyoming","56"
2023-02-04,1,"Alaska","02"
2023-02-04,29,"Alabama","01"
2023-02-04,33,"Arkansas","05"
2023-02-04,56,"Arizona","04"
2023-02-04,93,"California","06"
2023-02-04,27,"Colorado","08"
2023-02-04,15,"Connecticut","09"
2023-02-04,5,"District of Columbia","11"
2023-02-04,1,"Delaware","10"
2023-02-04,300,"Florida","12"
2023-02-04,83,"Georgia","13"
2023-02-04,10,"Hawaii","15"
2023-02-04,15,"Iowa","19"
2023-02-04,4,"Idaho","16"
2023-02-04,31,"Illinois","17"
2023-02-04,41,"Indiana","18"
2023-02-04,9,"Kansas","20"
2023-02-04,29,"Kentucky","21"
2023-02-04,50,"Louisiana","22"
2023-02-04,59,"Massachusetts","25"
2023-02-04,41,"Maryland","24"
2023-02-04,6,"Maine","23"
2023-02-04,56,"Michigan","26"
2023-02-04,7,"Minnesota","27"
2023-02-04,41,"Missouri","29"
2023-02-04,21,"Mississippi","28"
2023-02-04,2,"Montana","30"
2023-02-04,55,"North Carolina","37"
2023-02-04,16,"North Dakota","38"
2023-02-04,2,"Nebraska","31"
2023-02-04,8,"New Hampshire","33"
2023-02-04,26,"New Jersey","34"
2023-02-04,9,"New Mexico","35"
2023-02-04,11,"Nevada","32"
2023-02-04,104,"New York","36"
2023-02-04,49,"Ohio","39"
2023-02-04,54,"Oklahoma","40"
2023-02-04,7,"Oregon","41"
2023-02-04,180,"Pennsylvania","42"
2023-02-04,1,"Rhode Island","44"
2023-02-04,46,"South Carolina","45"
2023-02-04,9,"South Dakota","46"
2023-02-04,28,"Tennessee","47"
2023-02-04,270,"Texas","48"
2023-02-04,7,"Utah","49"
2023-02-04,64,"Virginia","51"
2023-02-04,0,"Vermont","50"
2023-02-04,47,"Washington","53"
2023-02-04,23,"Wisconsin","55"
2023-02-04,16,"West Virginia","54"
2023-02-04,2,"Wyoming","56"
2023-02-11,2,"Alaska","02"
2023-02-11,30,"Alabama","01"
2023-02-11,25,"Arkansas","05"
2023-02-11,38,"Arizona","04"
2023-02-11,73,"California","06"
2023-02-11,17,"Colorado","08"
2023-02-11,14,"Connecticut","09"
2023-02-11,5,"District of Columbia","11"
2023-02-11,1,"Delaware","10"
2023-02-11,235,"Florida","12"
2023-02-11,75,"Georgia","13"
2023-02-11,4,"Hawaii","15"
2023-02-11,9,"Iowa","19"
2023-02-11,8,"Idaho","16"
2023-02-11,28,"Illinois","17"
2023-02-11,33,"Indiana","18"
2023-02-11,3,"Kansas","20"
2023-02-11,22,"Kentucky","21"
2023-02-11,33,"Louisiana","22"
2023-02-11,39,"Massachusetts","25"
2023-02-11,26,"Maryland","24"
2023-02-11,4,"Maine","23"
2023-02-11,60,"Michigan","26"
2023-02-11,10,"Minnesota","27"
2023-02-11,42,"Missouri","29"
2023-02-11,28,"Mississippi","28"
2023-02-11,6,"Montana","30"
2023-02-11,46,"North Carolina","37"
2023-02-11,10,"North Dakota","38"
2023-02-11,6,"Nebraska","31"
2023-02-11,4,"New Hampshire","33"
2023-02-11,53,"New Jersey","34"
2023-02-11,3,"New Mexico","35"
2023-02-11,12,"Nevada","32"
2023-02-11,87,"New York","36"
2023-02-11,47,"Ohio","39"
2023-02-11,45,"Oklahoma","40"
2023-02-11,4,"Oregon","41"
2023-02-11,194,"Pennsylvania","42"
2023-02-11,2,"Rhode Island","44"
2023-02-11,43,"South Carolina","45"
2023-02-11,16,"South Dakota","46"
2023-02-11,57,"Tennessee","47"
2023-02-11,241,"Texas","48"
2023-02-11,12,"Utah","49"
2023-02-11,57,"Virginia","51"
2023-02-11,2,"Vermont","50"
2023-02-11,31,"Washington","53"
2023-02-11,11,"Wisconsin","55"
2023-02-11,9,"West Virginia","54"
2023-02-11,2,"Wyoming","56"
2023-02-18,5,"Alaska","02"
2023-02-18,29,"Alabama","01"
2023-02-18,30,"Arkansas","05"
2023-02-18,43,"Arizona","04"
2023-02-18,79,"California","06"
2023-02-18,13,"Colorado","08"
2023-02-18,17,"Connecticut","09"
2023-02-18,4,"District of Columbia","11"
2023-02-18,0,"Delaware","10"
2023-02-18,215,"Florida","12"
2023-02-18,60,"Georgia","13"
2023-02-18,5,"Hawaii","15"
2023-02-18,11,"Iowa","19"
2023-02-18,3,"Idaho","16"
2023-02-18,31,"Illinois","17"
2023-02-18,42,"Indiana","18"
2023-02-18,8,"Kansas","20"
2023-02-18,7,"Kentucky","21"
2023-02-18,22,"Louisiana","22"
2023-02-18,21,"Massachusetts","25"
2023-02-18,26,"Maryland","24"
2023-02-18,0,"Maine","23"
2023-02-18,54,"Michigan","26"
2023-02-18,6,"Minnesota","27"
2023-02-18,36,"Missouri","29"
2023-02-18,32,"Mississippi","28"
2023-02-18,3,"Montana","30"
2023-02-18,28,"North Carolina","37"
2023-02-18,9,"North Dakota","38"
2023-02-18,9,"Nebraska","31"
2023-02-18,2,"New Hampshire","33"
2023-02-18,41,"New Jersey","34"
2023-02-18,11,"New Mexico","35"
2023-02-18,3,"Nevada","32"
2023-02-18,55,"New York","36"
2023-02-18,24,"Ohio","39"
2023-02-18,33,"Oklahoma","40"
2023-02-18,6,"Oregon","41"
2023-02-18,168,"Pennsylvania","42"
2023-02-18,2,"Rhode Island","44"
2023-02-18,41,"South Carolina","45"
2023-02-18,4,"South Dakota","46"
2023-02-18,43,"Tennessee","47"
2023-02-18,208,"Texas","48"
2023-02-18,4,"Utah","49"
2023-02-18,61,"Virginia","51"
2023-02-18,2,"Vermont","50"
2023-02-18,38,"Washington","53"
2023-02-18,6,"Wisconsin","55"
2023-02-18,14,"West Virginia","54"
2023-02-18,0,"Wyoming","56"
2023-02-25,2,"Alaska","02"
2023-02-25,15,"Alabama","01"
2023-02-25,33,"Arkansas","05"
2023-02-25,49,"Arizona","04"
2023-02-25,62,"California","06"
2023-02-25,19,"Colorado","08"
2023-02-25,10,"Connecticut","09"
2023-02-25,4,"District of Columbia","11"
2023-02-25,5,"Delaware","10"
2023-02-25,178,"Florida","12"
2023-02-25,54,"Georgia","13"
2023-02-25,1,"Hawaii","15"
2023-02-25,6,"Iowa","19"
2023-02-25,3,"Idaho","16"
2023-02-25,24,"Illinois","17"
2023-02-25,45,"Indiana","18"
2023-02-25,4,"Kansas","20"
2023-02-25,11,"Kentucky","21"
2023-02-25,25,"Louisiana","22"
2023-02-25,15,"Massachusetts","25"
2023-02-25,13,"Maryland","24"
2023-02-25,4,"Maine","23"
2023-02-25,51,"Michigan","26"
2023-02-25,8,"Minnesota","27"
2023-02-25,39,"Missouri","29"
2023-02-25,34,"Mississippi","28"
2023-02-25,6,"Montana","30"
2023-02-25,34,"North Carolina","37"
2023-02-25,5,"North Dakota","38"
2023-02-25,6,"Nebraska","31"
2023-02-25,2,"New Hampshire","33"
2023-02-25,31,"New Jersey","34"
2023-02-25,16,"New Mexico","35"
2023-02-25,4,"Nevada","32"
2023-02-25,49,"New York","36"
2023-02-25,23,"Ohio","39"
2023-02-25,32,"Oklahoma","40"
2023-02-25,5,"Oregon","41"
2023-02-25,169,"Pennsylvania","42"
2023-02-25,1,"Rhode Island","44"
2023-02-25,29,"South Carolina","45"
2023-02-25,7,"South Dakota","46"
2023-02-25,41,"Tennessee","47"
2023-02-25,171,"Texas","48"
2023-02-25,3,"Utah","49"
2023-02-25,57,"Virginia","51"
2023-02-25,1,"Vermont","50"
2023-02-25,58,"Washington","53"
2023-02-25,7,"Wisconsin","55"
2023-02-25,9,"West Virginia","54"
2023-02-25,1,"Wyoming","56"
2023-03-04,4,"Alaska","02"
2023-03-04,17,"Alabama","01"
2023-03-04,23,"Arkansas","05"
2023-03-04,43,"Arizona","04"
2023-03-04,47,"California","06"
2023-03-04,9,"Colorado","08"
2023-03-04,19,"Connecticut","09"
2023-03-04,2,"District of Columbia","11"
2023-03-04,1,"Delaware","10"
2023-03-04,179,"Florida","12"
2023-03-04,51,"Georgia","13"
2023-03-04,3,"Hawaii","15"
2023-03-04,12,"Iowa","19"
2023-03-04,4,"Idaho","16"
2023-03-04,16,"Illinois","17"
2023-03-04,32,"Indiana","18"
2023-03-04,6,"Kansas","20"
2023-03-04,15,"Kentucky","21"
2023-03-04,22,"Louisiana","22"
2023-03-04,18,"Massachusetts","25"
2023-03-04,16,"Maryland","24"
2023-03-04,0,"Maine","23"
2023-03-04,36,"Michigan","26"
2023-03-04,5,"Minnesota","27"
2023-03-04,35,"Missouri","29"
2023-03-04,32,"Mississippi","28"
2023-03-04,3,"Montana","30"
2023-03-04,25,"North Carolina","37"
2023-03-04,5,"North Dakota","38"
2023-03-04,14,"Nebraska","31"
2023-03-04,4,"New Hampshire","33"
2023-03-04,22,"New Jersey","34"
2023-03-04,5,"New Mexico","35"
2023-03-04,3,"Nevada","32"
2023-03-04,56,"New York","36"
2023-03-04,26,"Ohio","39"
2023-03-04,19,"Oklahoma","40"
2023-03-04,6,"Oregon","41"
2023-03-04,176,"Pennsylvania","42"
2023-03-04,0,"Rhode Island","44"
2023-03-04,31,"South Carolina","45"
2023-03-04,15,"South Dakota","46"
2023-03-04,27,"Tennessee","47"
2023-03-04,157,"Texas","48"
2023-03-04,7,"Utah","49"
2023-03-04,40,"Virginia","51"
2023-03-04,5,"Vermont","50"
2023-03-04,47,"Washington","53"
2023-03-04,10,"Wisconsin","55"
2023-03-04,4,"West Virginia","54"
2023-03-04,2,"Wyoming","56"
2023-03-11,1,"Alaska","02"
2023-03-11,22,"Alabama","01"
2023-03-11,15,"Arkansas","05"
2023-03-11,55,"Arizona","04"
2023-03-11,60,"California","06"
2023-03-11,12,"Colorado","08"
2023-03-11,10,"Connecticut","09"
2023-03-11,2,"District of Columbia","11"
2023-03-11,0,"Delaware","10"
2023-03-11,211,"Florida","12"
2023-03-11,54,"Georgia","13"
2023-03-11,4,"Hawaii","15"
2023-03-11,7,"Iowa","19"
2023-03-11,6,"Idaho","16"
2023-03-11,12,"Illinois","17"
2023-03-11,35,"Indiana","18"
2023-03-11,7,"Kansas","20"
2023-03-11,26,"Kentucky","21"
2023-03-11,17,"Louisiana","22"
2023-03-11,20,"Massachusetts","25"
2023-03-11,10,"Maryland","24"
2023-03-11,5,"Maine","23"
2023-03-11,33,"Michigan","26"
2023-03-11,6,"Minnesota","27"
2023-03-11,24,"Missouri","29"
2023-03-11,22,"Mississippi","28"
2023-03-11,2,"Montana","30"
2023-03-11,32,"North Carolina","37"
2023-03-11,11,"North Dakota","38"
2023-03-11,11,"Nebraska","31"
2023-03-11,10,"New Hampshire","33"
2023-03-11,22,"New Jersey","34"
2023-03-11,3,"New Mexico","35"
2023-03-11,6,"Nevada","32"
2023-03-11,67,"New York","36"
2023-03-11,34,"Ohio","39"
2023-03-11,29,"Oklahoma","40"
2023-03-11,9,"Oregon","41"
2023-03-11,154,"Pennsylvania","42"
2023-03-11,1,"Rhode Island","44"
2023-03-11,21,"South Carolina","45"
2023-03-11,16,"South Dakota","46"
2023-03-11,29,"Tennessee","47"
2023-03-11,159,"Texas","48"
2023-03-11,3,"Utah","49"
2023-03-11,60,"Virginia","51"
2023-03-11,2,"Vermont","50"
2023-03-11,28,"Washington","53"
2023-03-11,6,"Wisconsin","55"
2023-03-11,8,"West Virginia","54"
2023-03-11,2,"Wyoming","56"
2023-03-18,3,"Alaska","02"
2023-03-18,19,"Alabama","01"
2023-03-18,18,"Arkansas","05"
2023-03-18,36,"Arizona","04"
2023-03-18,36,"California","06"
2023-03-18,10,"Colorado","08"
2023-03-18,13,"Connecticut","09"
2023-03-18,3,"District of Columbia","11"
2023-03-18,2,"Delaware","10"
2023-03-18,158,"Florida","12"
2023-03-18,62,"Georgia","13"
2023-03-18,1,"Hawaii","15"
2023-03-18,7,"Iowa","19"
2023-03-18,3,"Idaho","16"
2023-03-18,30,"Illinois","17"
2023-03-18,21,"Indiana","18"
2023-03-18,6,"Kansas","20"
2023-03-18,14,"Kentucky","21"
2023-03-18,23,"Louisiana","22"
2023-03-18,19,"Massachusetts","25"
2023-03-18,21,"Maryland","24"
2023-03-18,1,"Maine","23"
2023-03-18,21,"Michigan","26"
2023-03-18,4,"Minnesota","27"
2023-03-18,32,"Missouri","29"
2023-03-18,16,"Mississippi","28"
2023-03-18,1,"Montana","30"
2023-03-18,20,"North Carolina","37"
2023-03-18,0,"North Dakota","38"
2023-03-18,9,"Nebraska","31"
2023-03-18,9,"New Hampshire","33"
2023-03-18,44,"New Jersey","34"
2023-03-18,3,"New Mexico","35"
2023-03-18,8,"Nevada","32"
2023-03-18,106,"New York","36"
2023-03-18,29,"Ohio","39"
2023-03-18,23,"Oklahoma","40"
2023-03-18,3,"Oregon","41"
2023-03-18,154,"Pennsylvania","42"
2023-03-18,2,"Rhode Island","44"
2023-03-18,24,"South Carolina","45"
2023-03-18,20,"South Dakota","46"
2023-03-18,31,"Tennessee","47"
2023-03-18,131,"Texas","48"
2023-03-18,3,"Utah","49"
2023-03-18,50,"Virginia","51"
2023-03-18,4,"Vermont","50"
2023-03-18,28,"Washington","53"
2023-03-18,9,"Wisconsin","55"
2023-03-18,16,"West Virginia","54"
2023-03-18,0,"Wyoming","56"
2023-03-25,1,"Alaska","02"
2023-03-25,27,"Alabama","01"
2023-03-25,27,"Arkansas","05"
2023-03-25,23,"Arizona","04"
2023-03-25,29,"California","06"
2023-03-25,6,"Colorado","08"
2023-03-25,12,"Connecticut","09"
2023-03-25,10,"District of Columbia","11"
2023-03-25,2,"Delaware","10"
2023-03-25,165,"Florida","12"
2023-03-25,53,"Georgia","13"
2023-03-25,7,"Hawaii","15"
2023-03-25,4,"Iowa","19"
2023-03-25,3,"Idaho","16"
2023-03-25,37,"Illinois","17"
2023-03-25,39,"Indiana","18"
2023-03-25,9,"Kansas","20"
2023-03-25,16,"Kentucky","21"
2023-03-25,27,"Louisiana","22"
2023-03-25,13,"Massachusetts","25"
2023-03-25,9,"Maryland","24"
2023-03-25,4,"Maine","23"
2023-03-25,17,"Michigan","26"
2023-03-25,10,"Minnesota","27"
2023-03-25,29,"Missouri","29"
2023-03-25,19,"Mississippi","28"
2023-03-25,1,"Montana","30"
2023-03-25,12,"North Carolina","37"
2023-03-25,0,"North Dakota","38"
2023-03-25,10,"Nebraska","31"
2023-03-25,9,"New Hampshire","33"
2023-03-25,39,"New Jersey","34"
2023-03-25,9,"New Mexico","35"
2023-03-25,4,"Nevada","32"
2023-03-25,75,"New York","36"
2023-03-25,33,"Ohio","39"
2023-03-25,20,"Oklahoma","40"
2023-03-25,4,"Oregon","41"
2023-03-25,105,"Pennsylvania","42"
2023-03-25,0,"Rhode Island","44"
2023-03-25,20,"South Carolina","45"
2023-03-25,13,"South Dakota","46"
2023-03-25,45,"Tennessee","47"
2023-03-25,156,"Texas","48"
2023-03-25,3,"Utah","49"
2023-03-25,50,"Virginia","51"
2023-03-25,0,"Vermont","50"
2023-03-25,32,"Washington","53"
2023-03-25,4,"Wisconsin","55"
2023-03-25,9,"West Virginia","54"
2023-03-25,1,"Wyoming","56"
2023-04-01,2,"Alaska","02"
2023-04-01,17,"Alabama","01"
2023-04-01,15,"Arkansas","05"
2023-04-01,40,"Arizona","04"
2023-04-01,45,"California","06"
2023-04-01,7,"Colorado","08"
2023-04-01,22,"Connecticut","09"
2023-04-01,4,"District of Columbia","11"
2023-04-01,0,"Delaware","10"
2023-04-01,185,"Florida","12"
2023-04-01,49,"Georgia","13"
2023-04-01,3,"Hawaii","15"
2023-04-01,2,"Iowa","19"
2023-04-01,5,"Idaho","16"
2023-04-01,25,"Illinois","17"
2023-04-01,18,"Indiana","18"
2023-04-01,5,"Kansas","20"
2023-04-01,19,"Kentucky","21"
2023-04-01,18,"Louisiana","22"
2023-04-01,11,"Massachusetts","25"
2023-04-01,12,"Maryland","24"
2023-04-01,3,"Maine","23"
2023-04-01,25,"Michigan","26"
2023-04-01,12,"Minnesota","27"
2023-04-01,29,"Missouri","29"
2023-04-01,26,"Mississippi","28"
2023-04-01,0,"Montana","30"
2023-04-01,22,"North Carolina","37"
2023-04-01,7,"North Dakota","38"
2023-04-01,3,"Nebraska","31"
2023-04-01,6,"New Hampshire","33"
2023-04-01,39,"New Jersey","34"
2023-04-01,1,"New Mexico","35"
2023-04-01,4,"Nevada","32"
2023-04-01,78,"New York","36"
2023-04-01,13,"Ohio","39"
2023-04-01,23,"Oklahoma","40"
2023-04-01,5,"Oregon","41"
2023-04-01,65,"Pennsylvania","42"
2023-04-01,0,"Rhode Island","44"
2023-04-01,24,"South Carolina","45"
2023-04-01,13,"South Dakota","46"
2023-04-01,29,"Tennessee","47"
2023-04-01,128,"Texas","48"
2023-04-01,6,"Utah","49"
2023-04-01,54,"Virginia","51"
2023-04-01,0,"Vermont","50"
2023-04-01,26,"Washington","53"
2023-04-01,10,"Wisconsin","55"
2023-04-01,7,"West Virginia","54"
2023-04-01,2,"Wyoming","56"
2023-04-08,2,"Alaska","02"
2023-04-08,16,"Alabama","01"
2023-04-08,17,"Arkansas","05"
2023-04-08,46,"Arizona","04"
2023-04-08,33,"California","06"
2023-04-08,18,"Colorado","08"
2023-04-08,11,"Connecticut","09"
2023-04-08,3,"District of Columbia","11"
2023-04-08,0,"Delaware","10"
2023-04-08,130,"Florida","12"
2023-04-08,29,"Georgia","13"
2023-04-08,1,"Hawaii","15"
2023-04-08,5,"Iowa","19"
2023-04-08,2,"Idaho","16"
2023-04-08,37,"Illinois","17"
2023-04-08,17,"Indiana","18"
2023-04-08,7,"Kansas","20"
2023-04-08,23,"Kentucky","21"
2023-04-08,14,"Louisiana","22"
2023-04-08,10,"Massachusetts","25"
2023-04-08,13,"Maryland","24"
2023-04-08,0,"Maine","23"
2023-04-08,16,"Michigan","26"
2023-04-08,12,"Minnesota","27"
2023-04-08,18,"Missouri","29"
2023-04-08,16,"Mississippi","28"
2023-04-08,0,"Montana","30"
2023-04-08,25,"North Carolina","37"
2023-04-08,5,"North Dakota","38"
2023-04-08,6,"Nebraska","31"
2023-04-08,0,"New Hampshire","33"
2023-04-08,45,"New Jersey","34"
2023-04-08,4,"New Mexico","35"
2023-04-08,8,"Nevada","32"
2023-04-08,75,"New York","36"
2023-04-08,25,"Ohio","39"
2023-04-08,19,"Oklahoma","40"
2023-04-08,3,"Oregon","41"
2023-04-08,66,"Pennsylvania","42"
2023-04-08,1,"Rhode Island","44"
2023-04-08,22,"South Carolina","45"
2023-04-08,5,"South Dakota","46"
2023-04-08,25,"Tennessee","47"
2023-04-08,126,"Texas","48"
2023-04-08,3,"Utah","49"
2023-04-08,35,"Virginia","51"
2023-04-08,1,"Vermont","50"
2023-04-08,27,"Washington","53"
2023-04-08,9,"Wisconsin","55"
2023-04-08,7,"West Virginia","54"
2023-04-08,3,"Wyoming","56"
2023-04-15,1,"Alaska","02"
2023-04-15,20,"Alabama","01"
2023-04-15,8,"Arkansas","05"
2023-04-15,37,"Arizona","04"
2023-04-15,37,"California","06"
2023-04-15,12,"Colorado","08"
2023-04-15,8,"Connecticut","09"
2023-04-15,3,"District of Columbia","11"
2023-04-15,0,"Delaware","10"
2023-04-15,152,"Florida","12"
2023-04-15,44,"Georgia","13"
2023-04-15,2,"Hawaii","15"
2023-04-15,0,"Iowa","19"
2023-04-15,3,"Idaho","16"
2023-04-15,25,"Illinois","17"
2023-04-15,10,"Indiana","18"
2023-04-15,2,"Kansas","20"
2023-04-15,12,"Kentucky","21"
2023-04-15,21,"Louisiana","22"
2023-04-15,9,"Massachusetts","25"
2023-04-15,10,"Maryland","24"
2023-04-15,5,"Maine","23"
2023-04-15,8,"Michigan","26"
2023-04-15,8,"Minnesota","27"
2023-04-15,19,"Missouri","29"
2023-04-15,33,"Mississippi","28"
2023-04-15,2,"Montana","30"
2023-04-15,13,"North Carolina","37"
2023-04-15,3,"North Dakota","38"
2023-04-15,7,"Nebraska","31"
2023-04-15,1,"New Hampshire","33"
2023-04-15,35,"New Jersey","34"
2023-04-15,8,"New Mexico","35"
2023-04-15,0,"Nevada","32"
2023-04-15,47,"New York","36"
2023-04-15,18,"Ohio","39"
2023-04-15,15,"Oklahoma","40"
2023-04-15,1,"Oregon","41"
2023-04-15,82,"Pennsylvania","42"
2023-04-15,1,"Rhode Island","44"
2023-04-15,21,"South Carolina","45"
2023-04-15,4,"South Dakota","46"
2023-04-15,22,"Tennessee","47"
2023-04-15,102,"Texas","48"
2023-04-15,6,"Utah","49"
2023-04-15,45,"Virginia","51"
2023-04-15,0,"Vermont","50"
2023-04-15,18,"Washington","53"
2023-04-15,5,"Wisconsin","55"
2023-04-15,4,"West Virginia","54"
2023-04-15,0,"Wyoming","56"
2023-04-22,0,"Alaska","02"
2023-04-22,11,"Alabama","01"
2023-04-22,11,"Arkansas","05"
2023-04-22,41,"Arizona","04"
2023-04-22,26,"California","06"
2023-04-22,9,"Colorado","08"
2023-04-22,9,"Connecticut","09"
2023-04-22,1,"District of Columbia","11"
2023-04-22,1,"Delaware","10"
2023-04-22,137,"Florida","12"
2023-04-22,43,"Georgia","13"
2023-04-22,1,"Hawaii","15"
2023-04-22,12,"Iowa","19"
2023-04-22,7,"Idaho","16"
2023-04-22,19,"Illinois","17"
2023-04-22,18,"Indiana","18"
2023-04-22,2,"Kansas","20"
2023-04-22,4,"Kentucky","21"
2023-04-22,20,"Louisiana","22"
2023-04-22,9,"Massachusetts","25"
2023-04-22,10,"Maryland","24"
2023-04-22,0,"Maine","23"
2023-04-22,7,"Michigan","26"
2023-04-22,12,"Minnesota","27"
2023-04-22,26,"Missouri","29"
2023-04-22,16,"Mississippi","28"
2023-04-22,0,"Montana","30"
2023-04-22,10,"North Carolina","37"
2023-04-22,5,"North Dakota","38"
2023-04-22,4,"Nebraska","31"
2023-04-22,2,"New Hampshire","33"
2023-04-22,13,"New Jersey","34"
2023-04-22,2,"New Mexico","35"
2023-04-22,4,"Nevada","32"
2023-04-22,37,"New York","36"
2023-04-22,19,"Ohio","39"
2023-04-22,21,"Oklahoma","40"
2023-04-22,5,"Oregon","41"
2023-04-22,80,"Pennsylvania","42"
2023-04-22,1,"Rhode Island","44"
2023-04-22,27,"South Carolina","45"
2023-04-22,4,"South Dakota","46"
2023-04-22,18,"Tennessee","47"
2023-04-22,110,"Texas","48"
2023-04-22,0,"Utah","49"
2023-04-22,31,"Virginia","51"
2023-04-22,2,"Vermont","50"
2023-04-22,14,"Washington","53"
2023-04-22,0,"Wisconsin","55"
2023-04-22,5,"West Virginia","54"
2023-04-22,1,"Wyoming","56"
2023-04-29,5,"Alaska","02"
2023-04-29,4,"Alabama","01"
2023-04-29,9,"Arkansas","05"
2023-04-29,34,"Arizona","04"
2023-04-29,22,"California","06"
2023-04-29,7,"Colorado","08"
2023-04-29,7,"Connecticut","09"
2023-04-29,0,"District of Columbia","11"
2023-04-29,0,"Delaware","10"
2023-04-29,128,"Florida","12"
2023-04-29,33,"Georgia","13"
2023-04-29,0,"Hawaii","15"
2023-04-29,5,"Iowa","19"
2023-04-29,5,"Idaho","16"
2023-04-29,24,"Illinois","17"
2023-04-29,21,"Indiana","18"
2023-04-29,2,"Kansas","20"
2023-04-29,16,"Kentucky","21"
2023-04-29,10,"Louisiana","22"
2023-04-29,10,"Massachusetts","25"
2023-04-29,15,"Maryland","24"
2023-04-29,2,"Maine","23"
2023-04-29,17,"Michigan","26"
2023-04-29,19,"Minnesota","27"
2023-04-29,27,"Missouri","29"
2023-04-29,21,"Mississippi","28"
2023-04-29,0,"Montana","30"
2023-04-29,7,"North Carolina","37"
2023-04-29,7,"North Dakota","38"
2023-04-29,2,"Nebraska","31"
2023-04-29,3,"New Hampshire","33"
2023-04-29,21,"New Jersey","34"
2023-04-29,1,"New Mexico","35"
2023-04-29,7,"Nevada","32"
2023-04-29,52,"New York","36"
2023-04-29,17,"Ohio","39"
2023-04-29,10,"Oklahoma","40"
2023-04-29,2,"Oregon","41"
2023-04-29,47,"Pennsylvania","42"
2023-04-29,0,"Rhode Island","44"
2023-04-29,17,"South Carolina","45"
2023-04-29,7,"South Dakota","46"
2023-04-29,24,"Tennessee","47"
2023-04-29,197,"Texas","48"
2023-04-29,4,"Utah","49"
2023-04-29,52,"Virginia","51"
2023-04-29,0,"Vermont","50"
2023-04-29,13,"Washington","53"
2023-04-29,7,"Wisconsin","55"
2023-04-29,4,"West Virginia","54"
2023-04-29,2,"Wyoming","56"
2023-05-06,1,"Alaska","02"
2023-05-06,14,"Alabama","01"
2023-05-06,12,"Arkansas","05"
2023-05-06,55,"Arizona","04"
2023-05-06,33,"California","06"
2023-05-06,7,"Colorado","08"
2023-05-06,6,"Connecticut","09"
2023-05-06,2,"District of Columbia","11"
2023-05-06,1,"Delaware","10"
2023-05-06,132,"Florida","12"
2023-05-06,50,"Georgia","13"
2023-05-06,1,"Hawaii","15"
2023-05-06,5,"Iowa","19"
2023-05-06,9,"Idaho","16"
2023-05-06,30,"Illinois","17"
2023-05-06,18,"Indiana","18"
2023-05-06,2,"Kansas","20"
2023-05-06,15,"Kentucky","21"
2023-05-06,18,"Louisiana","22"
2023-05-06,18,"Massachusetts","25"
2023-05-06,11,"Maryland","24"
2023-05-06,4,"Maine","23"
2023-05-06,17,"Michigan","26"
2023-05-06,13,"Minnesota","27"
2023-05-06,21,"Missouri","29"
2023-05-06,24,"Mississippi","28"
2023-05-06,0,"Montana","30"
2023-05-06,16,"North Carolina","37"
2023-05-06,2,"North Dakota","38"
2023-05-06,4,"Nebraska","31"
2023-05-06,1,"New Hampshire","33"
2023-05-06,21,"New Jersey","34"
2023-05-06,1,"New Mexico","35"
2023-05-06,6,"Nevada","32"
2023-05-06,54,"New York","36"
2023-05-06,17,"Ohio","39"
2023-05-06,15,"Oklahoma","40"
2023-05-06,0,"Oregon","41"
2023-05-06,62,"Pennsylvania","42"
2023-05-06,4,"Rhode Island","44"
2023-05-06,23,"South Carolina","45"
2023-05-06,7,"South Dakota","46"
2023-05-06,15,"Tennessee","47"
2023-05-06,99,"Texas","48"
2023-05-06,6,"Utah","49"
2023-05-06,44,"Virginia","51"
2023-05-06,0,"Vermont","50"
2023-05-06,10,"Washington","53"
2023-05-06,5,"Wisconsin","55"
2023-05-06,5,"West Virginia","54"
2023-05-06,1,"Wyoming","56"
2023-05-13,0,"Alaska","02"
2023-05-13,10,"Alabama","01"
2023-05-13,9,"Arkansas","05"
2023-05-13,55,"Arizona","04"
2023-05-13,24,"California","06"
2023-05-13,9,"Colorado","08"
2023-05-13,9,"Connecticut","09"
2023-05-13,2,"District of Columbia","11"
2023-05-13,0,"Delaware","10"
2023-05-13,140,"Florida","12"
2023-05-13,30,"Georgia","13"
2023-05-13,3,"Hawaii","15"
2023-05-13,3,"Iowa","19"
2023-05-13,1,"Idaho","16"
2023-05-13,25,"Illinois","17"
2023-05-13,19,"Indiana","18"
2023-05-13,4,"Kansas","20"
2023-05-13,11,"Kentucky","21"
2023-05-13,17,"Louisiana","22"
2023-05-13,13,"Massachusetts","25"
2023-05-13,5,"Maryland","24"
2023-05-13,5,"Maine","23"
2023-05-13,13,"Michigan","26"
2023-05-13,8,"Minnesota","27"
2023-05-13,22,"Missouri","29"
2023-05-13,22,"Mississippi","28"
2023-05-13,2,"Montana","30"
2023-05-13,11,"North Carolina","37"
2023-05-13,13,"North Dakota","38"
2023-05-13,2,"Nebraska","31"
2023-05-13,0,"New Hampshire","33"
2023-05-13,15,"New Jersey","34"
2023-05-13,4,"New Mexico","35"
2023-05-13,3,"Nevada","32"
2023-05-13,50,"New York","36"
2023-05-13,218,"Ohio","39"
2023-05-13,23,"Oklahoma","40"
2023-05-13,2,"Oregon","41"
2023-05-13,54,"Pennsylvania","42"
2023-05-13,0,"Rhode Island","44"
2023-05-13,21,"South Carolina","45"
2023-05-13,3,"South Dakota","46"
2023-05-13,14,"Tennessee","47"
2023-05-13,97,"Texas","48"
2023-05-13,4,"Utah","49"
2023-05-13,35,"Virginia","51"
2023-05-13,2,"Vermont","50"
2023-05-13,13,"Washington","53"
2023-05-13,2,"Wisconsin","55"
2023-05-13,9,"West Virginia","54"
2023-05-13,1,"Wyoming","56"
2023-05-20,0,"Alaska","02"
2023-05-20,11,"Alabama","01"
2023-05-20,14,"Arkansas","05"
2023-05-20,65,"Arizona","04"
2023-05-20,23,"California","06"
2023-05-20,10,"Colorado","08"
2023-05-20,12,"Connecticut","09"
2023-05-20,6,"District of Columbia","11"
2023-05-20,0,"Delaware","10"
2023-05-20,141,"Florida","12"
2023-05-20,37,"Georgia","13"
2023-05-20,0,"Hawaii","15"
2023-05-20,4,"Iowa","19"
2023-05-20,2,"Idaho","16"
2023-05-20,37,"Illinois","17"
2023-05-20,16,"Indiana","18"
2023-05-20,3,"Kansas","20"
2023-05-20,11,"Kentucky","21"
2023-05-20,11,"Louisiana","22"
2023-05-20,10,"Massachusetts","25"
2023-05-20,6,"Maryland","24"
2023-05-20,2,"Maine","23"
2023-05-20,18,"Michigan","26"
2023-05-20,3,"Minnesota","27"
2023-05-20,8,"Missouri","29"
2023-05-20,20,"Mississippi","28"
2023-05-20,3,"Montana","30"
2023-05-20,5,"North Carolina","37"
2023-05-20,3,"North Dakota","38"
2023-05-20,7,"Nebraska","31"
2023-05-20,4,"New Hampshire","33"
2023-05-20,20,"New Jersey","34"
2023-05-20,3,"New Mexico","35"
2023-05-20,6,"Nevada","32"
2023-05-20,61,"New York","36"
2023-05-20,14,"Ohio","39"
2023-05-20,20,"Oklahoma","40"
2023-05-20,3,"Oregon","41"
2023-05-20,57,"Pennsylvania","42"
2023-05-20,3,"Rhode Island","44"
2023-05-20,17,"South Carolina","45"
2023-05-20,3,"South Dakota","46"
2023-05-20,27,"Tennessee","47"
2023-05-20,106,"Texas","48"
2023-05-20,5,"Utah","49"
2023-05-20,50,"Virginia","51"
2023-05-20,0,"Vermont","50"
2023-05-20,15,"Washington","53"
2023-05-20,2,"Wisconsin","55"
2023-05-20,10,"West Virginia","54"
2023-05-20,0,"Wyoming","56"
2023-05-27,3,"Alaska","02"
2023-05-27,25,"Alabama","01"
2023-05-27,6,"Arkansas","05"
2023-05-27,65,"Arizona","04"
2023-05-27,48,"California","06"
2023-05-27,5,"Colorado","08"
2023-05-27,4,"Connecticut","09"
2023-05-27,3,"District of Columbia","11"
2023-05-27,3,"Delaware","10"
2023-05-27,148,"Florida","12"
2023-05-27,46,"Georgia","13"
2023-05-27,4,"Hawaii","15"
2023-05-27,0,"Iowa","19"
2023-05-27,2,"Idaho","16"
2023-05-27,22,"Illinois","17"
2023-05-27,15,"Indiana","18"
2023-05-27,4,"Kansas","20"
2023-05-27,5,"Kentucky","21"
2023-05-27,14,"Louisiana","22"
2023-05-27,9,"Massachusetts","25"
2023-05-27,8,"Maryland","24"
2023-05-27,3,"Maine","23"
2023-05-27,14,"Michigan","26"
2023-05-27,1,"Minnesota","27"
2023-05-27,8,"Missouri","29"
2023-05-27,10,"Mississippi","28"
2023-05-27,0,"Montana","30"
2023-05-27,14,"North Carolina","37"
2023-05-27,1,"North Dakota","38"
2023-05-27,3,"Nebraska","31"
2023-05-27,1,"New Hampshire","33"
2023-05-27,25,"New Jersey","34"
2023-05-27,2,"New Mexico","35"
2023-05-27,6,"Nevada","32"
2023-05-27,46,"New York","36"
2023-05-27,10,"Ohio","39"
2023-05-27,12,"Oklahoma","40"
2023-05-27,3,"Oregon","41"
2023-05-27,66,"Pennsylvania","42"
2023-05-27,1,"Rhode Island","44"
2023-05-27,26,"South Carolina","45"
2023-05-27,4,"South Dakota","46"
2023-05-27,20,"Tennessee","47"
2023-05-27,83,"Texas","48"
2023-05-27,1,"Utah","49"
2023-05-27,36,"Virginia","51"
2023-05-27,0,"Vermont","50"
2023-05-27,17,"Washington","53"
2023-05-27,7,"Wisconsin","55"
2023-05-27,5,"West Virginia","54"
2023-05-27,1,"Wyoming","56"
2023-06-03,2,"Alaska","02"
2023-06-03,14,"Alabama","01"
2023-06-03,1,"Arkansas","05"
2023-06-03,61,"Arizona","04"
2023-06-03,43,"California","06"
2023-06-03,3,"Colorado","08"
2023-06-03,6,"Connecticut","09"
2023-06-03,1,"District of Columbia","11"
2023-06-03,0,"Delaware","10"
2023-06-03,166,"Florida","12"
2023-06-03,55,"Georgia","13"
2023-06-03,6,"Hawaii","15"
2023-06-03,4,"Iowa","19"
2023-06-03,1,"Idaho","16"
2023-06-03,21,"Illinois","17"
2023-06-03,13,"Indiana","18"
2023-06-03,13,"Kansas","20"
2023-06-03,5,"Kentucky","21"
2023-06-03,14,"Louisiana","22"
2023-06-03,11,"Massachusetts","25"
2023-06-03,5,"Maryland","24"
2023-06-03,1,"Maine","23"
2023-06-03,14,"Michigan","26"
2023-06-03,5,"Minnesota","27"
2023-06-03,18,"Missouri","29"
2023-06-03,17,"Mississippi","28"
2023-06-03,2,"Montana","30"
2023-06-03,12,"North Carolina","37"
2023-06-03,3,"North Dakota","38"
2023-06-03,1,"Nebraska","31"
2023-06-03,0,"New Hampshire","33"
2023-06-03,13,"New Jersey","34"
2023-06-03,1,"New Mexico","35"
2023-06-03,11,"Nevada","32"
2023-06-03,39,"New York","36"
2023-06-03,11,"Ohio","39"
2023-06-03,10,"Oklahoma","40"
2023-06-03,6,"Oregon","41"
2023-06-03,60,"Pennsylvania","42"
2023-06-03,1,"Rhode Island","44"
2023-06-03,21,"South Carolina","45"
2023-06-03,2,"South Dakota","46"
2023-06-03,27,"Tennessee","47"
2023-06-03,75,"Texas","48"
2023-06-03,1,"Utah","49"
2023-06-03,27,"Virginia","51"
2023-06-03,0,"Vermont","50"
2023-06-03,28,"Washington","53"
2023-06-03,11,"Wisconsin","55"
2023-06-03,8,"West Virginia","54"
2023-06-03,1,"Wyoming","56"
2023-06-10,6,"Alaska","02"
2023-06-10,5,"Alabama","01"
2023-06-10,5,"Arkansas","05"
2023-06-10,50,"Arizona","04"
2023-06-10,36,"California","06"
2023-06-10,6,"Colorado","08"
2023-06-10,6,"Connecticut","09"
2023-06-10,1,"District of Columbia","11"
2023-06-10,0,"Delaware","10"
2023-06-10,148,"Florida","12"
2023-06-10,41,"Georgia","13"
2023-06-10,8,"Hawaii","15"
2023-06-10,2,"Iowa","19"
2023-06-10,6,"Idaho","16"
2023-06-10,20,"Illinois","17"
2023-06-10,13,"Indiana","18"
2023-06-10,2,"Kansas","20"
2023-06-10,8,"Kentucky","21"
2023-06-10,10,"Louisiana","22"
2023-06-10,12,"Massachusetts","25"
2023-06-10,2,"Maryland","24"
2023-06-10,0,"Maine","23"
2023-06-10,20,"Michigan","26"
2023-06-10,8,"Minnesota","27"
2023-06-10,10,"Missouri","29"
2023-06-10,14,"Mississippi","28"
2023-06-10,2,"Montana","30"
2023-06-10,18,"North Carolina","37"
2023-06-10,2,"North Dakota","38"
2023-06-10,1,"Nebraska","31"
2023-06-10,2,"New Hampshire","33"
2023-06-10,9,"New Jersey","34"
2023-06-10,1,"New Mexico","35"
2023-06-10,8,"Nevada","32"
2023-06-10,37,"New York","36"
2023-06-10,11,"Ohio","39"
2023-06-10,15,"Oklahoma","40"
2023-06-10,2,"Oregon","41"
2023-06-10,56,"Pennsylvania","42"
2023-06-10,2,"Rhode Island","44"
2023-06-10,23,"South Carolina","45"
2023-06-10,2,"South Dakota","46"
2023-06-10,31,"Tennessee","47"
2023-06-10,100,"Texas","48"
2023-06-10,4,"Utah","49"
2023-06-10,27,"Virginia","51"
2023-06-10,0,"Vermont","50"
2023-06-10,19,"Washington","53"
2023-06-10,4,"Wisconsin","55"
2023-06-10,6,"West Virginia","54"
2023-06-10,1,"Wyoming","56"
2023-06-17,0,"Alaska","02"
2023-06-17,11,"Alabama","01"
2023-06-17,12,"Arkansas","05"
2023-06-17,48,"Arizona","04"
2023-06-17,27,"California","06"
2023-06-17,3,"Colorado","08"
2023-06-17,6,"Connecticut","09"
2023-06-17,2,"District of Columbia","11"
2023-06-17,0,"Delaware","10"
2023-06-17,165,"Florida","12"
2023-06-17,38,"Georgia","13"
2023-06-17,9,"Hawaii","15"
2023-06-17,1,"Iowa","19"
2023-06-17,1,"Idaho","16"
2023-06-17,13,"Illinois","17"
2023-06-17,5,"Indiana","18"
2023-06-17,2,"Kansas","20"
2023-06-17,6,"Kentucky","21"
2023-06-17,8,"Louisiana","22"
2023-06-17,4,"Massachusetts","25"
2023-06-17,8,"Maryland","24"
2023-06-17,1,"Maine","23"
2023-06-17,14,"Michigan","26"
2023-06-17,2,"Minnesota","27"
2023-06-17,12,"Missouri","29"
2023-06-17,13,"Mississippi","28"
2023-06-17,1,"Montana","30"
2023-06-17,16,"North Carolina","37"
2023-06-17,1,"North Dakota","38"
2023-06-17,1,"Nebraska","31"
2023-06-17,0,"New Hampshire","33"
2023-06-17,12,"New Jersey","34"
2023-06-17,1,"New Mexico","35"
2023-06-17,8,"Nevada","32"
2023-06-17,36,"New York","36"
2023-06-17,14,"Ohio","39"
2023-06-17,9,"Oklahoma","40"
2023-06-17,5,"Oregon","41"
2023-06-17,49,"Pennsylvania","42"
2023-06-17,0,"Rhode Island","44"
2023-06-17,23,"South Carolina","45"
2023-06-17,0,"South Dakota","46"
2023-06-17,13,"Tennessee","47"
2023-06-17,109,"Texas","48"
2023-06-17,3,"Utah","49"
2023-06-17,22,"Virginia","51"
2023-06-17,0,"Vermont","50"
2023-06-17,17,"Washington","53"
2023-06-17,1,"Wisconsin","55"
2023-06-17,2,"West Virginia","54"
2023-06-17,1,"Wyoming","56"
2023-06-24,4,"Alaska","02"
2023-06-24,11,"Alabama","01"
2023-06-24,6,"Arkansas","05"
2023-06-24,29,"Arizona","04"
2023-06-24,49,"California","06"
2023-06-24,7,"Colorado","08"
2023-06-24,6,"Connecticut","09"
2023-06-24,1,"District of Columbia","11"
2023-06-24,0,"Delaware","10"
2023-06-24,158,"Florida","12"
2023-06-24,38,"Georgia","13"
2023-06-24,10,"Hawaii","15"
2023-06-24,2,"Iowa","19"
2023-06-24,7,"Idaho","16"
2023-06-24,8,"Illinois","17"
2023-06-24,9,"Indiana","18"
2023-06-24,3,"Kansas","20"
2023-06-24,5,"Kentucky","21"
2023-06-24,16,"Louisiana","22"
2023-06-24,7,"Massachusetts","25"
2023-06-24,0,"Maryland","24"
2023-06-24,2,"Maine","23"
2023-06-24,9,"Michigan","26"
2023-06-24,0,"Minnesota","27"
2023-06-24,7,"Missouri","29"
2023-06-24,15,"Mississippi","28"
2023-06-24,1,"Montana","30"
2023-06-24,17,"North Carolina","37"
2023-06-24,1,"North Dakota","38"
2023-06-24,1,"Nebraska","31"
2023-06-24,1,"New Hampshire","33"
2023-06-24,6,"New Jersey","34"
2023-06-24,0,"New Mexico","35"
2023-06-24,7,"Nevada","32"
2023-06-24,29,"New York","36"
2023-06-24,37,"Ohio","39"
2023-06-24,13,"Oklahoma","40"
2023-06-24,1,"Oregon","41"
2023-06-24,47,"Pennsylvania","42"
2023-06-24,1,"Rhode Island","44"
2023-06-24,20,"South Carolina","45"
2023-06-24,2,"South Dakota","46"
2023-06-24,24,"Tennessee","47"
2023-06-24,87,"Texas","48"
2023-06-24,3,"Utah","49"
2023-06-24,39,"Virginia","51"
2023-06-24,1,"Vermont","50"
2023-06-24,19,"Washington","53"
2023-06-24,5,"Wisconsin","55"
2023-06-24,3,"West Virginia","54"
2023-06-24,9,"Wyoming","56"
2023-07-01,2,"Alaska","02"
2023-07-01,3,"Alabama","01"
2023-07-01,4,"Arkansas","05"
2023-07-01,34,"Arizona","04"
2023-07-01,26,"California","06"
2023-07-01,3,"Colorado","08"
2023-07-01,1,"Connecticut","09"
2023-07-01,2,"District of Columbia","11"
2023-07-01,0,"Delaware","10"
2023-07-01,144,"Florida","12"
2023-07-01,23,"Georgia","13"
2023-07-01,8,"Hawaii","15"
2023-07-01,2,"Iowa","19"
2023-07-01,3,"Idaho","16"
2023-07-01,11,"Illinois","17"
2023-07-01,2,"Indiana","18"
2023-07-01,1,"Kansas","20"
2023-07-01,8,"Kentucky","21"
2023-07-01,13,"Louisiana","22"
2023-07-01,3,"Massachusetts","25"
2023-07-01,3,"Maryland","24"
2023-07-01,3,"Maine","23"
2023-07-01,5,"Michigan","26"
2023-07-01,1,"Minnesota","27"
2023-07-01,3,"Missouri","29"
2023-07-01,14,"Mississippi","28"
2023-07-01,0,"Montana","30"
2023-07-01,10,"North Carolina","37"
2023-07-01,2,"North Dakota","38"
2023-07-01,1,"Nebraska","31"
2023-07-01,0,"New Hampshire","33"
2023-07-01,16,"New Jersey","34"
2023-07-01,1,"New Mexico","35"
2023-07-01,6,"Nevada","32"
2023-07-01,23,"New York","36"
2023-07-01,37,"Ohio","39"
2023-07-01,12,"Oklahoma","40"
2023-07-01,2,"Oregon","41"
2023-07-01,46,"Pennsylvania","42"
2023-07-01,2,"Rhode Island","44"
2023-07-01,14,"South Carolina","45"
2023-07-01,3,"South Dakota","46"
2023-07-01,21,"Tennessee","47"
2023-07-01,79,"Texas","48"
2023-07-01,1,"Utah","49"
2023-07-01,39,"Virginia","51"
2023-07-01,0,"Vermont","50"
2023-07-01,18,"Washington","53"
2023-07-01,4,"Wisconsin","55"
2023-07-01,0,"West Virginia","54"
2023-07-01,1,"Wyoming","56"
2023-07-08,2,"Alaska","02"
2023-07-08,14,"Alabama","01"
2023-07-08,8,"Arkansas","05"
2023-07-08,28,"Arizona","04"
2023-07-08,54,"California","06"
2023-07-08,8,"Colorado","08"
2023-07-08,2,"Connecticut","09"
2023-07-08,2,"District of Columbia","11"
2023-07-08,0,"Delaware","10"
2023-07-08,138,"Florida","12"
2023-07-08,18,"Georgia","13"
2023-07-08,6,"Hawaii","15"
2023-07-08,0,"Iowa","19"
2023-07-08,3,"Idaho","16"
2023-07-08,10,"Illinois","17"
2023-07-08,2,"Indiana","18"
2023-07-08,3,"Kansas","20"
2023-07-08,6,"Kentucky","21"
2023-07-08,6,"Louisiana","22"
2023-07-08,7,"Massachusetts","25"
2023-07-08,5,"Maryland","24"
2023-07-08,0,"Maine","23"
2023-07-08,3,"Michigan","26"
2023-07-08,0,"Minnesota","27"
2023-07-08,13,"Missouri","29"
2023-07-08,14,"Mississippi","28"
2023-07-08,1,"Montana","30"
2023-07-08,13,"North Carolina","37"
2023-07-08,1,"North Dakota","38"
2023-07-08,0,"Nebraska","31"
2023-07-08,1,"New Hampshire","33"
2023-07-08,7,"New Jersey","34"
2023-07-08,0,"New Mexico","35"
2023-07-08,10,"Nevada","32"
2023-07-08,17,"New York","36"
2023-07-08,40,"Ohio","39"
2023-07-08,8,"Oklahoma","40"
2023-07-08,5,"Oregon","41"
2023-07-08,41,"Pennsylvania","42"
2023-07-08,0,"Rhode Island","44"
2023-07-08,18,"South Carolina","45"
2023-07-08,0,"South Dakota","46"
2023-07-08,23,"Tennessee","47"
2023-07-08,96,"Texas","48"
2023-07-08,3,"Utah","49"
2023-07-08,30,"Virginia","51"
2023-07-08,0,"Vermont","50"
2023-07-08,19,"Washington","53"
2023-07-08,8,"Wisconsin","55"
2023-07-08,1,"West Virginia","54"
2023-07-08,0,"Wyoming","56"
2023-07-15,1,"Alaska","02"
2023-07-15,15,"Alabama","01"
2023-07-15,6,"Arkansas","05"
2023-07-15,13,"Arizona","04"
2023-07-15,39,"California","06"
2023-07-15,4,"Colorado","08"
2023-07-15,3,"Connecticut","09"
2023-07-15,1,"District of Columbia","11"
2023-07-15,2,"Delaware","10"
2023-07-15,110,"Florida","12"
2023-07-15,17,"Georgia","13"
2023-07-15,4,"Hawaii","15"
2023-07-15,2,"Iowa","19"
2023-07-15,1,"Idaho","16"
2023-07-15,12,"Illinois","17"
2023-07-15,4,"Indiana","18"
2023-07-15,0,"Kansas","20"
2023-07-15,3,"Kentucky","21"
2023-07-15,7,"Louisiana","22"
2023-07-15,10,"Massachusetts","25"
2023-07-15,4,"Maryland","24"
2023-07-15,1,"Maine","23"
2023-07-15,3,"Michigan","26"
2023-07-15,0,"Minnesota","27"
2023-07-15,20,"Missouri","29"
2023-07-15,10,"Mississippi","28"
2023-07-15,0,"Montana","30"
2023-07-15,5,"North Carolina","37"
2023-07-15,1,"North Dakota","38"
2023-07-15,1,"Nebraska","31"
2023-07-15,0,"New Hampshire","33"
2023-07-15,16,"New Jersey","34"
2023-07-15,1,"New Mexico","35"
2023-07-15,7,"Nevada","32"
2023-07-15,28,"New York","36"
2023-07-15,33,"Ohio","39"
2023-07-15,13,"Oklahoma","40"
2023-07-15,3,"Oregon","41"
2023-07-15,37,"Pennsylvania","42"
2023-07-15,0,"Rhode Island","44"
2023-07-15,16,"South Carolina","45"
2023-07-15,0,"South Dakota","46"
2023-07-15,23,"Tennessee","47"
2023-07-15,86,"Texas","48"
2023-07-15,0,"Utah","49"
2023-07-15,22,"Virginia","51"
2023-07-15,0,"Vermont","50"
2023-07-15,18,"Washington","53"
2023-07-15,9,"Wisconsin","55"
2023-07-15,0,"West Virginia","54"
2023-07-15,0,"Wyoming","56"
2023-07-22,0,"Alaska","02"
2023-07-22,30,"Alabama","01"
2023-07-22,5,"Arkansas","05"
2023-07-22,15,"Arizona","04"
2023-07-22,37,"California","06"
2023-07-22,3,"Colorado","08"
2023-07-22,5,"Connecticut","09"
2023-07-22,1,"District of Columbia","11"
2023-07-22,0,"Delaware","10"
2023-07-22,132,"Florida","12"
2023-07-22,16,"Georgia","13"
2023-07-22,4,"Hawaii","15"
2023-07-22,0,"Iowa","19"
2023-07-22,3,"Idaho","16"
2023-07-22,10,"Illinois","17"
2023-07-22,4,"Indiana","18"
2023-07-22,2,"Kansas","20"
2023-07-22,9,"Kentucky","21"
2023-07-22,12,"Louisiana","22"
2023-07-22,4,"Massachusetts","25"
2023-07-22,14,"Maryland","24"
2023-07-22,3,"Maine","23"
2023-07-22,4,"Michigan","26"
2023-07-22,3,"Minnesota","27"
2023-07-22,10,"Missouri","29"
2023-07-22,17,"Mississippi","28"
2023-07-22,0,"Montana","30"
2023-07-22,9,"North Carolina","37"
2023-07-22,1,"North Dakota","38"
2023-07-22,1,"Nebraska","31"
2023-07-22,1,"New Hampshire","33"
2023-07-22,8,"New Jersey","34"
2023-07-22,0,"New Mexico","35"
2023-07-22,4,"Nevada","32"
2023-07-22,19,"New York","36"
2023-07-22,117,"Ohio","39"
2023-07-22,14,"Oklahoma","40"
2023-07-22,2,"Oregon","41"
2023-07-22,36,"Pennsylvania","42"
2023-07-22,0,"Rhode Island","44"
2023-07-22,20,"South Carolina","45"
2023-07-22,0,"South Dakota","46"
2023-07-22,16,"Tennessee","47"
2023-07-22,92,"Texas","48"
2023-07-22,1,"Utah","49"
2023-07-22,19,"Virginia","51"
2023-07-22,0,"Vermont","50"
2023-07-22,18,"Washington","53"
2023-07-22,2,"Wisconsin","55"
2023-07-22,3,"West Virginia","54"
2023-07-22,2,"Wyoming","56"
2023-07-29,2,"Alaska","02"
2023-07-29,13,"Alabama","01"
2023-07-29,11,"Arkansas","05"
2023-07-29,11,"Arizona","04"
2023-07-29,43,"California","06"
2023-07-29,3,"Colorado","08"
2023-07-29,4,"Connecticut","09"
2023-07-29,0,"District of Columbia","11"
2023-07-29,0,"Delaware","10"
2023-07-29,131,"Florida","12"
2023-07-29,19,"Georgia","13"
2023-07-29,6,"Hawaii","15"
2023-07-29,1,"Iowa","19"
2023-07-29,2,"Idaho","16"
2023-07-29,12,"Illinois","17"
2023-07-29,7,"Indiana","18"
2023-07-29,1,"Kansas","20"
2023-07-29,9,"Kentucky","21"
2023-07-29,11,"Louisiana","22"
2023-07-29,6,"Massachusetts","25"
2023-07-29,7,"Maryland","24"
2023-07-29,2,"Maine","23"
2023-07-29,4,"Michigan","26"
2023-07-29,2,"Minnesota","27"
2023-07-29,4,"Missouri","29"
2023-07-29,9,"Mississippi","28"
2023-07-29,0,"Montana","30"
2023-07-29,8,"North Carolina","37"
2023-07-29,0,"North Dakota","38"
2023-07-29,1,"Nebraska","31"
2023-07-29,1,"New Hampshire","33"
2023-07-29,15,"New Jersey","34"
2023-07-29,2,"New Mexico","35"
2023-07-29,6,"Nevada","32"
2023-07-29,33,"New York","36"
2023-07-29,9,"Ohio","39"
2023-07-29,6,"Oklahoma","40"
2023-07-29,3,"Oregon","41"
2023-07-29,51,"Pennsylvania","42"
2023-07-29,0,"Rhode Island","44"
2023-07-29,18,"South Carolina","45"
2023-07-29,2,"South Dakota","46"
2023-07-29,22,"Tennessee","47"
2023-07-29,109,"Texas","48"
2023-07-29,1,"Utah","49"
2023-07-29,31,"Virginia","51"
2023-07-29,0,"Vermont","50"
2023-07-29,20,"Washington","53"
2023-07-29,1,"Wisconsin","55"
2023-07-29,1,"West Virginia","54"
2023-07-29,0,"Wyoming","56"
2023-08-05,1,"Alaska","02"
2023-08-05,9,"Alabama","01"
2023-08-05,10,"Arkansas","05"
2023-08-05,9,"Arizona","04"
2023-08-05,35,"California","06"
2023-08-05,1,"Colorado","08"
2023-08-05,7,"Connecticut","09"
2023-08-05,1,"District of Columbia","11"
2023-08-05,1,"Delaware","10"
2023-08-05,133,"Florida","12"
2023-08-05,28,"Georgia","13"
2023-08-05,4,"Hawaii","15"
2023-08-05,0,"Iowa","19"
2023-08-05,3,"Idaho","16"
2023-08-05,13,"Illinois","17"
2023-08-05,9,"Indiana","18"
2023-08-05,2,"Kansas","20"
2023-08-05,5,"Kentucky","21"
2023-08-05,7,"Louisiana","22"
2023-08-05,10,"Massachusetts","25"
2023-08-05,5,"Maryland","24"
2023-08-05,0,"Maine","23"
2023-08-05,11,"Michigan","26"
2023-08-05,0,"Minnesota","27"
2023-08-05,9,"Missouri","29"
2023-08-05,27,"Mississippi","28"
2023-08-05,0,"Montana","30"
2023-08-05,13,"North Carolina","37"
2023-08-05,5,"North Dakota","38"
2023-08-05,1,"Nebraska","31"
2023-08-05,1,"New Hampshire","33"
2023-08-05,6,"New Jersey","34"
2023-08-05,1,"New Mexico","35"
2023-08-05,6,"Nevada","32"
2023-08-05,21,"New York","36"
2023-08-05,10,"Ohio","39"
2023-08-05,11,"Oklahoma","40"
2023-08-05,4,"Oregon","41"
2023-08-05,37,"Pennsylvania","42"
2023-08-05,0,"Rhode Island","44"
2023-08-05,8,"South Carolina","45"
2023-08-05,1,"South Dakota","46"
2023-08-05,26,"Tennessee","47"
2023-08-05,119,"Texas","48"
2023-08-05,1,"Utah","49"
2023-08-05,32,"Virginia","51"
2023-08-05,0,"Vermont","50"
2023-08-05,17,"Washington","53"
2023-08-05,5,"Wisconsin","55"
2023-08-05,0,"West Virginia","54"
2023-08-05,1,"Wyoming","56"
2023-08-12,2,"Alaska","02"
2023-08-12,7,"Alabama","01"
2023-08-12,7,"Arkansas","05"
2023-08-12,6,"Arizona","04"
2023-08-12,31,"California","06"
2023-08-12,0,"Colorado","08"
2023-08-12,4,"Connecticut","09"
2023-08-12,1,"District of Columbia","11"
2023-08-12,0,"Delaware","10"
2023-08-12,152,"Florida","12"
2023-08-12,19,"Georgia","13"
2023-08-12,6,"Hawaii","15"
2023-08-12,2,"Iowa","19"
2023-08-12,3,"Idaho","16"
2023-08-12,9,"Illinois","17"
2023-08-12,3,"Indiana","18"
2023-08-12,1,"Kansas","20"
2023-08-12,12,"Kentucky","21"
2023-08-12,11,"Louisiana","22"
2023-08-12,6,"Massachusetts","25"
2023-08-12,6,"Maryland","24"
2023-08-12,2,"Maine","23"
2023-08-12,18,"Michigan","26"
2023-08-12,0,"Minnesota","27"
2023-08-12,11,"Missouri","29"
2023-08-12,34,"Mississippi","28"
2023-08-12,0,"Montana","30"
2023-08-12,14,"North Carolina","37"
2023-08-12,0,"North Dakota","38"
2023-08-12,1,"Nebraska","31"
2023-08-12,0,"New Hampshire","33"
2023-08-12,12,"New Jersey","34"
2023-08-12,2,"New Mexico","35"
2023-08-12,3,"Nevada","32"
2023-08-12,15,"New York","36"
2023-08-12,8,"Ohio","39"
2023-08-12,21,"Oklahoma","40"
2023-08-12,3,"Oregon","41"
2023-08-12,38,"Pennsylvania","42"
2023-08-12,0,"Rhode Island","44"
2023-08-12,15,"South Carolina","45"
2023-08-12,3,"South Dakota","46"
2023-08-12,26,"Tennessee","47"
2023-08-12,122,"Texas","48"
2023-08-12,0,"Utah","49"
2023-08-12,35,"Virginia","51"
2023-08-12,0,"Vermont","50"
2023-08-12,25,"Washington","53"
2023-08-12,2,"Wisconsin","55"
2023-08-12,9,"West Virginia","54"
2023-08-12,0,"Wyoming","56"
2023-08-19,0,"Alaska","02"
2023-08-19,12,"Alabama","01"
2023-08-19,9,"Arkansas","05"
2023-08-19,17,"Arizona","04"
2023-08-19,29,"California","06"
2023-08-19,4,"Colorado","08"
2023-08-19,8,"Connecticut","09"
2023-08-19,2,"District of Columbia","11"
2023-08-19,0,"Delaware","10"
2023-08-19,160,"Florida","12"
2023-08-19,28,"Georgia","13"
2023-08-19,6,"Hawaii","15"
2023-08-19,2,"Iowa","19"
2023-08-19,0,"Idaho","16"
2023-08-19,12,"Illinois","17"
2023-08-19,11,"Indiana","18"
2023-08-19,2,"Kansas","20"
2023-08-19,7,"Kentucky","21"
2023-08-19,11,"Louisiana","22"
2023-08-19,8,"Massachusetts","25"
2023-08-19,3,"Maryland","24"
2023-08-19,0,"Maine","23"
2023-08-19,10,"Michigan","26"
2023-08-19,3,"Minnesota","27"
2023-08-19,7,"Missouri","29"
2023-08-19,40,"Mississippi","28"
2023-08-19,0,"Montana","30"
2023-08-19,8,"North Carolina","37"
2023-08-19,1,"North Dakota","38"
2023-08-19,3,"Nebraska","31"
2023-08-19,0,"New Hampshire","33"
2023-08-19,16,"New Jersey","34"
2023-08-19,1,"New Mexico","35"
2023-08-19,4,"Nevada","32"
2023-08-19,20,"New York","36"
2023-08-19,16,"Ohio","39"
2023-08-19,13,"Oklahoma","40"
2023-08-19,4,"Oregon","41"
2023-08-19,57,"Pennsylvania","42"
2023-08-19,0,"Rhode Island","44"
2023-08-19,20,"South Carolina","45"
2023-08-19,1,"South Dakota","46"
2023-08-19,23,"Tennessee","47"
2023-08-19,110,"Texas","48"
2023-08-19,0,"Utah","49"
2023-08-19,28,"Virginia","51"
2023-08-19,0,"Vermont","50"
2023-08-19,20,"Washington","53"
2023-08-19,1,"Wisconsin","55"
2023-08-19,2,"West Virginia","54"
2023-08-19,0,"Wyoming","56"
2023-08-26,2,"Alaska","02"
2023-08-26,12,"Alabama","01"
2023-08-26,6,"Arkansas","05"
2023-08-26,13,"Arizona","04"
2023-08-26,38,"California","06"
2023-08-26,3,"Colorado","08"
2023-08-26,6,"Connecticut","09"
2023-08-26,0,"District of Columbia","11"
2023-08-26,0,"Delaware","10"
2023-08-26,172,"Florida","12"
2023-08-26,34,"Georgia","13"
2023-08-26,7,"Hawaii","15"
2023-08-26,4,"Iowa","19"
2023-08-26,0,"Idaho","16"
2023-08-26,9,"Illinois","17"
2023-08-26,6,"Indiana","18"
2023-08-26,3,"Kansas","20"
2023-08-26,10,"Kentucky","21"
2023-08-26,14,"Louisiana","22"
2023-08-26,17,"Massachusetts","25"
2023-08-26,5,"Maryland","24"
2023-08-26,0,"Maine","23"
2023-08-26,12,"Michigan","26"
2023-08-26,0,"Minnesota","27"
2023-08-26,6,"Missouri","29"
2023-08-26,43,"Mississippi","28"
2023-08-26,0,"Montana","30"
2023-08-26,18,"North Carolina","37"
2023-08-26,0,"North Dakota","38"
2023-08-26,2,"Nebraska","31"
2023-08-26,4,"New Hampshire","33"
2023-08-26,10,"New Jersey","34"
2023-08-26,2,"New Mexico","35"
2023-08-26,3,"Nevada","32"
2023-08-26,38,"New York","36"
2023-08-26,13,"Ohio","39"
2023-08-26,16,"Oklahoma","40"
2023-08-26,2,"Oregon","41"
2023-08-26,42,"Pennsylvania","42"
2023-08-26,0,"Rhode Island","44"
2023-08-26,9,"South Carolina","45"
2023-08-26,1,"South Dakota","46"
2023-08-26,27,"Tennessee","47"
2023-08-26,126,"Texas","48"
2023-08-26,1,"Utah","49"
2023-08-26,30,"Virginia","51"
2023-08-26,0,"Vermont","50"
2023-08-26,42,"Washington","53"
2023-08-26,2,"Wisconsin","55"
2023-08-26,1,"West Virginia","54"
2023-08-26,0,"Wyoming","56"
2023-09-02,2,"Alaska","02"
2023-09-02,5,"Alabama","01"
2023-09-02,8,"Arkansas","05"
2023-09-02,8,"Arizona","04"
2023-09-02,42,"California","06"
2023-09-02,7,"Colorado","08"
2023-09-02,1,"Connecticut","09"
2023-09-02,1,"District of Columbia","11"
2023-09-02,0,"Delaware","10"
2023-09-02,150,"Florida","12"
2023-09-02,21,"Georgia","13"
2023-09-02,5,"Hawaii","15"
2023-09-02,1,"Iowa","19"
2023-09-02,2,"Idaho","16"
2023-09-02,15,"Illinois","17"
2023-09-02,5,"Indiana","18"
2023-09-02,6,"Kansas","20"
2023-09-02,19,"Kentucky","21"
2023-09-02,11,"Louisiana","22"
2023-09-02,8,"Massachusetts","25"
2023-09-02,5,"Maryland","24"
2023-09-02,0,"Maine","23"
2023-09-02,2,"Michigan","26"
2023-09-02,0,"Minnesota","27"
2023-09-02,12,"Missouri","29"
2023-09-02,19,"Mississippi","28"
2023-09-02,1,"Montana","30"
2023-09-02,7,"North Carolina","37"
2023-09-02,0,"North Dakota","38"
2023-09-02,1,"Nebraska","31"
2023-09-02,1,"New Hampshire","33"
2023-09-02,13,"New Jersey","34"
2023-09-02,4,"New Mexico","35"
2023-09-02,4,"Nevada","32"
2023-09-02,21,"New York","36"
2023-09-02,15,"Ohio","39"
2023-09-02,16,"Oklahoma","40"
2023-09-02,3,"Oregon","41"
2023-09-02,43,"Pennsylvania","42"
2023-09-02,0,"Rhode Island","44"
2023-09-02,22,"South Carolina","45"
2023-09-02,3,"South Dakota","46"
2023-09-02,46,"Tennessee","47"
2023-09-02,110,"Texas","48"
2023-09-02,2,"Utah","49"
2023-09-02,40,"Virginia","51"
2023-09-02,1,"Vermont","50"
2023-09-02,37,"Washington","53"
2023-09-02,1,"Wisconsin","55"
2023-09-02,2,"West Virginia","54"
2023-09-02,0,"Wyoming","56"
2023-09-09,5,"Alaska","02"
2023-09-09,20,"Alabama","01"
2023-09-09,7,"Arkansas","05"
2023-09-09,10,"Arizona","04"
2023-09-09,41,"California","06"
2023-09-09,2,"Colorado","08"
2023-09-09,9,"Connecticut","09"
2023-09-09,0,"District of Columbia","11"
2023-09-09,0,"Delaware","10"
2023-09-09,156,"Florida","12"
2023-09-09,34,"Georgia","13"
2023-09-09,8,"Hawaii","15"
2023-09-09,0,"Iowa","19"
2023-09-09,0,"Idaho","16"
2023-09-09,18,"Illinois","17"
2023-09-09,9,"Indiana","18"
2023-09-09,3,"Kansas","20"
2023-09-09,5,"Kentucky","21"
2023-09-09,13,"Louisiana","22"
2023-09-09,5,"Massachusetts","25"
2023-09-09,2,"Maryland","24"
2023-09-09,0,"Maine","23"
2023-09-09,9,"Michigan","26"
2023-09-09,1,"Minnesota","27"
2023-09-09,8,"Missouri","29"
2023-09-09,23,"Mississippi","28"
2023-09-09,1,"Montana","30"
2023-09-09,11,"North Carolina","37"
2023-09-09,0,"North Dakota","38"
2023-09-09,0,"Nebraska","31"
2023-09-09,0,"New Hampshire","33"
2023-09-09,10,"New Jersey","34"
2023-09-09,11,"New Mexico","35"
2023-09-09,0,"Nevada","32"
2023-09-09,12,"New York","36"
2023-09-09,9,"Ohio","39"
2023-09-09,16,"Oklahoma","40"
2023-09-09,6,"Oregon","41"
2023-09-09,48,"Pennsylvania","42"
2023-09-09,2,"Rhode Island","44"
2023-09-09,25,"South Carolina","45"
2023-09-09,0,"South Dakota","46"
2023-09-09,34,"Tennessee","47"
2023-09-09,128,"Texas","48"
2023-09-09,3,"Utah","49"
2023-09-09,31,"Virginia","51"
2023-09-09,0,"Vermont","50"
2023-09-09,15,"Washington","53"
2023-09-09,3,"Wisconsin","55"
2023-09-09,6,"West Virginia","54"
2023-09-09,0,"Wyoming","56"
2023-09-16,6,"Alaska","02"
2023-09-16,8,"Alabama","01"
2023-09-16,6,"Arkansas","05"
2023-09-16,8,"Arizona","04"
2023-09-16,46,"California","06"
2023-09-16,8,"Colorado","08"
2023-09-16,16,"Connecticut","09"
2023-09-16,1,"District of Columbia","11"
2023-09-16,0,"Delaware","10"
2023-09-16,172,"Florida","12"
2023-09-16,30,"Georgia","13"
2023-09-16,5,"Hawaii","15"
2023-09-16,0,"Iowa","19"
2023-09-16,3,"Idaho","16"
2023-09-16,20,"Illinois","17"
2023-09-16,9,"Indiana","18"
2023-09-16,4,"Kansas","20"
2023-09-16,13,"Kentucky","21"
2023-09-16,18,"Louisiana","22"
2023-09-16,10,"Massachusetts","25"
2023-09-16,6,"Maryland","24"
2023-09-16,1,"Maine","23"
2023-09-16,17,"Michigan","26"
2023-09-16,4,"Minnesota","27"
2023-09-16,16,"Missouri","29"
2023-09-16,16,"Mississippi","28"
2023-09-16,3,"Montana","30"
2023-09-16,13,"North Carolina","37"
2023-09-16,1,"North Dakota","38"
2023-09-16,6,"Nebraska","31"
2023-09-16,2,"New Hampshire","33"
2023-09-16,19,"New Jersey","34"
2023-09-16,3,"New Mexico","35"
2023-09-16,4,"Nevada","32"
2023-09-16,19,"New York","36"
2023-09-16,9,"Ohio","39"
2023-09-16,17,"Oklahoma","40"
2023-09-16,6,"Oregon","41"
2023-09-16,46,"Pennsylvania","42"
2023-09-16,1,"Rhode Island","44"
2023-09-16,26,"South Carolina","45"
2023-09-16,0,"South Dakota","46"
2023-09-16,24,"Tennessee","47"
2023-09-16,102,"Texas","48"
2023-09-16,2,"Utah","49"
2023-09-16,40,"Virginia","51"
2023-09-16,1,"Vermont","50"
2023-09-16,6,"Washington","53"
2023-09-16,0,"Wisconsin","55"
2023-09-16,0,"West Virginia","54"
2023-09-16,0,"Wyoming","56"
2023-09-23,7,"Alaska","02"
2023-09-23,20,"Alabama","01"
2023-09-23,10,"Arkansas","05"
2023-09-23,21,"Arizona","04"
2023-09-23,46,"California","06"
2023-09-23,8,"Colorado","08"
2023-09-23,8,"Connecticut","09"
2023-09-23,0,"District of Columbia","11"
2023-09-23,0,"Delaware","10"
2023-09-23,168,"Florida","12"
2023-09-23,29,"Georgia","13"
2023-09-23,10,"Hawaii","15"
2023-09-23,4,"Iowa","19"
2023-09-23,2,"Idaho","16"
2023-09-23,18,"Illinois","17"
2023-09-23,12,"Indiana","18"
2023-09-23,5,"Kansas","20"
2023-09-23,14,"Kentucky","21"
2023-09-23,16,"Louisiana","22"
2023-09-23,8,"Massachusetts","25"
2023-09-23,4,"Maryland","24"
2023-09-23,0,"Maine","23"
2023-09-23,12,"Michigan","26"
2023-09-23,2,"Minnesota","27"
2023-09-23,12,"Missouri","29"
2023-09-23,20,"Mississippi","28"
2023-09-23,4,"Montana","30"
2023-09-23,10,"North Carolina","37"
2023-09-23,3,"North Dakota","38"
2023-09-23,1,"Nebraska","31"
2023-09-23,1,"New Hampshire","33"
2023-09-23,9,"New Jersey","34"
2023-09-23,5,"New Mexico","35"
2023-09-23,3,"Nevada","32"
2023-09-23,48,"New York","36"
2023-09-23,16,"Ohio","39"
2023-09-23,26,"Oklahoma","40"
2023-09-23,6,"Oregon","41"
2023-09-23,60,"Pennsylvania","42"
2023-09-23,0,"Rhode Island","44"
2023-09-23,28,"South Carolina","45"
2023-09-23,2,"South Dakota","46"
2023-09-23,41,"Tennessee","47"
2023-09-23,118,"Texas","48"
2023-09-23,4,"Utah","49"
2023-09-23,54,"Virginia","51"
2023-09-23,1,"Vermont","50"
2023-09-23,12,"Washington","53"
2023-09-23,9,"Wisconsin","55"
2023-09-23,6,"West Virginia","54"
2023-09-23,2,"Wyoming","56"
2023-09-30,10,"Alaska","02"
2023-09-30,20,"Alabama","01"
2023-09-30,17,"Arkansas","05"
2023-09-30,16,"Arizona","04"
2023-09-30,45,"California","06"
2023-09-30,9,"Colorado","08"
2023-09-30,4,"Connecticut","09"
2023-09-30,2,"District of Columbia","11"
2023-09-30,2,"Delaware","10"
2023-09-30,227,"Florida","12"
2023-09-30,34,"Georgia","13"
2023-09-30,10,"Hawaii","15"
2023-09-30,3,"Iowa","19"
2023-09-30,4,"Idaho","16"
2023-09-30,21,"Illinois","17"
2023-09-30,8,"Indiana","18"
2023-09-30,10,"Kansas","20"
2023-09-30,12,"Kentucky","21"
2023-09-30,19,"Louisiana","22"
2023-09-30,12,"Massachusetts","25"
2023-09-30,3,"Maryland","24"
2023-09-30,5,"Maine","23"
2023-09-30,17,"Michigan","26"
2023-09-30,3,"Minnesota","27"
2023-09-30,24,"Missouri","29"
2023-09-30,29,"Mississippi","28"
2023-09-30,0,"Montana","30"
2023-09-30,36,"North Carolina","37"
2023-09-30,0,"North Dakota","38"
2023-09-30,5,"Nebraska","31"
2023-09-30,2,"New Hampshire","33"
2023-09-30,17,"New Jersey","34"
2023-09-30,6,"New Mexico","35"
2023-09-30,4,"Nevada","32"
2023-09-30,37,"New York","36"
2023-09-30,18,"Ohio","39"
2023-09-30,15,"Oklahoma","40"
2023-09-30,6,"Oregon","41"
2023-09-30,41,"Pennsylvania","42"
2023-09-30,1,"Rhode Island","44"
2023-09-30,22,"South Carolina","45"
2023-09-30,0,"South Dakota","46"
2023-09-30,28,"Tennessee","47"
2023-09-30,121,"Texas","48"
2023-09-30,4,"Utah","49"
2023-09-30,49,"Virginia","51"
2023-09-30,0,"Vermont","50"
2023-09-30,4,"Washington","53"
2023-09-30,10,"Wisconsin","55"
2023-09-30,2,"West Virginia","54"
2023-09-30,6,"Wyoming","56"
2023-10-07,14,"Alaska","02"
2023-10-07,24,"Alabama","01"
2023-10-07,15,"Arkansas","05"
2023-10-07,21,"Arizona","04"
2023-10-07,60,"California","06"
2023-10-07,15,"Colorado","08"
2023-10-07,3,"Connecticut","09"
2023-10-07,2,"District of Columbia","11"
2023-10-07,0,"Delaware","10"
2023-10-07,213,"Florida","12"
2023-10-07,39,"Georgia","13"
2023-10-07,15,"Hawaii","15"
2023-10-07,1,"Iowa","19"
2023-10-07,2,"Idaho","16"
2023-10-07,18,"Illinois","17"
2023-10-07,23,"Indiana","18"
2023-10-07,3,"Kansas","20"
2023-10-07,23,"Kentucky","21"
2023-10-07,28,"Louisiana","22"
2023-10-07,16,"Massachusetts","25"
2023-10-07,3,"Maryland","24"
2023-10-07,4,"Maine","23"
2023-10-07,20,"Michigan","26"
2023-10-07,6,"Minnesota","27"
2023-10-07,25,"Missouri","29"
2023-10-07,22,"Mississippi","28"
2023-10-07,0,"Montana","30"
2023-10-07,20,"North Carolina","37"
2023-10-07,1,"North Dakota","38"
2023-10-07,9,"Nebraska","31"
2023-10-07,0,"New Hampshire","33"
2023-10-07,13,"New Jersey","34"
2023-10-07,4,"New Mexico","35"
2023-10-07,6,"Nevada","32"
2023-10-07,26,"New York","36"
2023-10-07,21,"Ohio","39"
2023-10-07,39,"Oklahoma","40"
2023-10-07,6,"Oregon","41"
2023-10-07,40,"Pennsylvania","42"
2023-10-07,1,"Rhode Island","44"
2023-10-07,26,"South Carolina","45"
2023-10-07,0,"South Dakota","46"
2023-10-07,32,"Tennessee","47"
2023-10-07,168,"Texas","48"
2023-10-07,3,"Utah","49"
2023-10-07,54,"Virginia","51"
2023-10-07,0,"Vermont","50"
2023-10-07,13,"Washington","53"
2023-10-07,3,"Wisconsin","55"
2023-10-07,3,"West Virginia","54"
2023-10-07,4,"Wyoming","56"
2023-10-14,21,"Alaska","02"
2023-10-14,30,"Alabama","01"
2023-10-14,18,"Arkansas","05"
2023-10-14,52,"Arizona","04"
2023-10-14,50,"California","06"
2023-10-14,16,"Colorado","08"
2023-10-14,1,"Connecticut","09"
2023-10-14,4,"District of Columbia","11"
2023-10-14,1,"Delaware","10"
2023-10-14,291,"Florida","12"
2023-10-14,31,"Georgia","13"
2023-10-14,13,"Hawaii","15"
2023-10-14,4,"Iowa","19"
2023-10-14,2,"Idaho","16"
2023-10-14,27,"Illinois","17"
2023-10-14,25,"Indiana","18"
2023-10-14,7,"Kansas","20"
2023-10-14,20,"Kentucky","21"
2023-10-14,31,"Louisiana","22"
2023-10-14,14,"Massachusetts","25"
2023-10-14,9,"Maryland","24"
2023-10-14,2,"Maine","23"
2023-10-14,21,"Michigan","26"
2023-10-14,4,"Minnesota","27"
2023-10-14,17,"Missouri","29"
2023-10-14,20,"Mississippi","28"
2023-10-14,1,"Montana","30"
2023-10-14,17,"North Carolina","37"
2023-10-14,1,"North Dakota","38"
2023-10-14,8,"Nebraska","31"
2023-10-14,0,"New Hampshire","33"
2023-10-14,33,"New Jersey","34"
2023-10-14,2,"New Mexico","35"
2023-10-14,7,"Nevada","32"
2023-10-14,37,"New York","36"
2023-10-14,21,"Ohio","39"
2023-10-14,22,"Oklahoma","40"
2023-10-14,8,"Oregon","41"
2023-10-14,42,"Pennsylvania","42"
2023-10-14,0,"Rhode Island","44"
2023-10-14,32,"South Carolina","45"
2023-10-14,2,"South Dakota","46"
2023-10-14,43,"Tennessee","47"
2023-10-14,242,"Texas","48"
2023-10-14,9,"Utah","49"
2023-10-14,72,"Virginia","51"
2023-10-14,2,"Vermont","50"
2023-10-14,11,"Washington","53"
2023-10-14,4,"Wisconsin","55"
2023-10-14,3,"West Virginia","54"
2023-10-14,4,"Wyoming","56"
2023-10-21,30,"Alaska","02"
2023-10-21,30,"Alabama","01"
2023-10-21,13,"Arkansas","05"
2023-10-21,49,"Arizona","04"
2023-10-21,76,"California","06"
2023-10-21,19,"Colorado","08"
2023-10-21,7,"Connecticut","09"
2023-10-21,1,"District of Columbia","11"
2023-10-21,1,"Delaware","10"
2023-10-21,313,"Florida","12"
2023-10-21,40,"Georgia","13"
2023-10-21,13,"Hawaii","15"
2023-10-21,4,"Iowa","19"
2023-10-21,4,"Idaho","16"
2023-10-21,21,"Illinois","17"
2023-10-21,33,"Indiana","18"
2023-10-21,5,"Kansas","20"
2023-10-21,23,"Kentucky","21"
2023-10-21,46,"Louisiana","22"
2023-10-21,28,"Massachusetts","25"
2023-10-21,10,"Maryland","24"
2023-10-21,4,"Maine","23"
2023-10-21,12,"Michigan","26"
2023-10-21,4,"Minnesota","27"
2023-10-21,17,"Missouri","29"
2023-10-21,17,"Mississippi","28"
2023-10-21,0,"Montana","30"
2023-10-21,20,"North Carolina","37"
2023-10-21,1,"North Dakota","38"
2023-10-21,7,"Nebraska","31"
2023-10-21,2,"New Hampshire","33"
2023-10-21,44,"New Jersey","34"
2023-10-21,2,"New Mexico","35"
2023-10-21,8,"Nevada","32"
2023-10-21,48,"New York","36"
2023-10-21,17,"Ohio","39"
2023-10-21,10,"Oklahoma","40"
2023-10-21,14,"Oregon","41"
2023-10-21,49,"Pennsylvania","42"
2023-10-21,1,"Rhode Island","44"
2023-10-21,21,"South Carolina","45"
2023-10-21,3,"South Dakota","46"
2023-10-21,44,"Tennessee","47"
2023-10-21,245,"Texas","48"
2023-10-21,5,"Utah","49"
2023-10-21,61,"Virginia","51"
2023-10-21,0,"Vermont","50"
2023-10-21,8,"Washington","53"
2023-10-21,7,"Wisconsin","55"
2023-10-21,4,"West Virginia","54"
2023-10-21,0,"Wyoming","56"
2023-10-28,33,"Alaska","02"
2023-10-28,37,"Alabama","01"
2023-10-28,18,"Arkansas","05"
2023-10-28,51,"Arizona","04"
2023-10-28,97,"California","06"
2023-10-28,31,"Colorado","08"
2023-10-28,12,"Connecticut","09"
2023-10-28,0,"District of Columbia","11"
2023-10-28,1,"Delaware","10"
2023-10-28,443,"Florida","12"
2023-10-28,56,"Georgia","13"
2023-10-28,14,"Hawaii","15"
2023-10-28,10,"Iowa","19"
2023-10-28,5,"Idaho","16"
2023-10-28,34,"Illinois","17"
2023-10-28,43,"Indiana","18"
2023-10-28,5,"Kansas","20"
2023-10-28,21,"Kentucky","21"
2023-10-28,40,"Louisiana","22"
2023-10-28,33,"Massachusetts","25"
2023-10-28,15,"Maryland","24"
2023-10-28,1,"Maine","23"
2023-10-28,34,"Michigan","26"
2023-10-28,9,"Minnesota","27"
2023-10-28,24,"Missouri","29"
2023-10-28,30,"Mississippi","28"
2023-10-28,1,"Montana","30"
2023-10-28,40,"North Carolina","37"
2023-10-28,0,"North Dakota","38"
2023-10-28,5,"Nebraska","31"
2023-10-28,2,"New Hampshire","33"
2023-10-28,26,"New Jersey","34"
2023-10-28,10,"New Mexico","35"
2023-10-28,12,"Nevada","32"
2023-10-28,57,"New York","36"
2023-10-28,21,"Ohio","39"
2023-10-28,18,"Oklahoma","40"
2023-10-28,6,"Oregon","41"
2023-10-28,31,"Pennsylvania","42"
2023-10-28,0,"Rhode Island","44"
2023-10-28,45,"South Carolina","45"
2023-10-28,1,"South Dakota","46"
2023-10-28,44,"Tennessee","47"
2023-10-28,348,"Texas","48"
2023-10-28,9,"Utah","49"
2023-10-28,51,"Virginia","51"
2023-10-28,0,"Vermont","50"
2023-10-28,17,"Washington","53"
2023-10-28,16,"Wisconsin","55"
2023-10-28,7,"West Virginia","54"
2023-10-28,1,"Wyoming","56"
2023-11-04,39,"Alaska","02"
2023-11-04,56,"Alabama","01"
2023-11-04,24,"Arkansas","05"
2023-11-04,132,"Arizona","04"
2023-11-04,231,"California","06"
2023-11-04,52,"Colorado","08"
2023-11-04,5,"Connecticut","09"
2023-11-04,0,"District of Columbia","11"
2023-11-04,1,"Delaware","10"
2023-11-04,462,"Florida","12"
2023-11-04,116,"Georgia","13"
2023-11-04,16,"Hawaii","15"
2023-11-04,13,"Iowa","19"
2023-11-04,4,"Idaho","16"
2023-11-04,54,"Illinois","17"
2023-11-04,58,"Indiana","18"
2023-11-04,10,"Kansas","20"
2023-11-04,33,"Kentucky","21"
2023-11-04,65,"Louisiana","22"
2023-11-04,32,"Massachusetts","25"
2023-11-04,19,"Maryland","24"
2023-11-04,4,"Maine","23"
2023-11-04,30,"Michigan","26"
2023-11-04,18,"Minnesota","27"
2023-11-04,40,"Missouri","29"
2023-11-04,38,"Mississippi","28"
2023-11-04,5,"Montana","30"
2023-11-04,49,"North Carolina","37"
2023-11-04,2,"North Dakota","38"
2023-11-04,5,"Nebraska","31"
2023-11-04,2,"New Hampshire","33"
2023-11-04,46,"New Jersey","34"
2023-11-04,9,"New Mexico","35"
2023-11-04,22,"Nevada","32"
2023-11-04,88,"New York","36"
2023-11-04,26,"Ohio","39"
2023-11-04,34,"Oklahoma","40"
2023-11-04,11,"Oregon","41"
2023-11-04,81,"Pennsylvania","42"
2023-11-04,2,"Rhode Island","44"
2023-11-04,52,"South Carolina","45"
2023-11-04,2,"South Dakota","46"
2023-11-04,47,"Tennessee","47"
2023-11-04,427,"Texas","48"
2023-11-04,5,"Utah","49"
2023-11-04,92,"Virginia","51"
2023-11-04,2,"Vermont","50"
2023-11-04,17,"Washington","53"
2023-11-04,20,"Wisconsin","55"
2023-11-04,14,"West Virginia","54"
2023-11-04,5,"Wyoming","56"
2023-11-11,17,"Alaska","02"
2023-11-11,73,"Alabama","01"
2023-11-11,17,"Arkansas","05"
2023-11-11,187,"Arizona","04"
2023-11-11,372,"California","06"
2023-11-11,102,"Colorado","08"
2023-11-11,22,"Connecticut","09"
2023-11-11,5,"District of Columbia","11"
2023-11-11,2,"Delaware","10"
2023-11-11,652,"Florida","12"
2023-11-11,133,"Georgia","13"
2023-11-11,29,"Hawaii","15"
2023-11-11,14,"Iowa","19"
2023-11-11,11,"Idaho","16"
2023-11-11,71,"Illinois","17"
2023-11-11,95,"Indiana","18"
2023-11-11,18,"Kansas","20"
2023-11-11,18,"Kentucky","21"
2023-11-11,96,"Louisiana","22"
2023-11-11,38,"Massachusetts","25"
2023-11-11,27,"Maryland","24"
2023-11-11,2,"Maine","23"
2023-11-11,52,"Michigan","26"
2023-11-11,15,"Minnesota","27"
2023-11-11,40,"Missouri","29"
2023-11-11,46,"Mississippi","28"
2023-11-11,3,"Montana","30"
2023-11-11,88,"North Carolina","37"
2023-11-11,7,"North Dakota","38"
2023-11-11,4,"Nebraska","31"
2023-11-11,2,"New Hampshire","33"
2023-11-11,33,"New Jersey","34"
2023-11-11,12,"New Mexico","35"
2023-11-11,27,"Nevada","32"
2023-11-11,123,"New York","36"
2023-11-11,56,"Ohio","39"
2023-11-11,37,"Oklahoma","40"
2023-11-11,17,"Oregon","41"
2023-11-11,89,"Pennsylvania","42"
2023-11-11,0,"Rhode Island","44"
2023-11-11,64,"South Carolina","45"
2023-11-11,1,"South Dakota","46"
2023-11-11,57,"Tennessee","47"
2023-11-11,428,"Texas","48"
2023-11-11,7,"Utah","49"
2023-11-11,100,"Virginia","51"
2023-11-11,5,"Vermont","50"
2023-11-11,33,"Washington","53"
2023-11-11,15,"Wisconsin","55"
2023-11-11,8,"West Virginia","54"
2023-11-11,9,"Wyoming","56"
2023-11-18,14,"Alaska","02"
2023-11-18,71,"Alabama","01"
2023-11-18,57,"Arkansas","05"
2023-11-18,209,"Arizona","04"
2023-11-18,459,"California","06"
2023-11-18,137,"Colorado","08"
2023-11-18,33,"Connecticut","09"
2023-11-18,8,"District of Columbia","11"
2023-11-18,1,"Delaware","10"
2023-11-18,701,"Florida","12"
2023-11-18,156,"Georgia","13"
2023-11-18,26,"Hawaii","15"
2023-11-18,27,"Iowa","19"
2023-11-18,8,"Idaho","16"
2023-11-18,102,"Illinois","17"
2023-11-18,100,"Indiana","18"
2023-11-18,26,"Kansas","20"
2023-11-18,37,"Kentucky","21"
2023-11-18,115,"Louisiana","22"
2023-11-18,67,"Massachusetts","25"
2023-11-18,22,"Maryland","24"
2023-11-18,19,"Maine","23"
2023-11-18,88,"Michigan","26"
2023-11-18,24,"Minnesota","27"
2023-11-18,58,"Missouri","29"
2023-11-18,47,"Mississippi","28"
2023-11-18,6,"Montana","30"
2023-11-18,153,"North Carolina","37"
2023-11-18,4,"North Dakota","38"
2023-11-18,8,"Nebraska","31"
2023-11-18,1,"New Hampshire","33"
2023-11-18,75,"New Jersey","34"
2023-11-18,21,"New Mexico","35"
2023-11-18,39,"Nevada","32"
2023-11-18,178,"New York","36"
2023-11-18,75,"Ohio","39"
2023-11-18,34,"Oklahoma","40"
2023-11-18,11,"Oregon","41"
2023-11-18,123,"Pennsylvania","42"
2023-11-18,3,"Rhode Island","44"
2023-11-18,81,"South Carolina","45"
2023-11-18,2,"South Dakota","46"
2023-11-18,73,"Tennessee","47"
2023-11-18,534,"Texas","48"
2023-11-18,10,"Utah","49"
2023-11-18,115,"Virginia","51"
2023-11-18,3,"Vermont","50"
2023-11-18,36,"Washington","53"
2023-11-18,34,"Wisconsin","55"
2023-11-18,13,"West Virginia","54"
2023-11-18,23,"Wyoming","56"
2023-11-25,15,"Alaska","02"
2023-11-25,84,"Alabama","01"
2023-11-25,24,"Arkansas","05"
2023-11-25,276,"Arizona","04"
2023-11-25,683,"California","06"
2023-11-25,126,"Colorado","08"
2023-11-25,57,"Connecticut","09"
2023-11-25,11,"District of Columbia","11"
2023-11-25,2,"Delaware","10"
2023-11-25,743,"Florida","12"
2023-11-25,225,"Georgia","13"
2023-11-25,23,"Hawaii","15"
2023-11-25,44,"Iowa","19"
2023-11-25,19,"Idaho","16"
2023-11-25,165,"Illinois","17"
2023-11-25,149,"Indiana","18"
2023-11-25,37,"Kansas","20"
2023-11-25,59,"Kentucky","21"
2023-11-25,121,"Louisiana","22"
2023-11-25,99,"Massachusetts","25"
2023-11-25,60,"Maryland","24"
2023-11-25,9,"Maine","23"
2023-11-25,106,"Michigan","26"
2023-11-25,34,"Minnesota","27"
2023-11-25,85,"Missouri","29"
2023-11-25,77,"Mississippi","28"
2023-11-25,18,"Montana","30"
2023-11-25,213,"North Carolina","37"
2023-11-25,17,"North Dakota","38"
2023-11-25,8,"Nebraska","31"
2023-11-25,7,"New Hampshire","33"
2023-11-25,129,"New Jersey","34"
2023-11-25,43,"New Mexico","35"
2023-11-25,45,"Nevada","32"
2023-11-25,345,"New York","36"
2023-11-25,134,"Ohio","39"
2023-11-25,71,"Oklahoma","40"
2023-11-25,17,"Oregon","41"
2023-11-25,212,"Pennsylvania","42"
2023-11-25,6,"Rhode Island","44"
2023-11-25,133,"South Carolina","45"
2023-11-25,7,"South Dakota","46"
2023-11-25,98,"Tennessee","47"
2023-11-25,699,"Texas","48"
2023-11-25,17,"Utah","49"
2023-11-25,143,"Virginia","51"
2023-11-25,3,"Vermont","50"
2023-11-25,74,"Washington","53"
2023-11-25,59,"Wisconsin","55"
2023-11-25,17,"West Virginia","54"
2023-11-25,24,"Wyoming","56"
2023-12-02,14,"Alaska","02"
2023-12-02,110,"Alabama","01"
2023-12-02,41,"Arkansas","05"
2023-12-02,388,"Arizona","04"
2023-12-02,868,"California","06"
2023-12-02,153,"Colorado","08"
2023-12-02,74,"Connecticut","09"
2023-12-02,14,"District of Columbia","11"
2023-12-02,10,"Delaware","10"
2023-12-02,761,"Florida","12"
2023-12-02,261,"Georgia","13"
2023-12-02,32,"Hawaii","15"
2023-12-02,43,"Iowa","19"
2023-12-02,46,"Idaho","16"
2023-12-02,205,"Illinois","17"
2023-12-02,181,"Indiana","18"
2023-12-02,37,"Kansas","20"
2023-12-02,48,"Kentucky","21"
2023-12-02,158,"Louisiana","22"
2023-12-02,148,"Massachusetts","25"
2023-12-02,78,"Maryland","24"
2023-12-02,15,"Maine","23"
2023-12-02,173,"Michigan","26"
2023-12-02,48,"Minnesota","27"
2023-12-02,140,"Missouri","29"
2023-12-02,71,"Mississippi","28"
2023-12-02,21,"Montana","30"
2023-12-02,312,"North Carolina","37"
2023-12-02,11,"North Dakota","38"
2023-12-02,11,"Nebraska","31"
2023-12-02,15,"New Hampshire","33"
2023-12-02,160,"New Jersey","34"
2023-12-02,86,"New Mexico","35"
2023-12-02,77,"Nevada","32"
2023-12-02,509,"New York","36"
2023-12-02,161,"Ohio","39"
2023-12-02,59,"Oklahoma","40"
2023-12-02,43,"Oregon","41"
2023-12-02,279,"Pennsylvania","42"
2023-12-02,6,"Rhode Island","44"
2023-12-02,177,"South Carolina","45"
2023-12-02,6,"South Dakota","46"
2023-12-02,152,"Tennessee","47"
2023-12-02,829,"Texas","48"
2023-12-02,17,"Utah","49"
2023-12-02,157,"Virginia","51"
2023-12-02,8,"Vermont","50"
2023-12-02,83,"Washington","53"
2023-12-02,97,"Wisconsin","55"
2023-12-02,20,"West Virginia","54"
2023-12-02,48,"Wyoming","56"
2023-12-09,4,"Alaska","02"
2023-12-09,143,"Alabama","01"
2023-12-09,53,"Arkansas","05"
2023-12-09,602,"Arizona","04"
2023-12-09,1077,"California","06"
2023-12-09,234,"Colorado","08"
2023-12-09,120,"Connecticut","09"
2023-12-09,20,"District of Columbia","11"
2023-12-09,18,"Delaware","10"
2023-12-09,843,"Florida","12"
2023-12-09,442,"Georgia","13"
2023-12-09,24,"Hawaii","15"
2023-12-09,50,"Iowa","19"
2023-12-09,67,"Idaho","16"
2023-12-09,253,"Illinois","17"
2023-12-09,260,"Indiana","18"
2023-12-09,43,"Kansas","20"
2023-12-09,86,"Kentucky","21"
2023-12-09,178,"Louisiana","22"
2023-12-09,216,"Massachusetts","25"
2023-12-09,115,"Maryland","24"
2023-12-09,20,"Maine","23"
2023-12-09,247,"Michigan","26"
2023-12-09,78,"Minnesota","27"
2023-12-09,154,"Missouri","29"
2023-12-09,96,"Mississippi","28"
2023-12-09,37,"Montana","30"
2023-12-09,402,"North Carolina","37"
2023-12-09,16,"North Dakota","38"
2023-12-09,13,"Nebraska","31"
2023-12-09,28,"New Hampshire","33"
2023-12-09,304,"New Jersey","34"
2023-12-09,157,"New Mexico","35"
2023-12-09,118,"Nevada","32"
2023-12-09,744,"New York","36"
2023-12-09,239,"Ohio","39"
2023-12-09,85,"Oklahoma","40"
2023-12-09,45,"Oregon","41"
2023-12-09,391,"Pennsylvania","42"
2023-12-09,24,"Rhode Island","44"
2023-12-09,264,"South Carolina","45"
2023-12-09,13,"South Dakota","46"
2023-12-09,178,"Tennessee","47"
2023-12-09,1155,"Texas","48"
2023-12-09,24,"Utah","49"
2023-12-09,229,"Virginia","51"
2023-12-09,8,"Vermont","50"
2023-12-09,109,"Washington","53"
2023-12-09,122,"Wisconsin","55"
2023-12-09,33,"West Virginia","54"
2023-12-09,46,"Wyoming","56"
2023-12-16,5,"Alaska","02"
2023-12-16,269,"Alabama","01"
2023-12-16,96,"Arkansas","05"
2023-12-16,946,"Arizona","04"
2023-12-16,1763,"California","06"
2023-12-16,252,"Colorado","08"
2023-12-16,115,"Connecticut","09"
2023-12-16,46,"District of Columbia","11"
2023-12-16,24,"Delaware","10"
2023-12-16,989,"Florida","12"
2023-12-16,746,"Georgia","13"
2023-12-16,28,"Hawaii","15"
2023-12-16,90,"Iowa","19"
2023-12-16,115,"Idaho","16"
2023-12-16,464,"Illinois","17"
2023-12-16,374,"Indiana","18"
2023-12-16,92,"Kansas","20"
2023-12-16,137,"Kentucky","21"
2023-12-16,307,"Louisiana","22"
2023-12-16,317,"Massachusetts","25"
2023-12-16,207,"Maryland","24"
2023-12-16,16,"Maine","23"
2023-12-16,271,"Michigan","26"
2023-12-16,110,"Minnesota","27"
2023-12-16,224,"Missouri","29"
2023-12-16,200,"Mississippi","28"
2023-12-16,78,"Montana","30"
2023-12-16,733,"North Carolina","37"
2023-12-16,26,"North Dakota","38"
2023-12-16,62,"Nebraska","31"
2023-12-16,41,"New Hampshire","33"
2023-12-16,488,"New Jersey","34"
2023-12-16,232,"New Mexico","35"
2023-12-16,158,"Nevada","32"
2023-12-16,944,"New York","36"
2023-12-16,438,"Ohio","39"
2023-12-16,153,"Oklahoma","40"
2023-12-16,103,"Oregon","41"
2023-12-16,702,"Pennsylvania","42"
2023-12-16,16,"Rhode Island","44"
2023-12-16,421,"South Carolina","45"
2023-12-16,33,"South Dakota","46"
2023-12-16,294,"Tennessee","47"
2023-12-16,1597,"Texas","48"
2023-12-16,58,"Utah","49"
2023-12-16,419,"Virginia","51"
2023-12-16,12,"Vermont","50"
2023-12-16,155,"Washington","53"
2023-12-16,187,"Wisconsin","55"
2023-12-16,82,"West Virginia","54"
2023-12-16,28,"Wyoming","56"
2023-12-23,4,"Alaska","02"
2023-12-23,318,"Alabama","01"
2023-12-23,187,"Arkansas","05"
2023-12-23,1106,"Arizona","04"
2023-12-23,1810,"California","06"
2023-12-23,367,"Colorado","08"
2023-12-23,194,"Connecticut","09"
2023-12-23,57,"District of Columbia","11"
2023-12-23,60,"Delaware","10"
2023-12-23,1352,"Florida","12"
2023-12-23,1132,"Georgia","13"
2023-12-23,32,"Hawaii","15"
2023-12-23,99,"Iowa","19"
2023-12-23,163,"Idaho","16"
2023-12-23,576,"Illinois","17"
2023-12-23,556,"Indiana","18"
2023-12-23,93,"Kansas","20"
2023-12-23,261,"Kentucky","21"
2023-12-23,381,"Louisiana","22"
2023-12-23,554,"Massachusetts","25"
2023-12-23,328,"Maryland","24"
2023-12-23,51,"Maine","23"
2023-12-23,567,"Michigan","26"
2023-12-23,189,"Minnesota","27"
2023-12-23,370,"Missouri","29"
2023-12-23,297,"Mississippi","28"
2023-12-23,116,"Montana","30"
2023-12-23,1076,"North Carolina","37"
2023-12-23,51,"North Dakota","38"
2023-12-23,51,"Nebraska","31"
2023-12-23,51,"New Hampshire","33"
2023-12-23,729,"New Jersey","34"
2023-12-23,237,"New Mexico","35"
2023-12-23,185,"Nevada","32"
2023-12-23,1343,"New York","36"
2023-12-23,638,"Ohio","39"
2023-12-23,137,"Oklahoma","40"
2023-12-23,147,"Oregon","41"
2023-12-23,933,"Pennsylvania","42"
2023-12-23,46,"Rhode Island","44"
2023-12-23,649,"South Carolina","45"
2023-12-23,48,"South Dakota","46"
2023-12-23,538,"Tennessee","47"
2023-12-23,1975,"Texas","48"
2023-12-23,80,"Utah","49"
2023-12-23,731,"Virginia","51"
2023-12-23,19,"Vermont","50"
2023-12-23,211,"Washington","53"
2023-12-23,297,"Wisconsin","55"
2023-12-23,153,"West Virginia","54"
2023-12-23,72,"Wyoming","56"
2023-12-30,5,"Alaska","02"
2023-12-30,348,"Alabama","01"
2023-12-30,234,"Arkansas","05"
2023-12-30,907,"Arizona","04"
2023-12-30,1470,"California","06"
2023-12-30,308,"Colorado","08"
2023-12-30,167,"Connecticut","09"
2023-12-30,55,"District of Columbia","11"
2023-12-30,48,"Delaware","10"
2023-12-30,1414,"Florida","12"
2023-12-30,758,"Georgia","13"
2023-12-30,40,"Hawaii","15"
2023-12-30,94,"Iowa","19"
2023-12-30,157,"Idaho","16"
2023-12-30,511,"Illinois","17"
2023-12-30,521,"Indiana","18"
2023-12-30,93,"Kansas","20"
2023-12-30,296,"Kentucky","21"
2023-12-30,304,"Louisiana","22"
2023-12-30,634,"Massachusetts","25"
2023-12-30,322,"Maryland","24"
2023-12-30,58,"Maine","23"
2023-12-30,497,"Michigan","26"
2023-12-30,168,"Minnesota","27"
2023-12-30,345,"Missouri","29"
2023-12-30,263,"Mississippi","28"
2023-12-30,129,"Montana","30"
2023-12-30,779,"North Carolina","37"
2023-12-30,52,"North Dakota","38"
2023-12-30,50,"Nebraska","31"
2023-12-30,46,"New Hampshire","33"
2023-12-30,667,"New Jersey","34"
2023-12-30,230,"New Mexico","35"
2023-12-30,143,"Nevada","32"
2023-12-30,1278,"New York","36"
2023-12-30,562,"Ohio","39"
2023-12-30,174,"Oklahoma","40"
2023-12-30,142,"Oregon","41"
2023-12-30,761,"Pennsylvania","42"
2023-12-30,48,"Rhode Island","44"
2023-12-30,473,"South Carolina","45"
2023-12-30,54,"South Dakota","46"
2023-12-30,474,"Tennessee","47"
2023-12-30,2093,"Texas","48"
2023-12-30,63,"Utah","49"
2023-12-30,538,"Virginia","51"
2023-12-30,15,"Vermont","50"
2023-12-30,209,"Washington","53"
2023-12-30,248,"Wisconsin","55"
2023-12-30,169,"West Virginia","54"
2023-12-30,82,"Wyoming","56"
2024-01-06,6,"Alaska","02"
2024-01-06,226,"Alabama","01"
2024-01-06,223,"Arkansas","05"
2024-01-06,716,"Arizona","04"
2024-01-06,1075,"California","06"
2024-01-06,286,"Colorado","08"
2024-01-06,159,"Connecticut","09"
2024-01-06,37,"District of Columbia","11"
2024-01-06,34,"Delaware","10"
2024-01-06,1070,"Florida","12"
2024-01-06,627,"Georgia","13"
2024-01-06,25,"Hawaii","15"
2024-01-06,84,"Iowa","19"
2024-01-06,102,"Idaho","16"
2024-01-06,380,"Illinois","17"
2024-01-06,443,"Indiana","18"
2024-01-06,101,"Kansas","20"
2024-01-06,240,"Kentucky","21"
2024-01-06,252,"Louisiana","22"
2024-01-06,518,"Massachusetts","25"
2024-01-06,245,"Maryland","24"
2024-01-06,47,"Maine","23"
2024-01-06,381,"Michigan","26"
2024-01-06,161,"Minnesota","27"
2024-01-06,316,"Missouri","29"
2024-01-06,230,"Mississippi","28"
2024-01-06,114,"Montana","30"
2024-01-06,505,"North Carolina","37"
2024-01-06,32,"North Dakota","38"
2024-01-06,55,"Nebraska","31"
2024-01-06,47,"New Hampshire","33"
2024-01-06,570,"New Jersey","34"
2024-01-06,154,"New Mexico","35"
2024-01-06,145,"Nevada","32"
2024-01-06,1037,"New York","36"
2024-01-06,542,"Ohio","39"
2024-01-06,210,"Oklahoma","40"
2024-01-06,115,"Oregon","41"
2024-01-06,577,"Pennsylvania","42"
2024-01-06,34,"Rhode Island","44"
2024-01-06,268,"South Carolina","45"
2024-01-06,32,"South Dakota","46"
2024-01-06,390,"Tennessee","47"
2024-01-06,1964,"Texas","48"
2024-01-06,47,"Utah","49"
2024-01-06,381,"Virginia","51"
2024-01-06,24,"Vermont","50"
2024-01-06,161,"Washington","53"
2024-01-06,265,"Wisconsin","55"
2024-01-06,136,"West Virginia","54"
2024-01-06,56,"Wyoming","56"
2024-01-13,9,"Alaska","02"
2024-01-13,169,"Alabama","01"
2024-01-13,227,"Arkansas","05"
2024-01-13,682,"Arizona","04"
2024-01-13,1096,"California","06"
2024-01-13,197,"Colorado","08"
2024-01-13,128,"Connecticut","09"
2024-01-13,27,"District of Columbia","11"
2024-01-13,32,"Delaware","10"
2024-01-13,908,"Florida","12"
2024-01-13,486,"Georgia","13"
2024-01-13,23,"Hawaii","15"
2024-01-13,95,"Iowa","19"
2024-01-13,88,"Idaho","16"
2024-01-13,335,"Illinois","17"
2024-01-13,402,"Indiana","18"
2024-01-13,66,"Kansas","20"
2024-01-13,197,"Kentucky","21"
2024-01-13,141,"Louisiana","22"
2024-01-13,401,"Massachusetts","25"
2024-01-13,198,"Maryland","24"
2024-01-13,40,"Maine","23"
2024-01-13,346,"Michigan","26"
2024-01-13,123,"Minnesota","27"
2024-01-13,266,"Missouri","29"
2024-01-13,158,"Mississippi","28"
2024-01-13,81,"Montana","30"
2024-01-13,310,"North Carolina","37"
2024-01-13,41,"North Dakota","38"
2024-01-13,35,"Nebraska","31"
2024-01-13,30,"New Hampshire","33"
2024-01-13,441,"New Jersey","34"
2024-01-13,114,"New Mexico","35"
2024-01-13,78,"Nevada","32"
2024-01-13,862,"New York","36"
2024-01-13,505,"Ohio","39"
2024-01-13,253,"Oklahoma","40"
2024-01-13,85,"Oregon","41"
2024-01-13,454,"Pennsylvania","42"
2024-01-13,34,"Rhode Island","44"
2024-01-13,197,"South Carolina","45"
2024-01-13,16,"South Dakota","46"
2024-01-13,350,"Tennessee","47"
2024-01-13,1682,"Texas","48"
2024-01-13,28,"Utah","49"
2024-01-13,302,"Virginia","51"
2024-01-13,26,"Vermont","50"
2024-01-13,145,"Washington","53"
2024-01-13,175,"Wisconsin","55"
2024-01-13,145,"West Virginia","54"
2024-01-13,23,"Wyoming","56"
2024-01-20,7,"Alaska","02"
2024-01-20,142,"Alabama","01"
2024-01-20,275,"Arkansas","05"
2024-01-20,616,"Arizona","04"
2024-01-20,732,"California","06"
2024-01-20,229,"Colorado","08"
2024-01-20,156,"Connecticut","09"
2024-01-20,21,"District of Columbia","11"
2024-01-20,28,"Delaware","10"
2024-01-20,835,"Florida","12"
2024-01-20,455,"Georgia","13"
2024-01-20,30,"Hawaii","15"
2024-01-20,76,"Iowa","19"
2024-01-20,69,"Idaho","16"
2024-01-20,275,"Illinois","17"
2024-01-20,428,"Indiana","18"
2024-01-20,68,"Kansas","20"
2024-01-20,251,"Kentucky","21"
2024-01-20,130,"Louisiana","22"
2024-01-20,391,"Massachusetts","25"
2024-01-20,171,"Maryland","24"
2024-01-20,34,"Maine","23"
2024-01-20,388,"Michigan","26"
2024-01-20,144,"Minnesota","27"
2024-01-20,272,"Missouri","29"
2024-01-20,161,"Mississippi","28"
2024-01-20,115,"Montana","30"
2024-01-20,308,"North Carolina","37"
2024-01-20,48,"North Dakota","38"
2024-01-20,47,"Nebraska","31"
2024-01-20,24,"New Hampshire","33"
2024-01-20,345,"New Jersey","34"
2024-01-20,104,"New Mexico","35"
2024-01-20,67,"Nevada","32"
2024-01-20,923,"New York","36"
2024-01-20,590,"Ohio","39"
2024-01-20,346,"Oklahoma","40"
2024-01-20,98,"Oregon","41"
2024-01-20,405,"Pennsylvania","42"
2024-01-20,24,"Rhode Island","44"
2024-01-20,213,"South Carolina","45"
2024-01-20,27,"South Dakota","46"
2024-01-20,280,"Tennessee","47"
2024-01-20,1868,"Texas","48"
2024-01-20,38,"Utah","49"
2024-01-20,262,"Virginia","51"
2024-01-20,21,"Vermont","50"
2024-01-20,120,"Washington","53"
2024-01-20,141,"Wisconsin","55"
2024-01-20,136,"West Virginia","54"
2024-01-20,40,"Wyoming","56"
2024-01-27,8,"Alaska","02"
2024-01-27,103,"Alabama","01"
2024-01-27,245,"Arkansas","05"
2024-01-27,343,"Arizona","04"
2024-01-27,547,"California","06"
2024-01-27,196,"Colorado","08"
2024-01-27,111,"Connecticut","09"
2024-01-27,20,"District of Columbia","11"
2024-01-27,25,"Delaware","10"
2024-01-27,711,"Florida","12"
2024-01-27,354,"Georgia","13"
2024-01-27,5,"Hawaii","15"
2024-01-27,107,"Iowa","19"
2024-01-27,71,"Idaho","16"
2024-01-27,272,"Illinois","17"
2024-01-27,453,"Indiana","18"
2024-01-27,113,"Kansas","20"
2024-01-27,225,"Kentucky","21"
2024-01-27,123,"Louisiana","22"
2024-01-27,446,"Massachusetts","25"
2024-01-27,113,"Maryland","24"
2024-01-27,65,"Maine","23"
2024-01-27,483,"Michigan","26"
2024-01-27,150,"Minnesota","27"
2024-01-27,303,"Missouri","29"
2024-01-27,111,"Mississippi","28"
2024-01-27,85,"Montana","30"
2024-01-27,255,"North Carolina","37"
2024-01-27,40,"North Dakota","38"
2024-01-27,47,"Nebraska","31"
2024-01-27,37,"New Hampshire","33"
2024-01-27,331,"New Jersey","34"
2024-01-27,77,"New Mexico","35"
2024-01-27,58,"Nevada","32"
2024-01-27,769,"New York","36"
2024-01-27,591,"Ohio","39"
2024-01-27,419,"Oklahoma","40"
2024-01-27,84,"Oregon","41"
2024-01-27,450,"Pennsylvania","42"
2024-01-27,17,"Rhode Island","44"
2024-01-27,175,"South Carolina","45"
2024-01-27,23,"South Dakota","46"
2024-01-27,223,"Tennessee","47"
2024-01-27,1869,"Texas","48"
2024-01-27,28,"Utah","49"
2024-01-27,184,"Virginia","51"
2024-01-27,18,"Vermont","50"
2024-01-27,105,"Washington","53"
2024-01-27,175,"Wisconsin","55"
2024-01-27,127,"West Virginia","54"
2024-01-27,39,"Wyoming","56"
2024-02-03,11,"Alaska","02"
2024-02-03,109,"Alabama","01"
2024-02-03,291,"Arkansas","05"
2024-02-03,183,"Arizona","04"
2024-02-03,464,"California","06"
2024-02-03,196,"Colorado","08"
2024-02-03,142,"Connecticut","09"
2024-02-03,14,"District of Columbia","11"
2024-02-03,25,"Delaware","10"
2024-02-03,828,"Florida","12"
2024-02-03,308,"Georgia","13"
2024-02-03,17,"Hawaii","15"
2024-02-03,112,"Iowa","19"
2024-02-03,61,"Idaho","16"
2024-02-03,250,"Illinois","17"
2024-02-03,487,"Indiana","18"
2024-02-03,139,"Kansas","20"
2024-02-03,284,"Kentucky","21"
2024-02-03,97,"Louisiana","22"
2024-02-03,432,"Massachusetts","25"
2024-02-03,111,"Maryland","24"
2024-02-03,77,"Maine","23"
2024-02-03,664,"Michigan","26"
2024-02-03,164,"Minnesota","27"
2024-02-03,344,"Missouri","29"
2024-02-03,86,"Mississippi","28"
2024-02-03,82,"Montana","30"
2024-02-03,174,"North Carolina","37"
2024-02-03,31,"North Dakota","38"
2024-02-03,54,"Nebraska","31"
2024-02-03,43,"New Hampshire","33"
2024-02-03,323,"New Jersey","34"
2024-02-03,78,"New Mexico","35"
2024-02-03,35,"Nevada","32"
2024-02-03,768,"New York","36"
2024-02-03,607,"Ohio","39"
2024-02-03,464,"Oklahoma","40"
2024-02-03,87,"Oregon","41"
2024-02-03,425,"Pennsylvania","42"
2024-02-03,21,"Rhode Island","44"
2024-02-03,132,"South Carolina","45"
2024-02-03,18,"South Dakota","46"
2024-02-03,196,"Tennessee","47"
2024-02-03,1500,"Texas","48"
2024-02-03,16,"Utah","49"
2024-02-03,174,"Virginia","51"
2024-02-03,20,"Vermont","50"
2024-02-03,80,"Washington","53"
2024-02-03,178,"Wisconsin","55"
2024-02-03,131,"West Virginia","54"
2024-02-03,33,"Wyoming","56"
2024-02-10,2,"Alaska","02"
2024-02-10,120,"Alabama","01"
2024-02-10,258,"Arkansas","05"
2024-02-10,204,"Arizona","04"
2024-02-10,342,"California","06"
2024-02-10,137,"Colorado","08"
2024-02-10,119,"Connecticut","09"
2024-02-10,19,"District of Columbia","11"
2024-02-10,36,"Delaware","10"
2024-02-10,678,"Florida","12"
2024-02-10,259,"Georgia","13"
2024-02-10,10,"Hawaii","15"
2024-02-10,124,"Iowa","19"
2024-02-10,59,"Idaho","16"
2024-02-10,262,"Illinois","17"
2024-02-10,439,"Indiana","18"
2024-02-10,111,"Kansas","20"
2024-02-10,282,"Kentucky","21"
2024-02-10,85,"Louisiana","22"
2024-02-10,512,"Massachusetts","25"
2024-02-10,123,"Maryland","24"
2024-02-10,86,"Maine","23"
2024-02-10,770,"Michigan","26"
2024-02-10,173,"Minnesota","27"
2024-02-10,354,"Missouri","29"
2024-02-10,94,"Mississippi","28"
2024-02-10,24,"Montana","30"
2024-02-10,179,"North Carolina","37"
2024-02-10,29,"North Dakota","38"
2024-02-10,54,"Nebraska","31"
2024-02-10,41,"New Hampshire","33"
2024-02-10,370,"New Jersey","34"
2024-02-10,73,"New Mexico","35"
2024-02-10,51,"Nevada","32"
2024-02-10,789,"New York","36"
2024-02-10,610,"Ohio","39"
2024-02-10,389,"Oklahoma","40"
2024-02-10,65,"Oregon","41"
2024-02-10,493,"Pennsylvania","42"
2024-02-10,29,"Rhode Island","44"
2024-02-10,130,"South Carolina","45"
2024-02-10,26,"South Dakota","46"
2024-02-10,195,"Tennessee","47"
2024-02-10,1125,"Texas","48"
2024-02-10,19,"Utah","49"
2024-02-10,195,"Virginia","51"
2024-02-10,21,"Vermont","50"
2024-02-10,73,"Washington","53"
2024-02-10,209,"Wisconsin","55"
2024-02-10,184,"West Virginia","54"
2024-02-10,44,"Wyoming","56"
2024-02-17,4,"Alaska","02"
2024-02-17,87,"Alabama","01"
2024-02-17,275,"Arkansas","05"
2024-02-17,204,"Arizona","04"
2024-02-17,302,"California","06"
2024-02-17,129,"Colorado","08"
2024-02-17,171,"Connecticut","09"
2024-02-17,18,"District of Columbia","11"
2024-02-17,24,"Delaware","10"
2024-02-17,619,"Florida","12"
2024-02-17,192,"Georgia","13"
2024-02-17,14,"Hawaii","15"
2024-02-17,157,"Iowa","19"
2024-02-17,90,"Idaho","16"
2024-02-17,318,"Illinois","17"
2024-02-17,419,"Indiana","18"
2024-02-17,82,"Kansas","20"
2024-02-17,279,"Kentucky","21"
2024-02-17,94,"Louisiana","22"
2024-02-17,463,"Massachusetts","25"
2024-02-17,118,"Maryland","24"
2024-02-17,69,"Maine","23"
2024-02-17,974,"Michigan","26"
2024-02-17,159,"Minnesota","27"
2024-02-17,454,"Missouri","29"
2024-02-17,55,"Mississippi","28"
2024-02-17,22,"Montana","30"
2024-02-17,160,"North Carolina","37"
2024-02-17,25,"North Dakota","38"
2024-02-17,84,"Nebraska","31"
2024-02-17,33,"New Hampshire","33"
2024-02-17,297,"New Jersey","34"
2024-02-17,60,"New Mexico","35"
2024-02-17,43,"Nevada","32"
2024-02-17,793,"New York","36"
2024-02-17,658,"Ohio","39"
2024-02-17,169,"Oklahoma","40"
2024-02-17,89,"Oregon","41"
2024-02-17,493,"Pennsylvania","42"
2024-02-17,34,"Rhode Island","44"
2024-02-17,111,"South Carolina","45"
2024-02-17,42,"South Dakota","46"
2024-02-17,201,"Tennessee","47"
2024-02-17,995,"Texas","48"
2024-02-17,9,"Utah","49"
2024-02-17,207,"Virginia","51"
2024-02-17,26,"Vermont","50"
2024-02-17,97,"Washington","53"
2024-02-17,213,"Wisconsin","55"
2024-02-17,163,"West Virginia","54"
2024-02-17,27,"Wyoming","56"
2024-02-24,11,"Alaska","02"
2024-02-24,81,"Alabama","01"
2024-02-24,278,"Arkansas","05"
2024-02-24,182,"Arizona","04"
2024-02-24,266,"California","06"
2024-02-24,93,"Colorado","08"
2024-02-24,212,"Connecticut","09"
2024-02-24,15,"District of Columbia","11"
2024-02-24,33,"Delaware","10"
2024-02-24,538,"Florida","12"
2024-02-24,203,"Georgia","13"
2024-02-24,16,"Hawaii","15"
2024-02-24,180,"Iowa","19"
2024-02-24,61,"Idaho","16"
2024-02-24,331,"Illinois","17"
2024-02-24,390,"Indiana","18"
2024-02-24,87,"Kansas","20"
2024-02-24,280,"Kentucky","21"
2024-02-24,77,"Louisiana","22"
2024-02-24,508,"Massachusetts","25"
2024-02-24,176,"Maryland","24"
2024-02-24,64,"Maine","23"
2024-02-24,1017,"Michigan","26"
2024-02-24,182,"Minnesota","27"
2024-02-24,444,"Missouri","29"
2024-02-24,67,"Mississippi","28"
2024-02-24,27,"Montana","30"
2024-02-24,160,"North Carolina","37"
2024-02-24,22,"North Dakota","38"
2024-02-24,95,"Nebraska","31"
2024-02-24,39,"New Hampshire","33"
2024-02-24,343,"New Jersey","34"
2024-02-24,61,"New Mexico","35"
2024-02-24,49,"Nevada","32"
2024-02-24,773,"New York","36"
2024-02-24,637,"Ohio","39"
2024-02-24,179,"Oklahoma","40"
2024-02-24,76,"Oregon","41"
2024-02-24,544,"Pennsylvania","42"
2024-02-24,27,"Rhode Island","44"
2024-02-24,107,"South Carolina","45"
2024-02-24,46,"South Dakota","46"
2024-02-24,236,"Tennessee","47"
2024-02-24,811,"Texas","48"
2024-02-24,17,"Utah","49"
2024-02-24,219,"Virginia","51"
2024-02-24,30,"Vermont","50"
2024-02-24,75,"Washington","53"
2024-02-24,200,"Wisconsin","55"
2024-02-24,181,"West Virginia","54"
2024-02-24,25,"Wyoming","56"
2024-03-02,5,"Alaska","02"
2024-03-02,85,"Alabama","01"
2024-03-02,247,"Arkansas","05"
2024-03-02,125,"Arizona","04"
2024-03-02,207,"California","06"
2024-03-02,80,"Colorado","08"
2024-03-02,165,"Connecticut","09"
2024-03-02,36,"District of Columbia","11"
2024-03-02,26,"Delaware","10"
2024-03-02,536,"Florida","12"
2024-03-02,156,"Georgia","13"
2024-03-02,9,"Hawaii","15"
2024-03-02,178,"Iowa","19"
2024-03-02,70,"Idaho","16"
2024-03-02,267,"Illinois","17"
2024-03-02,414,"Indiana","18"
2024-03-02,84,"Kansas","20"
2024-03-02,190,"Kentucky","21"
2024-03-02,55,"Louisiana","22"
2024-03-02,402,"Massachusetts","25"
2024-03-02,170,"Maryland","24"
2024-03-02,50,"Maine","23"
2024-03-02,851,"Michigan","26"
2024-03-02,174,"Minnesota","27"
2024-03-02,408,"Missouri","29"
2024-03-02,61,"Mississippi","28"
2024-03-02,28,"Montana","30"
2024-03-02,132,"North Carolina","37"
2024-03-02,21,"North Dakota","38"
2024-03-02,86,"Nebraska","31"
2024-03-02,33,"New Hampshire","33"
2024-03-02,272,"New Jersey","34"
2024-03-02,77,"New Mexico","35"
2024-03-02,43,"Nevada","32"
2024-03-02,596,"New York","36"
2024-03-02,623,"Ohio","39"
2024-03-02,181,"Oklahoma","40"
2024-03-02,79,"Oregon","41"
2024-03-02,511,"Pennsylvania","42"
2024-03-02,23,"Rhode Island","44"
2024-03-02,97,"South Carolina","45"
2024-03-02,37,"South Dakota","46"
2024-03-02,188,"Tennessee","47"
2024-03-02,637,"Texas","48"
2024-03-02,14,"Utah","49"
2024-03-02,196,"Virginia","51"
2024-03-02,29,"Vermont","50"
2024-03-02,56,"Washington","53"
2024-03-02,197,"Wisconsin","55"
2024-03-02,143,"West Virginia","54"
2024-03-02,15,"Wyoming","56"
2024-03-09,9,"Alaska","02"
2024-03-09,65,"Alabama","01"
2024-03-09,190,"Arkansas","05"
2024-03-09,134,"Arizona","04"
2024-03-09,188,"California","06"
2024-03-09,96,"Colorado","08"
2024-03-09,99,"Connecticut","09"
2024-03-09,14,"District of Columbia","11"
2024-03-09,18,"Delaware","10"
2024-03-09,516,"Florida","12"
2024-03-09,102,"Georgia","13"
2024-03-09,18,"Hawaii","15"
2024-03-09,115,"Iowa","19"
2024-03-09,68,"Idaho","16"
2024-03-09,250,"Illinois","17"
2024-03-09,275,"Indiana","18"
2024-03-09,95,"Kansas","20"
2024-03-09,142,"Kentucky","21"
2024-03-09,40,"Louisiana","22"
2024-03-09,323,"Massachusetts","25"
2024-03-09,114,"Maryland","24"
2024-03-09,33,"Maine","23"
2024-03-09,599,"Michigan","26"
2024-03-09,164,"Minnesota","27"
2024-03-09,281,"Missouri","29"
2024-03-09,55,"Mississippi","28"
2024-03-09,35,"Montana","30"
2024-03-09,94,"North Carolina","37"
2024-03-09,29,"North Dakota","38"
2024-03-09,69,"Nebraska","31"
2024-03-09,38,"New Hampshire","33"
2024-03-09,218,"New Jersey","34"
2024-03-09,45,"New Mexico","35"
2024-03-09,30,"Nevada","32"
2024-03-09,414,"New York","36"
2024-03-09,357,"Ohio","39"
2024-03-09,139,"Oklahoma","40"
2024-03-09,68,"Oregon","41"
2024-03-09,369,"Pennsylvania","42"
2024-03-09,21,"Rhode Island","44"
2024-03-09,74,"South Carolina","45"
2024-03-09,43,"South Dakota","46"
2024-03-09,129,"Tennessee","47"
2024-03-09,538,"Texas","48"
2024-03-09,13,"Utah","49"
2024-03-09,134,"Virginia","51"
2024-03-09,24,"Vermont","50"
2024-03-09,85,"Washington","53"
2024-03-09,183,"Wisconsin","55"
2024-03-09,101,"West Virginia","54"
2024-03-09,11,"Wyoming","56"
2024-03-16,10,"Alaska","02"
2024-03-16,70,"Alabama","01"
2024-03-16,103,"Arkansas","05"
2024-03-16,106,"Arizona","04"
2024-03-16,175,"California","06"
2024-03-16,97,"Colorado","08"
2024-03-16,83,"Connecticut","09"
2024-03-16,20,"District of Columbia","11"
2024-03-16,16,"Delaware","10"
2024-03-16,423,"Florida","12"
2024-03-16,81,"Georgia","13"
2024-03-16,6,"Hawaii","15"
2024-03-16,94,"Iowa","19"
2024-03-16,55,"Idaho","16"
2024-03-16,212,"Illinois","17"
2024-03-16,174,"Indiana","18"
2024-03-16,66,"Kansas","20"
2024-03-16,129,"Kentucky","21"
2024-03-16,33,"Louisiana","22"
2024-03-16,240,"Massachusetts","25"
2024-03-16,75,"Maryland","24"
2024-03-16,26,"Maine","23"
2024-03-16,530,"Michigan","26"
2024-03-16,133,"Minnesota","27"
2024-03-16,192,"Missouri","29"
2024-03-16,45,"Mississippi","28"
2024-03-16,21,"Montana","30"
2024-03-16,83,"North Carolina","37"
2024-03-16,20,"North Dakota","38"
2024-03-16,60,"Nebraska","31"
2024-03-16,25,"New Hampshire","33"
2024-03-16,180,"New Jersey","34"
2024-03-16,57,"New Mexico","35"
2024-03-16,39,"Nevada","32"
2024-03-16,356,"New York","36"
2024-03-16,299,"Ohio","39"
2024-03-16,94,"Oklahoma","40"
2024-03-16,97,"Oregon","41"
2024-03-16,345,"Pennsylvania","42"
2024-03-16,13,"Rhode Island","44"
2024-03-16,66,"South Carolina","45"
2024-03-16,59,"South Dakota","46"
2024-03-16,127,"Tennessee","47"
2024-03-16,398,"Texas","48"
2024-03-16,11,"Utah","49"
2024-03-16,135,"Virginia","51"
2024-03-16,18,"Vermont","50"
2024-03-16,81,"Washington","53"
2024-03-16,132,"Wisconsin","55"
2024-03-16,80,"West Virginia","54"
2024-03-16,5,"Wyoming","56"
2024-03-23,8,"Alaska","02"
2024-03-23,60,"Alabama","01"
2024-03-23,82,"Arkansas","05"
2024-03-23,97,"Arizona","04"
2024-03-23,180,"California","06"
2024-03-23,68,"Colorado","08"
2024-03-23,89,"Connecticut","09"
2024-03-23,18,"District of Columbia","11"
2024-03-23,15,"Delaware","10"
2024-03-23,404,"Florida","12"
2024-03-23,64,"Georgia","13"
2024-03-23,7,"Hawaii","15"
2024-03-23,90,"Iowa","19"
2024-03-23,45,"Idaho","16"
2024-03-23,201,"Illinois","17"
2024-03-23,175,"Indiana","18"
2024-03-23,66,"Kansas","20"
2024-03-23,120,"Kentucky","21"
2024-03-23,47,"Louisiana","22"
2024-03-23,228,"Massachusetts","25"
2024-03-23,76,"Maryland","24"
2024-03-23,23,"Maine","23"
2024-03-23,523,"Michigan","26"
2024-03-23,124,"Minnesota","27"
2024-03-23,193,"Missouri","29"
2024-03-23,47,"Mississippi","28"
2024-03-23,29,"Montana","30"
2024-03-23,88,"North Carolina","37"
2024-03-23,31,"North Dakota","38"
2024-03-23,51,"Nebraska","31"
2024-03-23,17,"New Hampshire","33"
2024-03-23,188,"New Jersey","34"
2024-03-23,36,"New Mexico","35"
2024-03-23,26,"Nevada","32"
2024-03-23,391,"New York","36"
2024-03-23,244,"Ohio","39"
2024-03-23,91,"Oklahoma","40"
2024-03-23,64,"Oregon","41"
2024-03-23,267,"Pennsylvania","42"
2024-03-23,14,"Rhode Island","44"
2024-03-23,63,"South Carolina","45"
2024-03-23,33,"South Dakota","46"
2024-03-23,84,"Tennessee","47"
2024-03-23,360,"Texas","48"
2024-03-23,11,"Utah","49"
2024-03-23,111,"Virginia","51"
2024-03-23,15,"Vermont","50"
2024-03-23,56,"Washington","53"
2024-03-23,126,"Wisconsin","55"
2024-03-23,71,"West Virginia","54"
2024-03-23,11,"Wyoming","56"
2024-03-30,7,"Alaska","02"
2024-03-30,39,"Alabama","01"
2024-03-30,60,"Arkansas","05"
2024-03-30,81,"Arizona","04"
2024-03-30,151,"California","06"
2024-03-30,49,"Colorado","08"
2024-03-30,88,"Connecticut","09"
2024-03-30,23,"District of Columbia","11"
2024-03-30,19,"Delaware","10"
2024-03-30,312,"Florida","12"
2024-03-30,60,"Georgia","13"
2024-03-30,9,"Hawaii","15"
2024-03-30,82,"Iowa","19"
2024-03-30,31,"Idaho","16"
2024-03-30,182,"Illinois","17"
2024-03-30,166,"Indiana","18"
2024-03-30,42,"Kansas","20"
2024-03-30,102,"Kentucky","21"
2024-03-30,32,"Louisiana","22"
2024-03-30,227,"Massachusetts","25"
2024-03-30,88,"Maryland","24"
2024-03-30,24,"Maine","23"
2024-03-30,457,"Michigan","26"
2024-03-30,112,"Minnesota","27"
2024-03-30,148,"Missouri","29"
2024-03-30,53,"Mississippi","28"
2024-03-30,7,"Montana","30"
2024-03-30,77,"North Carolina","37"
2024-03-30,19,"North Dakota","38"
2024-03-30,54,"Nebraska","31"
2024-03-30,16,"New Hampshire","33"
2024-03-30,168,"New Jersey","34"
2024-03-30,41,"New Mexico","35"
2024-03-30,35,"Nevada","32"
2024-03-30,411,"New York","36"
2024-03-30,264,"Ohio","39"
2024-03-30,63,"Oklahoma","40"
2024-03-30,51,"Oregon","41"
2024-03-30,256,"Pennsylvania","42"
2024-03-30,16,"Rhode Island","44"
2024-03-30,44,"South Carolina","45"
2024-03-30,37,"South Dakota","46"
2024-03-30,102,"Tennessee","47"
2024-03-30,308,"Texas","48"
2024-03-30,5,"Utah","49"
2024-03-30,157,"Virginia","51"
2024-03-30,9,"Vermont","50"
2024-03-30,43,"Washington","53"
2024-03-30,124,"Wisconsin","55"
2024-03-30,68,"West Virginia","54"
2024-03-30,7,"Wyoming","56"
2024-04-06,4,"Alaska","02"
2024-04-06,19,"Alabama","01"
2024-04-06,47,"Arkansas","05"
2024-04-06,85,"Arizona","04"
2024-04-06,179,"California","06"
2024-04-06,55,"Colorado","08"
2024-04-06,62,"Connecticut","09"
2024-04-06,17,"District of Columbia","11"
2024-04-06,7,"Delaware","10"
2024-04-06,326,"Florida","12"
2024-04-06,57,"Georgia","13"
2024-04-06,12,"Hawaii","15"
2024-04-06,63,"Iowa","19"
2024-04-06,12,"Idaho","16"
2024-04-06,186,"Illinois","17"
2024-04-06,112,"Indiana","18"
2024-04-06,27,"Kansas","20"
2024-04-06,67,"Kentucky","21"
2024-04-06,30,"Louisiana","22"
2024-04-06,177,"Massachusetts","25"
2024-04-06,55,"Maryland","24"
2024-04-06,15,"Maine","23"
2024-04-06,334,"Michigan","26"
2024-04-06,79,"Minnesota","27"
2024-04-06,108,"Missouri","29"
2024-04-06,38,"Mississippi","28"
2024-04-06,9,"Montana","30"
2024-04-06,55,"North Carolina","37"
2024-04-06,18,"North Dakota","38"
2024-04-06,45,"Nebraska","31"
2024-04-06,14,"New Hampshire","33"
2024-04-06,130,"New Jersey","34"
2024-04-06,19,"New Mexico","35"
2024-04-06,23,"Nevada","32"
2024-04-06,366,"New York","36"
2024-04-06,193,"Ohio","39"
2024-04-06,35,"Oklahoma","40"
2024-04-06,33,"Oregon","41"
2024-04-06,196,"Pennsylvania","42"
2024-04-06,14,"Rhode Island","44"
2024-04-06,64,"South Carolina","45"
2024-04-06,14,"South Dakota","46"
2024-04-06,77,"Tennessee","47"
2024-04-06,275,"Texas","48"
2024-04-06,1,"Utah","49"
2024-04-06,110,"Virginia","51"
2024-04-06,16,"Vermont","50"
2024-04-06,42,"Washington","53"
2024-04-06,77,"Wisconsin","55"
2024-04-06,22,"West Virginia","54"
2024-04-06,6,"Wyoming","56"
2024-04-13,2,"Alaska","02"
2024-04-13,17,"Alabama","01"
2024-04-13,30,"Arkansas","05"
2024-04-13,79,"Arizona","04"
2024-04-13,157,"California","06"
2024-04-13,26,"Colorado","08"
2024-04-13,57,"Connecticut","09"
2024-04-13,14,"District of Columbia","11"
2024-04-13,8,"Delaware","10"
2024-04-13,239,"Florida","12"
2024-04-13,40,"Georgia","13"
2024-04-13,5,"Hawaii","15"
2024-04-13,53,"Iowa","19"
2024-04-13,15,"Idaho","16"
2024-04-13,122,"Illinois","17"
2024-04-13,61,"Indiana","18"
2024-04-13,40,"Kansas","20"
2024-04-13,46,"Kentucky","21"
2024-04-13,24,"Louisiana","22"
2024-04-13,127,"Massachusetts","25"
2024-04-13,38,"Maryland","24"
2024-04-13,16,"Maine","23"
2024-04-13,170,"Michigan","26"
2024-04-13,53,"Minnesota","27"
2024-04-13,83,"Missouri","29"
2024-04-13,25,"Mississippi","28"
2024-04-13,6,"Montana","30"
2024-04-13,23,"North Carolina","37"
2024-04-13,15,"North Dakota","38"
2024-04-13,27,"Nebraska","31"
2024-04-13,12,"New Hampshire","33"
2024-04-13,110,"New Jersey","34"
2024-04-13,15,"New Mexico","35"
2024-04-13,26,"Nevada","32"
2024-04-13,217,"New York","36"
2024-04-13,110,"Ohio","39"
2024-04-13,30,"Oklahoma","40"
2024-04-13,32,"Oregon","41"
2024-04-13,146,"Pennsylvania","42"
2024-04-13,11,"Rhode Island","44"
2024-04-13,37,"South Carolina","45"
2024-04-13,24,"South Dakota","46"
2024-04-13,58,"Tennessee","47"
2024-04-13,255,"Texas","48"
2024-04-13,3,"Utah","49"
2024-04-13,79,"Virginia","51"
2024-04-13,10,"Vermont","50"
2024-04-13,26,"Washington","53"
2024-04-13,66,"Wisconsin","55"
2024-04-13,13,"West Virginia","54"
2024-04-13,2,"Wyoming","56"
2024-04-20,5,"Alaska","02"
2024-04-20,15,"Alabama","01"
2024-04-20,60,"Arkansas","05"
2024-04-20,105,"Arizona","04"
2024-04-20,156,"California","06"
2024-04-20,23,"Colorado","08"
2024-04-20,64,"Connecticut","09"
2024-04-20,8,"District of Columbia","11"
2024-04-20,2,"Delaware","10"
2024-04-20,262,"Florida","12"
2024-04-20,35,"Georgia","13"
2024-04-20,14,"Hawaii","15"
2024-04-20,22,"Iowa","19"
2024-04-20,16,"Idaho","16"
2024-04-20,88,"Illinois","17"
2024-04-20,46,"Indiana","18"
2024-04-20,27,"Kansas","20"
2024-04-20,25,"Kentucky","21"
2024-04-20,17,"Louisiana","22"
2024-04-20,69,"Massachusetts","25"
2024-04-20,20,"Maryland","24"
2024-04-20,14,"Maine","23"
2024-04-20,123,"Michigan","26"
2024-04-20,39,"Minnesota","27"
2024-04-20,59,"Missouri","29"
2024-04-20,21,"Mississippi","28"
2024-04-20,3,"Montana","30"
2024-04-20,13,"North Carolina","37"
2024-04-20,7,"North Dakota","38"
2024-04-20,17,"Nebraska","31"
2024-04-20,4,"New Hampshire","33"
2024-04-20,89,"New Jersey","34"
2024-04-20,20,"New Mexico","35"
2024-04-20,21,"Nevada","32"
2024-04-20,164,"New York","36"
2024-04-20,78,"Ohio","39"
2024-04-20,36,"Oklahoma","40"
2024-04-20,30,"Oregon","41"
2024-04-20,116,"Pennsylvania","42"
2024-04-20,7,"Rhode Island","44"
2024-04-20,30,"South Carolina","45"
2024-04-20,14,"South Dakota","46"
2024-04-20,51,"Tennessee","47"
2024-04-20,171,"Texas","48"
2024-04-20,6,"Utah","49"
2024-04-20,58,"Virginia","51"
2024-04-20,6,"Vermont","50"
2024-04-20,37,"Washington","53"
2024-04-20,37,"Wisconsin","55"
2024-04-20,22,"West Virginia","54"
2024-04-20,4,"Wyoming","56"
2024-04-27,3,"Alaska","02"
2024-04-27,10,"Alabama","01"
2024-04-27,14,"Arkansas","05"
2024-04-27,75,"Arizona","04"
2024-04-27,77,"California","06"
2024-04-27,23,"Colorado","08"
2024-04-27,34,"Connecticut","09"
2024-04-27,5,"District of Columbia","11"
2024-04-27,4,"Delaware","10"
2024-04-27,141,"Florida","12"
2024-04-27,16,"Georgia","13"
2024-04-27,6,"Hawaii","15"
2024-04-27,9,"Iowa","19"
2024-04-27,2,"Idaho","16"
2024-04-27,43,"Illinois","17"
2024-04-27,36,"Indiana","18"
2024-04-27,9,"Kansas","20"
2024-04-27,10,"Kentucky","21"
2024-04-27,9,"Louisiana","22"
2024-04-27,58,"Massachusetts","25"
2024-04-27,10,"Maryland","24"
2024-04-27,9,"Maine","23"
2024-04-27,83,"Michigan","26"
2024-04-27,18,"Minnesota","27"
2024-04-27,33,"Missouri","29"
2024-04-27,20,"Mississippi","28"
2024-04-27,0,"Montana","30"
2024-04-27,8,"North Carolina","37"
2024-04-27,4,"North Dakota","38"
2024-04-27,5,"Nebraska","31"
2024-04-27,3,"New Hampshire","33"
2024-04-27,81,"New Jersey","34"
2024-04-27,11,"New Mexico","35"
2024-04-27,10,"Nevada","32"
2024-04-27,132,"New York","36"
2024-04-27,46,"Ohio","39"
2024-04-27,16,"Oklahoma","40"
2024-04-27,17,"Oregon","41"
2024-04-27,95,"Pennsylvania","42"
2024-04-27,3,"Rhode Island","44"
2024-04-27,31,"South Carolina","45"
2024-04-27,7,"South Dakota","46"
2024-04-27,22,"Tennessee","47"
2024-04-27,89,"Texas","48"
2024-04-27,2,"Utah","49"
2024-04-27,58,"Virginia","51"
2024-04-27,4,"Vermont","50"
2024-04-27,25,"Washington","53"
2024-04-27,15,"Wisconsin","55"
2024-04-27,7,"West Virginia","54"
2024-04-27,4,"Wyoming","56"
2024-05-04,6,"Alaska","02"
2024-05-04,0,"Alabama","01"
2024-05-04,12,"Arkansas","05"
2024-05-04,73,"Arizona","04"
2024-05-04,49,"California","06"
2024-05-04,12,"Colorado","08"
2024-05-04,22,"Connecticut","09"
2024-05-04,4,"District of Columbia","11"
2024-05-04,1,"Delaware","10"
2024-05-04,85,"Florida","12"
2024-05-04,7,"Georgia","13"
2024-05-04,3,"Hawaii","15"
2024-05-04,3,"Iowa","19"
2024-05-04,0,"Idaho","16"
2024-05-04,13,"Illinois","17"
2024-05-04,12,"Indiana","18"
2024-05-04,5,"Kansas","20"
2024-05-04,3,"Kentucky","21"
2024-05-04,8,"Louisiana","22"
2024-05-04,48,"Massachusetts","25"
2024-05-04,5,"Maryland","24"
2024-05-04,8,"Maine","23"
2024-05-04,50,"Michigan","26"
2024-05-04,0,"Minnesota","27"
2024-05-04,18,"Missouri","29"
2024-05-04,14,"Mississippi","28"
2024-05-04,2,"Montana","30"
2024-05-04,0,"North Carolina","37"
2024-05-04,0,"North Dakota","38"
2024-05-04,1,"Nebraska","31"
2024-05-04,0,"New Hampshire","33"
2024-05-04,47,"New Jersey","34"
2024-05-04,16,"New Mexico","35"
2024-05-04,1,"Nevada","32"
2024-05-04,52,"New York","36"
2024-05-04,9,"Ohio","39"
2024-05-04,9,"Oklahoma","40"
2024-05-04,18,"Oregon","41"
2024-05-04,84,"Pennsylvania","42"
2024-05-04,4,"Rhode Island","44"
2024-05-04,21,"South Carolina","45"
2024-05-04,1,"South Dakota","46"
2024-05-04,17,"Tennessee","47"
2024-05-04,1,"Texas","48"
2024-05-04,3,"Utah","49"
2024-05-04,39,"Virginia","51"
2024-05-04,0,"Vermont","50"
2024-05-04,28,"Washington","53"
2024-05-04,10,"Wisconsin","55"
2024-05-04,0,"West Virginia","54"
2024-05-04,0,"Wyoming","56"
2024-05-11,1,"Alaska","02"
2024-05-11,2,"Alabama","01"
2024-05-11,0,"Arkansas","05"
2024-05-11,66,"Arizona","04"
2024-05-11,57,"California","06"
2024-05-11,6,"Colorado","08"
2024-05-11,10,"Connecticut","09"
2024-05-11,2,"District of Columbia","11"
2024-05-11,1,"Delaware","10"
2024-05-11,91,"Florida","12"
2024-05-11,6,"Georgia","13"
2024-05-11,2,"Hawaii","15"
2024-05-11,3,"Iowa","19"
2024-05-11,0,"Idaho","16"
2024-05-11,10,"Illinois","17"
2024-05-11,11,"Indiana","18"
2024-05-11,2,"Kansas","20"
2024-05-11,5,"Kentucky","21"
2024-05-11,3,"Louisiana","22"
2024-05-11,NA,"Massachusetts","25"
2024-05-11,0,"Maryland","24"
2024-05-11,3,"Maine","23"
2024-05-11,31,"Michigan","26"
2024-05-11,NA,"Minnesota","27"
2024-05-11,11,"Missouri","29"
2024-05-11,22,"Mississippi","28"
2024-05-11,1,"Montana","30"
2024-05-11,0,"North Carolina","37"
2024-05-11,1,"North Dakota","38"
2024-05-11,2,"Nebraska","31"
2024-05-11,0,"New Hampshire","33"
2024-05-11,32,"New Jersey","34"
2024-05-11,14,"New Mexico","35"
2024-05-11,2,"Nevada","32"
2024-05-11,28,"New York","36"
2024-05-11,12,"Ohio","39"
2024-05-11,5,"Oklahoma","40"
2024-05-11,21,"Oregon","41"
2024-05-11,92,"Pennsylvania","42"
2024-05-11,1,"Rhode Island","44"
2024-05-11,22,"South Carolina","45"
2024-05-11,0,"South Dakota","46"
2024-05-11,21,"Tennessee","47"
2024-05-11,0,"Texas","48"
2024-05-11,0,"Utah","49"
2024-05-11,39,"Virginia","51"
2024-05-11,0,"Vermont","50"
2024-05-11,12,"Washington","53"
2024-05-11,11,"Wisconsin","55"
2024-05-11,0,"West Virginia","54"
2024-05-11,1,"Wyoming","56"
2024-05-18,2,"Alaska","02"
2024-05-18,0,"Alabama","01"
2024-05-18,2,"Arkansas","05"
2024-05-18,66,"Arizona","04"
2024-05-18,42,"California","06"
2024-05-18,11,"Colorado","08"
2024-05-18,6,"Connecticut","09"
2024-05-18,2,"District of Columbia","11"
2024-05-18,1,"Delaware","10"
2024-05-18,97,"Florida","12"
2024-05-18,3,"Georgia","13"
2024-05-18,2,"Hawaii","15"
2024-05-18,2,"Iowa","19"
2024-05-18,0,"Idaho","16"
2024-05-18,9,"Illinois","17"
2024-05-18,4,"Indiana","18"
2024-05-18,5,"Kansas","20"
2024-05-18,3,"Kentucky","21"
2024-05-18,9,"Louisiana","22"
2024-05-18,NA,"Massachusetts","25"
2024-05-18,0,"Maryland","24"
2024-05-18,5,"Maine","23"
2024-05-18,29,"Michigan","26"
2024-05-18,NA,"Minnesota","27"
2024-05-18,10,"Missouri","29"
2024-05-18,8,"Mississippi","28"
2024-05-18,1,"Montana","30"
2024-05-18,0,"North Carolina","37"
2024-05-18,0,"North Dakota","38"
2024-05-18,0,"Nebraska","31"
2024-05-18,0,"New Hampshire","33"
2024-05-18,37,"New Jersey","34"
2024-05-18,8,"New Mexico","35"
2024-05-18,0,"Nevada","32"
2024-05-18,20,"New York","36"
2024-05-18,11,"Ohio","39"
2024-05-18,6,"Oklahoma","40"
2024-05-18,14,"Oregon","41"
2024-05-18,85,"Pennsylvania","42"
2024-05-18,1,"Rhode Island","44"
2024-05-18,18,"South Carolina","45"
2024-05-18,1,"South Dakota","46"
2024-05-18,20,"Tennessee","47"
2024-05-18,3,"Texas","48"
2024-05-18,0,"Utah","49"
2024-05-18,32,"Virginia","51"
2024-05-18,1,"Vermont","50"
2024-05-18,21,"Washington","53"
2024-05-18,3,"Wisconsin","55"
2024-05-18,0,"West Virginia","54"
2024-05-18,5,"Wyoming","56"
2024-05-25,3,"Alaska","02"
2024-05-25,0,"Alabama","01"
2024-05-25,6,"Arkansas","05"
2024-05-25,68,"Arizona","04"
2024-05-25,56,"California","06"
2024-05-25,10,"Colorado","08"
2024-05-25,4,"Connecticut","09"
2024-05-25,0,"District of Columbia","11"
2024-05-25,0,"Delaware","10"
2024-05-25,77,"Florida","12"
2024-05-25,5,"Georgia","13"
2024-05-25,6,"Hawaii","15"
2024-05-25,1,"Iowa","19"
2024-05-25,0,"Idaho","16"
2024-05-25,9,"Illinois","17"
2024-05-25,5,"Indiana","18"
2024-05-25,2,"Kansas","20"
2024-05-25,5,"Kentucky","21"
2024-05-25,6,"Louisiana","22"
2024-05-25,NA,"Massachusetts","25"
2024-05-25,5,"Maryland","24"
2024-05-25,5,"Maine","23"
2024-05-25,15,"Michigan","26"
2024-05-25,NA,"Minnesota","27"
2024-05-25,6,"Missouri","29"
2024-05-25,13,"Mississippi","28"
2024-05-25,2,"Montana","30"
2024-05-25,0,"North Carolina","37"
2024-05-25,0,"North Dakota","38"
2024-05-25,0,"Nebraska","31"
2024-05-25,0,"New Hampshire","33"
2024-05-25,26,"New Jersey","34"
2024-05-25,10,"New Mexico","35"
2024-05-25,1,"Nevada","32"
2024-05-25,12,"New York","36"
2024-05-25,5,"Ohio","39"
2024-05-25,2,"Oklahoma","40"
2024-05-25,17,"Oregon","41"
2024-05-25,79,"Pennsylvania","42"
2024-05-25,1,"Rhode Island","44"
2024-05-25,19,"South Carolina","45"
2024-05-25,0,"South Dakota","46"
2024-05-25,30,"Tennessee","47"
2024-05-25,0,"Texas","48"
2024-05-25,0,"Utah","49"
2024-05-25,45,"Virginia","51"
2024-05-25,1,"Vermont","50"
2024-05-25,21,"Washington","53"
2024-05-25,3,"Wisconsin","55"
2024-05-25,0,"West Virginia","54"
2024-05-25,0,"Wyoming","56"
2024-06-01,3,"Alaska","02"
2024-06-01,0,"Alabama","01"
2024-06-01,5,"Arkansas","05"
2024-06-01,53,"Arizona","04"
2024-06-01,59,"California","06"
2024-06-01,4,"Colorado","08"
2024-06-01,5,"Connecticut","09"
2024-06-01,0,"District of Columbia","11"
2024-06-01,1,"Delaware","10"
2024-06-01,81,"Florida","12"
2024-06-01,2,"Georgia","13"
2024-06-01,1,"Hawaii","15"
2024-06-01,0,"Iowa","19"
2024-06-01,0,"Idaho","16"
2024-06-01,8,"Illinois","17"
2024-06-01,5,"Indiana","18"
2024-06-01,5,"Kansas","20"
2024-06-01,7,"Kentucky","21"
2024-06-01,5,"Louisiana","22"
2024-06-01,NA,"Massachusetts","25"
2024-06-01,3,"Maryland","24"
2024-06-01,1,"Maine","23"
2024-06-01,9,"Michigan","26"
2024-06-01,NA,"Minnesota","27"
2024-06-01,4,"Missouri","29"
2024-06-01,11,"Mississippi","28"
2024-06-01,0,"Montana","30"
2024-06-01,0,"North Carolina","37"
2024-06-01,0,"North Dakota","38"
2024-06-01,1,"Nebraska","31"
2024-06-01,0,"New Hampshire","33"
2024-06-01,20,"New Jersey","34"
2024-06-01,5,"New Mexico","35"
2024-06-01,0,"Nevada","32"
2024-06-01,10,"New York","36"
2024-06-01,3,"Ohio","39"
2024-06-01,1,"Oklahoma","40"
2024-06-01,16,"Oregon","41"
2024-06-01,59,"Pennsylvania","42"
2024-06-01,0,"Rhode Island","44"
2024-06-01,28,"South Carolina","45"
2024-06-01,0,"South Dakota","46"
2024-06-01,17,"Tennessee","47"
2024-06-01,1,"Texas","48"
2024-06-01,0,"Utah","49"
2024-06-01,24,"Virginia","51"
2024-06-01,0,"Vermont","50"
2024-06-01,39,"Washington","53"
2024-06-01,0,"Wisconsin","55"
2024-06-01,0,"West Virginia","54"
2024-06-01,5,"Wyoming","56"
2024-06-08,3,"Alaska","02"
2024-06-08,0,"Alabama","01"
2024-06-08,5,"Arkansas","05"
2024-06-08,69,"Arizona","04"
2024-06-08,58,"California","06"
2024-06-08,3,"Colorado","08"
2024-06-08,2,"Connecticut","09"
2024-06-08,0,"District of Columbia","11"
2024-06-08,0,"Delaware","10"
2024-06-08,80,"Florida","12"
2024-06-08,1,"Georgia","13"
2024-06-08,3,"Hawaii","15"
2024-06-08,1,"Iowa","19"
2024-06-08,0,"Idaho","16"
2024-06-08,9,"Illinois","17"
2024-06-08,2,"Indiana","18"
2024-06-08,1,"Kansas","20"
2024-06-08,3,"Kentucky","21"
2024-06-08,4,"Louisiana","22"
2024-06-08,NA,"Massachusetts","25"
2024-06-08,0,"Maryland","24"
2024-06-08,3,"Maine","23"
2024-06-08,9,"Michigan","26"
2024-06-08,NA,"Minnesota","27"
2024-06-08,3,"Missouri","29"
2024-06-08,13,"Mississippi","28"
2024-06-08,2,"Montana","30"
2024-06-08,0,"North Carolina","37"
2024-06-08,0,"North Dakota","38"
2024-06-08,0,"Nebraska","31"
2024-06-08,0,"New Hampshire","33"
2024-06-08,25,"New Jersey","34"
2024-06-08,0,"New Mexico","35"
2024-06-08,0,"Nevada","32"
2024-06-08,10,"New York","36"
2024-06-08,3,"Ohio","39"
2024-06-08,1,"Oklahoma","40"
2024-06-08,6,"Oregon","41"
2024-06-08,80,"Pennsylvania","42"
2024-06-08,0,"Rhode Island","44"
2024-06-08,29,"South Carolina","45"
2024-06-08,0,"South Dakota","46"
2024-06-08,15,"Tennessee","47"
2024-06-08,1,"Texas","48"
2024-06-08,0,"Utah","49"
2024-06-08,40,"Virginia","51"
2024-06-08,0,"Vermont","50"
2024-06-08,20,"Washington","53"
2024-06-08,2,"Wisconsin","55"
2024-06-08,0,"West Virginia","54"
2024-06-08,4,"Wyoming","56"
2024-06-15,6,"Alaska","02"
2024-06-15,0,"Alabama","01"
2024-06-15,5,"Arkansas","05"
2024-06-15,44,"Arizona","04"
2024-06-15,64,"California","06"
2024-06-15,3,"Colorado","08"
2024-06-15,3,"Connecticut","09"
2024-06-15,0,"District of Columbia","11"
2024-06-15,0,"Delaware","10"
2024-06-15,64,"Florida","12"
2024-06-15,2,"Georgia","13"
2024-06-15,4,"Hawaii","15"
2024-06-15,0,"Iowa","19"
2024-06-15,0,"Idaho","16"
2024-06-15,6,"Illinois","17"
2024-06-15,5,"Indiana","18"
2024-06-15,1,"Kansas","20"
2024-06-15,1,"Kentucky","21"
2024-06-15,4,"Louisiana","22"
2024-06-15,NA,"Massachusetts","25"
2024-06-15,0,"Maryland","24"
2024-06-15,1,"Maine","23"
2024-06-15,9,"Michigan","26"
2024-06-15,NA,"Minnesota","27"
2024-06-15,3,"Missouri","29"
2024-06-15,16,"Mississippi","28"
2024-06-15,2,"Montana","30"
2024-06-15,0,"North Carolina","37"
2024-06-15,1,"North Dakota","38"
2024-06-15,0,"Nebraska","31"
2024-06-15,0,"New Hampshire","33"
2024-06-15,16,"New Jersey","34"
2024-06-15,0,"New Mexico","35"
2024-06-15,1,"Nevada","32"
2024-06-15,7,"New York","36"
2024-06-15,6,"Ohio","39"
2024-06-15,1,"Oklahoma","40"
2024-06-15,14,"Oregon","41"
2024-06-15,51,"Pennsylvania","42"
2024-06-15,0,"Rhode Island","44"
2024-06-15,20,"South Carolina","45"
2024-06-15,0,"South Dakota","46"
2024-06-15,12,"Tennessee","47"
2024-06-15,1,"Texas","48"
2024-06-15,0,"Utah","49"
2024-06-15,25,"Virginia","51"
2024-06-15,0,"Vermont","50"
2024-06-15,28,"Washington","53"
2024-06-15,1,"Wisconsin","55"
2024-06-15,0,"West Virginia","54"
2024-06-15,3,"Wyoming","56"
2024-06-22,3,"Alaska","02"
2024-06-22,0,"Alabama","01"
2024-06-22,1,"Arkansas","05"
2024-06-22,23,"Arizona","04"
2024-06-22,49,"California","06"
2024-06-22,3,"Colorado","08"
2024-06-22,1,"Connecticut","09"
2024-06-22,2,"District of Columbia","11"
2024-06-22,1,"Delaware","10"
2024-06-22,62,"Florida","12"
2024-06-22,4,"Georgia","13"
2024-06-22,2,"Hawaii","15"
2024-06-22,1,"Iowa","19"
2024-06-22,0,"Idaho","16"
2024-06-22,6,"Illinois","17"
2024-06-22,3,"Indiana","18"
2024-06-22,1,"Kansas","20"
2024-06-22,1,"Kentucky","21"
2024-06-22,5,"Louisiana","22"
2024-06-22,0,"Massachusetts","25"
2024-06-22,2,"Maryland","24"
2024-06-22,1,"Maine","23"
2024-06-22,11,"Michigan","26"
2024-06-22,0,"Minnesota","27"
2024-06-22,5,"Missouri","29"
2024-06-22,6,"Mississippi","28"
2024-06-22,0,"Montana","30"
2024-06-22,0,"North Carolina","37"
2024-06-22,0,"North Dakota","38"
2024-06-22,0,"Nebraska","31"
2024-06-22,0,"New Hampshire","33"
2024-06-22,20,"New Jersey","34"
2024-06-22,0,"New Mexico","35"
2024-06-22,1,"Nevada","32"
2024-06-22,6,"New York","36"
2024-06-22,2,"Ohio","39"
2024-06-22,0,"Oklahoma","40"
2024-06-22,2,"Oregon","41"
2024-06-22,47,"Pennsylvania","42"
2024-06-22,0,"Rhode Island","44"
2024-06-22,17,"South Carolina","45"
2024-06-22,0,"South Dakota","46"
2024-06-22,7,"Tennessee","47"
2024-06-22,0,"Texas","48"
2024-06-22,0,"Utah","49"
2024-06-22,20,"Virginia","51"
2024-06-22,0,"Vermont","50"
2024-06-22,32,"Washington","53"
2024-06-22,2,"Wisconsin","55"
2024-06-22,0,"West Virginia","54"
2024-06-22,0,"Wyoming","56"
2024-06-29,1,"Alaska","02"
2024-06-29,0,"Alabama","01"
2024-06-29,4,"Arkansas","05"
2024-06-29,29,"Arizona","04"
2024-06-29,37,"California","06"
2024-06-29,3,"Colorado","08"
2024-06-29,7,"Connecticut","09"
2024-06-29,0,"District of Columbia","11"
2024-06-29,0,"Delaware","10"
2024-06-29,56,"Florida","12"
2024-06-29,4,"Georgia","13"
2024-06-29,3,"Hawaii","15"
2024-06-29,0,"Iowa","19"
2024-06-29,0,"Idaho","16"
2024-06-29,8,"Illinois","17"
2024-06-29,3,"Indiana","18"
2024-06-29,0,"Kansas","20"
2024-06-29,2,"Kentucky","21"
2024-06-29,5,"Louisiana","22"
2024-06-29,0,"Massachusetts","25"
2024-06-29,1,"Maryland","24"
2024-06-29,0,"Maine","23"
2024-06-29,7,"Michigan","26"
2024-06-29,0,"Minnesota","27"
2024-06-29,0,"Missouri","29"
2024-06-29,3,"Mississippi","28"
2024-06-29,0,"Montana","30"
2024-06-29,1,"North Carolina","37"
2024-06-29,0,"North Dakota","38"
2024-06-29,0,"Nebraska","31"
2024-06-29,0,"New Hampshire","33"
2024-06-29,21,"New Jersey","34"
2024-06-29,1,"New Mexico","35"
2024-06-29,1,"Nevada","32"
2024-06-29,4,"New York","36"
2024-06-29,6,"Ohio","39"
2024-06-29,2,"Oklahoma","40"
2024-06-29,5,"Oregon","41"
2024-06-29,46,"Pennsylvania","42"
2024-06-29,1,"Rhode Island","44"
2024-06-29,19,"South Carolina","45"
2024-06-29,0,"South Dakota","46"
2024-06-29,10,"Tennessee","47"
2024-06-29,3,"Texas","48"
2024-06-29,0,"Utah","49"
2024-06-29,18,"Virginia","51"
2024-06-29,0,"Vermont","50"
2024-06-29,19,"Washington","53"
2024-06-29,2,"Wisconsin","55"
2024-06-29,0,"West Virginia","54"
2024-06-29,2,"Wyoming","56"
2024-07-06,1,"Alaska","02"
2024-07-06,0,"Alabama","01"
2024-07-06,5,"Arkansas","05"
2024-07-06,29,"Arizona","04"
2024-07-06,39,"California","06"
2024-07-06,1,"Colorado","08"
2024-07-06,3,"Connecticut","09"
2024-07-06,1,"District of Columbia","11"
2024-07-06,0,"Delaware","10"
2024-07-06,78,"Florida","12"
2024-07-06,0,"Georgia","13"
2024-07-06,4,"Hawaii","15"
2024-07-06,1,"Iowa","19"
2024-07-06,0,"Idaho","16"
2024-07-06,5,"Illinois","17"
2024-07-06,3,"Indiana","18"
2024-07-06,4,"Kansas","20"
2024-07-06,0,"Kentucky","21"
2024-07-06,0,"Louisiana","22"
2024-07-06,0,"Massachusetts","25"
2024-07-06,0,"Maryland","24"
2024-07-06,4,"Maine","23"
2024-07-06,9,"Michigan","26"
2024-07-06,0,"Minnesota","27"
2024-07-06,1,"Missouri","29"
2024-07-06,6,"Mississippi","28"
2024-07-06,1,"Montana","30"
2024-07-06,0,"North Carolina","37"
2024-07-06,0,"North Dakota","38"
2024-07-06,0,"Nebraska","31"
2024-07-06,0,"New Hampshire","33"
2024-07-06,23,"New Jersey","34"
2024-07-06,0,"New Mexico","35"
2024-07-06,0,"Nevada","32"
2024-07-06,1,"New York","36"
2024-07-06,2,"Ohio","39"
2024-07-06,0,"Oklahoma","40"
2024-07-06,5,"Oregon","41"
2024-07-06,58,"Pennsylvania","42"
2024-07-06,0,"Rhode Island","44"
2024-07-06,20,"South Carolina","45"
2024-07-06,0,"South Dakota","46"
2024-07-06,11,"Tennessee","47"
2024-07-06,1,"Texas","48"
2024-07-06,0,"Utah","49"
2024-07-06,25,"Virginia","51"
2024-07-06,0,"Vermont","50"
2024-07-06,15,"Washington","53"
2024-07-06,3,"Wisconsin","55"
2024-07-06,0,"West Virginia","54"
2024-07-06,1,"Wyoming","56"
2024-07-13,3,"Alaska","02"
2024-07-13,0,"Alabama","01"
2024-07-13,7,"Arkansas","05"
2024-07-13,16,"Arizona","04"
2024-07-13,35,"California","06"
2024-07-13,3,"Colorado","08"
2024-07-13,2,"Connecticut","09"
2024-07-13,2,"District of Columbia","11"
2024-07-13,0,"Delaware","10"
2024-07-13,59,"Florida","12"
2024-07-13,0,"Georgia","13"
2024-07-13,6,"Hawaii","15"
2024-07-13,0,"Iowa","19"
2024-07-13,0,"Idaho","16"
2024-07-13,4,"Illinois","17"
2024-07-13,0,"Indiana","18"
2024-07-13,0,"Kansas","20"
2024-07-13,0,"Kentucky","21"
2024-07-13,5,"Louisiana","22"
2024-07-13,0,"Massachusetts","25"
2024-07-13,0,"Maryland","24"
2024-07-13,2,"Maine","23"
2024-07-13,8,"Michigan","26"
2024-07-13,0,"Minnesota","27"
2024-07-13,3,"Missouri","29"
2024-07-13,7,"Mississippi","28"
2024-07-13,0,"Montana","30"
2024-07-13,2,"North Carolina","37"
2024-07-13,0,"North Dakota","38"
2024-07-13,0,"Nebraska","31"
2024-07-13,0,"New Hampshire","33"
2024-07-13,17,"New Jersey","34"
2024-07-13,0,"New Mexico","35"
2024-07-13,0,"Nevada","32"
2024-07-13,14,"New York","36"
2024-07-13,3,"Ohio","39"
2024-07-13,6,"Oklahoma","40"
2024-07-13,3,"Oregon","41"
2024-07-13,50,"Pennsylvania","42"
2024-07-13,0,"Rhode Island","44"
2024-07-13,15,"South Carolina","45"
2024-07-13,0,"South Dakota","46"
2024-07-13,10,"Tennessee","47"
2024-07-13,5,"Texas","48"
2024-07-13,0,"Utah","49"
2024-07-13,16,"Virginia","51"
2024-07-13,0,"Vermont","50"
2024-07-13,6,"Washington","53"
2024-07-13,3,"Wisconsin","55"
2024-07-13,0,"West Virginia","54"
2024-07-13,3,"Wyoming","56"
2024-07-20,1,"Alaska","02"
2024-07-20,0,"Alabama","01"
2024-07-20,8,"Arkansas","05"
2024-07-20,12,"Arizona","04"
2024-07-20,29,"California","06"
2024-07-20,6,"Colorado","08"
2024-07-20,1,"Connecticut","09"
2024-07-20,1,"District of Columbia","11"
2024-07-20,0,"Delaware","10"
2024-07-20,41,"Florida","12"
2024-07-20,1,"Georgia","13"
2024-07-20,1,"Hawaii","15"
2024-07-20,1,"Iowa","19"
2024-07-20,0,"Idaho","16"
2024-07-20,3,"Illinois","17"
2024-07-20,1,"Indiana","18"
2024-07-20,1,"Kansas","20"
2024-07-20,0,"Kentucky","21"
2024-07-20,2,"Louisiana","22"
2024-07-20,NA,"Massachusetts","25"
2024-07-20,0,"Maryland","24"
2024-07-20,0,"Maine","23"
2024-07-20,7,"Michigan","26"
2024-07-20,NA,"Minnesota","27"
2024-07-20,4,"Missouri","29"
2024-07-20,12,"Mississippi","28"
2024-07-20,1,"Montana","30"
2024-07-20,0,"North Carolina","37"
2024-07-20,1,"North Dakota","38"
2024-07-20,0,"Nebraska","31"
2024-07-20,0,"New Hampshire","33"
2024-07-20,17,"New Jersey","34"
2024-07-20,0,"New Mexico","35"
2024-07-20,0,"Nevada","32"
2024-07-20,1,"New York","36"
2024-07-20,2,"Ohio","39"
2024-07-20,0,"Oklahoma","40"
2024-07-20,1,"Oregon","41"
2024-07-20,59,"Pennsylvania","42"
2024-07-20,0,"Rhode Island","44"
2024-07-20,16,"South Carolina","45"
2024-07-20,0,"South Dakota","46"
2024-07-20,13,"Tennessee","47"
2024-07-20,0,"Texas","48"
2024-07-20,0,"Utah","49"
2024-07-20,20,"Virginia","51"
2024-07-20,0,"Vermont","50"
2024-07-20,6,"Washington","53"
2024-07-20,1,"Wisconsin","55"
2024-07-20,0,"West Virginia","54"
2024-07-20,0,"Wyoming","56"
2024-07-27,0,"Alaska","02"
2024-07-27,1,"Alabama","01"
2024-07-27,4,"Arkansas","05"
2024-07-27,10,"Arizona","04"
2024-07-27,31,"California","06"
2024-07-27,6,"Colorado","08"
2024-07-27,3,"Connecticut","09"
2024-07-27,1,"District of Columbia","11"
2024-07-27,0,"Delaware","10"
2024-07-27,54,"Florida","12"
2024-07-27,3,"Georgia","13"
2024-07-27,3,"Hawaii","15"
2024-07-27,0,"Iowa","19"
2024-07-27,0,"Idaho","16"
2024-07-27,4,"Illinois","17"
2024-07-27,1,"Indiana","18"
2024-07-27,1,"Kansas","20"
2024-07-27,0,"Kentucky","21"
2024-07-27,7,"Louisiana","22"
2024-07-27,NA,"Massachusetts","25"
2024-07-27,1,"Maryland","24"
2024-07-27,2,"Maine","23"
2024-07-27,2,"Michigan","26"
2024-07-27,NA,"Minnesota","27"
2024-07-27,1,"Missouri","29"
2024-07-27,14,"Mississippi","28"
2024-07-27,0,"Montana","30"
2024-07-27,0,"North Carolina","37"
2024-07-27,0,"North Dakota","38"
2024-07-27,0,"Nebraska","31"
2024-07-27,0,"New Hampshire","33"
2024-07-27,12,"New Jersey","34"
2024-07-27,0,"New Mexico","35"
2024-07-27,0,"Nevada","32"
2024-07-27,0,"New York","36"
2024-07-27,3,"Ohio","39"
2024-07-27,1,"Oklahoma","40"
2024-07-27,0,"Oregon","41"
2024-07-27,55,"Pennsylvania","42"
2024-07-27,0,"Rhode Island","44"
2024-07-27,22,"South Carolina","45"
2024-07-27,0,"South Dakota","46"
2024-07-27,9,"Tennessee","47"
2024-07-27,2,"Texas","48"
2024-07-27,0,"Utah","49"
2024-07-27,11,"Virginia","51"
2024-07-27,0,"Vermont","50"
2024-07-27,3,"Washington","53"
2024-07-27,1,"Wisconsin","55"
2024-07-27,0,"West Virginia","54"
2024-07-27,2,"Wyoming","56"
2024-08-03,0,"Alaska","02"
2024-08-03,0,"Alabama","01"
2024-08-03,6,"Arkansas","05"
2024-08-03,25,"Arizona","04"
2024-08-03,19,"California","06"
2024-08-03,5,"Colorado","08"
2024-08-03,0,"Connecticut","09"
2024-08-03,1,"District of Columbia","11"
2024-08-03,0,"Delaware","10"
2024-08-03,42,"Florida","12"
2024-08-03,2,"Georgia","13"
2024-08-03,3,"Hawaii","15"
2024-08-03,0,"Iowa","19"
2024-08-03,0,"Idaho","16"
2024-08-03,6,"Illinois","17"
2024-08-03,0,"Indiana","18"
2024-08-03,0,"Kansas","20"
2024-08-03,0,"Kentucky","21"
2024-08-03,5,"Louisiana","22"
2024-08-03,NA,"Massachusetts","25"
2024-08-03,0,"Maryland","24"
2024-08-03,3,"Maine","23"
2024-08-03,5,"Michigan","26"
2024-08-03,NA,"Minnesota","27"
2024-08-03,3,"Missouri","29"
2024-08-03,16,"Mississippi","28"
2024-08-03,0,"Montana","30"
2024-08-03,1,"North Carolina","37"
2024-08-03,0,"North Dakota","38"
2024-08-03,0,"Nebraska","31"
2024-08-03,0,"New Hampshire","33"
2024-08-03,15,"New Jersey","34"
2024-08-03,0,"New Mexico","35"
2024-08-03,0,"Nevada","32"
2024-08-03,3,"New York","36"
2024-08-03,4,"Ohio","39"
2024-08-03,1,"Oklahoma","40"
2024-08-03,2,"Oregon","41"
2024-08-03,44,"Pennsylvania","42"
2024-08-03,0,"Rhode Island","44"
2024-08-03,15,"South Carolina","45"
2024-08-03,0,"South Dakota","46"
2024-08-03,9,"Tennessee","47"
2024-08-03,3,"Texas","48"
2024-08-03,0,"Utah","49"
2024-08-03,24,"Virginia","51"
2024-08-03,0,"Vermont","50"
2024-08-03,4,"Washington","53"
2024-08-03,2,"Wisconsin","55"
2024-08-03,0,"West Virginia","54"
2024-08-03,2,"Wyoming","56"
2024-08-10,4,"Alaska","02"
2024-08-10,0,"Alabama","01"
2024-08-10,4,"Arkansas","05"
2024-08-10,17,"Arizona","04"
2024-08-10,32,"California","06"
2024-08-10,0,"Colorado","08"
2024-08-10,2,"Connecticut","09"
2024-08-10,0,"District of Columbia","11"
2024-08-10,0,"Delaware","10"
2024-08-10,45,"Florida","12"
2024-08-10,2,"Georgia","13"
2024-08-10,1,"Hawaii","15"
2024-08-10,1,"Iowa","19"
2024-08-10,0,"Idaho","16"
2024-08-10,1,"Illinois","17"
2024-08-10,3,"Indiana","18"
2024-08-10,1,"Kansas","20"
2024-08-10,3,"Kentucky","21"
2024-08-10,8,"Louisiana","22"
2024-08-10,NA,"Massachusetts","25"
2024-08-10,2,"Maryland","24"
2024-08-10,1,"Maine","23"
2024-08-10,9,"Michigan","26"
2024-08-10,NA,"Minnesota","27"
2024-08-10,3,"Missouri","29"
2024-08-10,7,"Mississippi","28"
2024-08-10,0,"Montana","30"
2024-08-10,0,"North Carolina","37"
2024-08-10,0,"North Dakota","38"
2024-08-10,0,"Nebraska","31"
2024-08-10,0,"New Hampshire","33"
2024-08-10,10,"New Jersey","34"
2024-08-10,0,"New Mexico","35"
2024-08-10,0,"Nevada","32"
2024-08-10,1,"New York","36"
2024-08-10,5,"Ohio","39"
2024-08-10,0,"Oklahoma","40"
2024-08-10,0,"Oregon","41"
2024-08-10,53,"Pennsylvania","42"
2024-08-10,0,"Rhode Island","44"
2024-08-10,16,"South Carolina","45"
2024-08-10,1,"South Dakota","46"
2024-08-10,9,"Tennessee","47"
2024-08-10,4,"Texas","48"
2024-08-10,0,"Utah","49"
2024-08-10,14,"Virginia","51"
2024-08-10,0,"Vermont","50"
2024-08-10,8,"Washington","53"
2024-08-10,3,"Wisconsin","55"
2024-08-10,0,"West Virginia","54"
2024-08-10,1,"Wyoming","56"
2024-08-17,0,"Alaska","02"
2024-08-17,0,"Alabama","01"
2024-08-17,4,"Arkansas","05"
2024-08-17,25,"Arizona","04"
2024-08-17,18,"California","06"
2024-08-17,0,"Colorado","08"
2024-08-17,1,"Connecticut","09"
2024-08-17,0,"District of Columbia","11"
2024-08-17,0,"Delaware","10"
2024-08-17,41,"Florida","12"
2024-08-17,2,"Georgia","13"
2024-08-17,1,"Hawaii","15"
2024-08-17,2,"Iowa","19"
2024-08-17,0,"Idaho","16"
2024-08-17,3,"Illinois","17"
2024-08-17,2,"Indiana","18"
2024-08-17,0,"Kansas","20"
2024-08-17,3,"Kentucky","21"
2024-08-17,9,"Louisiana","22"
2024-08-17,NA,"Massachusetts","25"
2024-08-17,2,"Maryland","24"
2024-08-17,5,"Maine","23"
2024-08-17,12,"Michigan","26"
2024-08-17,NA,"Minnesota","27"
2024-08-17,1,"Missouri","29"
2024-08-17,8,"Mississippi","28"
2024-08-17,0,"Montana","30"
2024-08-17,0,"North Carolina","37"
2024-08-17,0,"North Dakota","38"
2024-08-17,1,"Nebraska","31"
2024-08-17,0,"New Hampshire","33"
2024-08-17,12,"New Jersey","34"
2024-08-17,1,"New Mexico","35"
2024-08-17,0,"Nevada","32"
2024-08-17,2,"New York","36"
2024-08-17,3,"Ohio","39"
2024-08-17,0,"Oklahoma","40"
2024-08-17,2,"Oregon","41"
2024-08-17,55,"Pennsylvania","42"
2024-08-17,0,"Rhode Island","44"
2024-08-17,24,"South Carolina","45"
2024-08-17,0,"South Dakota","46"
2024-08-17,8,"Tennessee","47"
2024-08-17,2,"Texas","48"
2024-08-17,0,"Utah","49"
2024-08-17,14,"Virginia","51"
2024-08-17,0,"Vermont","50"
2024-08-17,5,"Washington","53"
2024-08-17,2,"Wisconsin","55"
2024-08-17,0,"West Virginia","54"
2024-08-17,1,"Wyoming","56"
2024-08-24,0,"Alaska","02"
2024-08-24,1,"Alabama","01"
2024-08-24,5,"Arkansas","05"
2024-08-24,26,"Arizona","04"
2024-08-24,20,"California","06"
2024-08-24,0,"Colorado","08"
2024-08-24,0,"Connecticut","09"
2024-08-24,1,"District of Columbia","11"
2024-08-24,0,"Delaware","10"
2024-08-24,38,"Florida","12"
2024-08-24,3,"Georgia","13"
2024-08-24,2,"Hawaii","15"
2024-08-24,2,"Iowa","19"
2024-08-24,0,"Idaho","16"
2024-08-24,3,"Illinois","17"
2024-08-24,1,"Indiana","18"
2024-08-24,0,"Kansas","20"
2024-08-24,0,"Kentucky","21"
2024-08-24,1,"Louisiana","22"
2024-08-24,NA,"Massachusetts","25"
2024-08-24,0,"Maryland","24"
2024-08-24,3,"Maine","23"
2024-08-24,10,"Michigan","26"
2024-08-24,NA,"Minnesota","27"
2024-08-24,2,"Missouri","29"
2024-08-24,15,"Mississippi","28"
2024-08-24,0,"Montana","30"
2024-08-24,0,"North Carolina","37"
2024-08-24,0,"North Dakota","38"
2024-08-24,1,"Nebraska","31"
2024-08-24,0,"New Hampshire","33"
2024-08-24,7,"New Jersey","34"
2024-08-24,1,"New Mexico","35"
2024-08-24,0,"Nevada","32"
2024-08-24,0,"New York","36"
2024-08-24,1,"Ohio","39"
2024-08-24,1,"Oklahoma","40"
2024-08-24,2,"Oregon","41"
2024-08-24,63,"Pennsylvania","42"
2024-08-24,0,"Rhode Island","44"
2024-08-24,3,"South Carolina","45"
2024-08-24,1,"South Dakota","46"
2024-08-24,11,"Tennessee","47"
2024-08-24,5,"Texas","48"
2024-08-24,0,"Utah","49"
2024-08-24,19,"Virginia","51"
2024-08-24,0,"Vermont","50"
2024-08-24,7,"Washington","53"
2024-08-24,0,"Wisconsin","55"
2024-08-24,0,"West Virginia","54"
2024-08-24,3,"Wyoming","56"
2024-08-31,1,"Alaska","02"
2024-08-31,0,"Alabama","01"
2024-08-31,7,"Arkansas","05"
2024-08-31,14,"Arizona","04"
2024-08-31,15,"California","06"
2024-08-31,1,"Colorado","08"
2024-08-31,2,"Connecticut","09"
2024-08-31,0,"District of Columbia","11"
2024-08-31,1,"Delaware","10"
2024-08-31,55,"Florida","12"
2024-08-31,0,"Georgia","13"
2024-08-31,2,"Hawaii","15"
2024-08-31,1,"Iowa","19"
2024-08-31,0,"Idaho","16"
2024-08-31,1,"Illinois","17"
2024-08-31,0,"Indiana","18"
2024-08-31,2,"Kansas","20"
2024-08-31,0,"Kentucky","21"
2024-08-31,3,"Louisiana","22"
2024-08-31,NA,"Massachusetts","25"
2024-08-31,0,"Maryland","24"
2024-08-31,3,"Maine","23"
2024-08-31,9,"Michigan","26"
2024-08-31,0,"Minnesota","27"
2024-08-31,1,"Missouri","29"
2024-08-31,9,"Mississippi","28"
2024-08-31,0,"Montana","30"
2024-08-31,0,"North Carolina","37"
2024-08-31,0,"North Dakota","38"
2024-08-31,0,"Nebraska","31"
2024-08-31,0,"New Hampshire","33"
2024-08-31,12,"New Jersey","34"
2024-08-31,0,"New Mexico","35"
2024-08-31,0,"Nevada","32"
2024-08-31,0,"New York","36"
2024-08-31,2,"Ohio","39"
2024-08-31,0,"Oklahoma","40"
2024-08-31,4,"Oregon","41"
2024-08-31,43,"Pennsylvania","42"
2024-08-31,0,"Rhode Island","44"
2024-08-31,2,"South Carolina","45"
2024-08-31,0,"South Dakota","46"
2024-08-31,8,"Tennessee","47"
2024-08-31,1,"Texas","48"
2024-08-31,0,"Utah","49"
2024-08-31,15,"Virginia","51"
2024-08-31,0,"Vermont","50"
2024-08-31,6,"Washington","53"
2024-08-31,1,"Wisconsin","55"
2024-08-31,NA,"West Virginia","54"
2024-08-31,1,"Wyoming","56"
2024-09-07,2,"Alaska","02"
2024-09-07,0,"Alabama","01"
2024-09-07,2,"Arkansas","05"
2024-09-07,24,"Arizona","04"
2024-09-07,25,"California","06"
2024-09-07,0,"Colorado","08"
2024-09-07,2,"Connecticut","09"
2024-09-07,1,"District of Columbia","11"
2024-09-07,0,"Delaware","10"
2024-09-07,79,"Florida","12"
2024-09-07,3,"Georgia","13"
2024-09-07,1,"Hawaii","15"
2024-09-07,2,"Iowa","19"
2024-09-07,0,"Idaho","16"
2024-09-07,6,"Illinois","17"
2024-09-07,4,"Indiana","18"
2024-09-07,0,"Kansas","20"
2024-09-07,0,"Kentucky","21"
2024-09-07,1,"Louisiana","22"
2024-09-07,NA,"Massachusetts","25"
2024-09-07,3,"Maryland","24"
2024-09-07,0,"Maine","23"
2024-09-07,16,"Michigan","26"
2024-09-07,0,"Minnesota","27"
2024-09-07,3,"Missouri","29"
2024-09-07,19,"Mississippi","28"
2024-09-07,2,"Montana","30"
2024-09-07,0,"North Carolina","37"
2024-09-07,0,"North Dakota","38"
2024-09-07,0,"Nebraska","31"
2024-09-07,0,"New Hampshire","33"
2024-09-07,21,"New Jersey","34"
2024-09-07,0,"New Mexico","35"
2024-09-07,0,"Nevada","32"
2024-09-07,2,"New York","36"
2024-09-07,4,"Ohio","39"
2024-09-07,1,"Oklahoma","40"
2024-09-07,3,"Oregon","41"
2024-09-07,54,"Pennsylvania","42"
2024-09-07,0,"Rhode Island","44"
2024-09-07,2,"South Carolina","45"
2024-09-07,1,"South Dakota","46"
2024-09-07,6,"Tennessee","47"
2024-09-07,1,"Texas","48"
2024-09-07,0,"Utah","49"
2024-09-07,24,"Virginia","51"
2024-09-07,0,"Vermont","50"
2024-09-07,5,"Washington","53"
2024-09-07,0,"Wisconsin","55"
2024-09-07,NA,"West Virginia","54"
2024-09-07,0,"Wyoming","56"
2024-09-14,3,"Alaska","02"
2024-09-14,0,"Alabama","01"
2024-09-14,3,"Arkansas","05"
2024-09-14,18,"Arizona","04"
2024-09-14,17,"California","06"
2024-09-14,0,"Colorado","08"
2024-09-14,0,"Connecticut","09"
2024-09-14,0,"District of Columbia","11"
2024-09-14,0,"Delaware","10"
2024-09-14,44,"Florida","12"
2024-09-14,5,"Georgia","13"
2024-09-14,1,"Hawaii","15"
2024-09-14,0,"Iowa","19"
2024-09-14,1,"Idaho","16"
2024-09-14,7,"Illinois","17"
2024-09-14,6,"Indiana","18"
2024-09-14,2,"Kansas","20"
2024-09-14,2,"Kentucky","21"
2024-09-14,4,"Louisiana","22"
2024-09-14,NA,"Massachusetts","25"
2024-09-14,5,"Maryland","24"
2024-09-14,1,"Maine","23"
2024-09-14,11,"Michigan","26"
2024-09-14,NA,"Minnesota","27"
2024-09-14,1,"Missouri","29"
2024-09-14,16,"Mississippi","28"
2024-09-14,0,"Montana","30"
2024-09-14,0,"North Carolina","37"
2024-09-14,0,"North Dakota","38"
2024-09-14,1,"Nebraska","31"
2024-09-14,0,"New Hampshire","33"
2024-09-14,27,"New Jersey","34"
2024-09-14,0,"New Mexico","35"
2024-09-14,0,"Nevada","32"
2024-09-14,3,"New York","36"
2024-09-14,3,"Ohio","39"
2024-09-14,5,"Oklahoma","40"
2024-09-14,2,"Oregon","41"
2024-09-14,83,"Pennsylvania","42"
2024-09-14,0,"Rhode Island","44"
2024-09-14,1,"South Carolina","45"
2024-09-14,2,"South Dakota","46"
2024-09-14,2,"Tennessee","47"
2024-09-14,1,"Texas","48"
2024-09-14,0,"Utah","49"
2024-09-14,4,"Virginia","51"
2024-09-14,0,"Vermont","50"
2024-09-14,6,"Washington","53"
2024-09-14,0,"Wisconsin","55"
2024-09-14,NA,"West Virginia","54"
2024-09-14,0,"Wyoming","56"
2024-09-21,0,"Alaska","02"
2024-09-21,0,"Alabama","01"
2024-09-21,0,"Arkansas","05"
2024-09-21,14,"Arizona","04"
2024-09-21,26,"California","06"
2024-09-21,3,"Colorado","08"
2024-09-21,0,"Connecticut","09"
2024-09-21,2,"District of Columbia","11"
2024-09-21,0,"Delaware","10"
2024-09-21,46,"Florida","12"
2024-09-21,2,"Georgia","13"
2024-09-21,1,"Hawaii","15"
2024-09-21,1,"Iowa","19"
2024-09-21,0,"Idaho","16"
2024-09-21,4,"Illinois","17"
2024-09-21,3,"Indiana","18"
2024-09-21,1,"Kansas","20"
2024-09-21,1,"Kentucky","21"
2024-09-21,4,"Louisiana","22"
2024-09-21,NA,"Massachusetts","25"
2024-09-21,1,"Maryland","24"
2024-09-21,3,"Maine","23"
2024-09-21,9,"Michigan","26"
2024-09-21,0,"Minnesota","27"
2024-09-21,4,"Missouri","29"
2024-09-21,7,"Mississippi","28"
2024-09-21,1,"Montana","30"
2024-09-21,0,"North Carolina","37"
2024-09-21,1,"North Dakota","38"
2024-09-21,1,"Nebraska","31"
2024-09-21,0,"New Hampshire","33"
2024-09-21,8,"New Jersey","34"
2024-09-21,0,"New Mexico","35"
2024-09-21,1,"Nevada","32"
2024-09-21,5,"New York","36"
2024-09-21,1,"Ohio","39"
2024-09-21,5,"Oklahoma","40"
2024-09-21,1,"Oregon","41"
2024-09-21,45,"Pennsylvania","42"
2024-09-21,0,"Rhode Island","44"
2024-09-21,2,"South Carolina","45"
2024-09-21,0,"South Dakota","46"
2024-09-21,5,"Tennessee","47"
2024-09-21,1,"Texas","48"
2024-09-21,0,"Utah","49"
2024-09-21,4,"Virginia","51"
2024-09-21,0,"Vermont","50"
2024-09-21,6,"Washington","53"
2024-09-21,1,"Wisconsin","55"
2024-09-21,NA,"West Virginia","54"
2024-09-21,0,"Wyoming","56"
2024-09-28,1,"Alaska","02"
2024-09-28,0,"Alabama","01"
2024-09-28,3,"Arkansas","05"
2024-09-28,40,"Arizona","04"
2024-09-28,30,"California","06"
2024-09-28,3,"Colorado","08"
2024-09-28,4,"Connecticut","09"
2024-09-28,0,"District of Columbia","11"
2024-09-28,0,"Delaware","10"
2024-09-28,53,"Florida","12"
2024-09-28,1,"Georgia","13"
2024-09-28,0,"Hawaii","15"
2024-09-28,1,"Iowa","19"
2024-09-28,0,"Idaho","16"
2024-09-28,2,"Illinois","17"
2024-09-28,4,"Indiana","18"
2024-09-28,0,"Kansas","20"
2024-09-28,0,"Kentucky","21"
2024-09-28,5,"Louisiana","22"
2024-09-28,NA,"Massachusetts","25"
2024-09-28,1,"Maryland","24"
2024-09-28,0,"Maine","23"
2024-09-28,12,"Michigan","26"
2024-09-28,NA,"Minnesota","27"
2024-09-28,0,"Missouri","29"
2024-09-28,10,"Mississippi","28"
2024-09-28,0,"Montana","30"
2024-09-28,0,"North Carolina","37"
2024-09-28,0,"North Dakota","38"
2024-09-28,0,"Nebraska","31"
2024-09-28,0,"New Hampshire","33"
2024-09-28,17,"New Jersey","34"
2024-09-28,1,"New Mexico","35"
2024-09-28,1,"Nevada","32"
2024-09-28,7,"New York","36"
2024-09-28,0,"Ohio","39"
2024-09-28,0,"Oklahoma","40"
2024-09-28,0,"Oregon","41"
2024-09-28,61,"Pennsylvania","42"
2024-09-28,0,"Rhode Island","44"
2024-09-28,1,"South Carolina","45"
2024-09-28,0,"South Dakota","46"
2024-09-28,4,"Tennessee","47"
2024-09-28,2,"Texas","48"
2024-09-28,0,"Utah","49"
2024-09-28,6,"Virginia","51"
2024-09-28,0,"Vermont","50"
2024-09-28,10,"Washington","53"
2024-09-28,1,"Wisconsin","55"
2024-09-28,NA,"West Virginia","54"
2024-09-28,2,"Wyoming","56"
2024-10-05,1,"Alaska","02"
2024-10-05,2,"Alabama","01"
2024-10-05,0,"Arkansas","05"
2024-10-05,4,"Arizona","04"
2024-10-05,30,"California","06"
2024-10-05,0,"Colorado","08"
2024-10-05,0,"Connecticut","09"
2024-10-05,0,"District of Columbia","11"
2024-10-05,0,"Delaware","10"
2024-10-05,17,"Florida","12"
2024-10-05,0,"Georgia","13"
2024-10-05,1,"Hawaii","15"
2024-10-05,0,"Iowa","19"
2024-10-05,3,"Idaho","16"
2024-10-05,1,"Illinois","17"
2024-10-05,3,"Indiana","18"
2024-10-05,0,"Kansas","20"
2024-10-05,0,"Kentucky","21"
2024-10-05,0,"Louisiana","22"
2024-10-05,0,"Massachusetts","25"
2024-10-05,0,"Maryland","24"
2024-10-05,0,"Maine","23"
2024-10-05,2,"Michigan","26"
2024-10-05,0,"Minnesota","27"
2024-10-05,1,"Missouri","29"
2024-10-05,0,"Mississippi","28"
2024-10-05,0,"Montana","30"
2024-10-05,77,"North Carolina","37"
2024-10-05,1,"North Dakota","38"
2024-10-05,0,"Nebraska","31"
2024-10-05,0,"New Hampshire","33"
2024-10-05,0,"New Jersey","34"
2024-10-05,2,"New Mexico","35"
2024-10-05,0,"Nevada","32"
2024-10-05,0,"New York","36"
2024-10-05,1,"Ohio","39"
2024-10-05,0,"Oklahoma","40"
2024-10-05,6,"Oregon","41"
2024-10-05,1,"Pennsylvania","42"
2024-10-05,0,"Rhode Island","44"
2024-10-05,0,"South Carolina","45"
2024-10-05,1,"South Dakota","46"
2024-10-05,2,"Tennessee","47"
2024-10-05,79,"Texas","48"
2024-10-05,0,"Utah","49"
2024-10-05,19,"Virginia","51"
2024-10-05,0,"Vermont","50"
2024-10-05,7,"Washington","53"
2024-10-05,0,"Wisconsin","55"
2024-10-05,0,"West Virginia","54"
2024-10-05,0,"Wyoming","56"
2024-10-12,1,"Alaska","02"
2024-10-12,6,"Alabama","01"
2024-10-12,2,"Arkansas","05"
2024-10-12,14,"Arizona","04"
2024-10-12,70,"California","06"
2024-10-12,2,"Colorado","08"
2024-10-12,5,"Connecticut","09"
2024-10-12,0,"District of Columbia","11"
2024-10-12,0,"Delaware","10"
2024-10-12,134,"Florida","12"
2024-10-12,5,"Georgia","13"
2024-10-12,1,"Hawaii","15"
2024-10-12,1,"Iowa","19"
2024-10-12,6,"Idaho","16"
2024-10-12,5,"Illinois","17"
2024-10-12,3,"Indiana","18"
2024-10-12,1,"Kansas","20"
2024-10-12,2,"Kentucky","21"
2024-10-12,13,"Louisiana","22"
2024-10-12,0,"Massachusetts","25"
2024-10-12,2,"Maryland","24"
2024-10-12,0,"Maine","23"
2024-10-12,6,"Michigan","26"
2024-10-12,88,"Minnesota","27"
2024-10-12,2,"Missouri","29"
2024-10-12,4,"Mississippi","28"
2024-10-12,2,"Montana","30"
2024-10-12,48,"North Carolina","37"
2024-10-12,0,"North Dakota","38"
2024-10-12,0,"Nebraska","31"
2024-10-12,0,"New Hampshire","33"
2024-10-12,0,"New Jersey","34"
2024-10-12,2,"New Mexico","35"
2024-10-12,5,"Nevada","32"
2024-10-12,5,"New York","36"
2024-10-12,11,"Ohio","39"
2024-10-12,0,"Oklahoma","40"
2024-10-12,4,"Oregon","41"
2024-10-12,5,"Pennsylvania","42"
2024-10-12,0,"Rhode Island","44"
2024-10-12,8,"South Carolina","45"
2024-10-12,1,"South Dakota","46"
2024-10-12,8,"Tennessee","47"
2024-10-12,46,"Texas","48"
2024-10-12,1,"Utah","49"
2024-10-12,15,"Virginia","51"
2024-10-12,1,"Vermont","50"
2024-10-12,1,"Washington","53"
2024-10-12,7,"Wisconsin","55"
2024-10-12,0,"West Virginia","54"
2024-10-12,0,"Wyoming","56"
2024-10-19,3,"Alaska","02"
2024-10-19,9,"Alabama","01"
2024-10-19,1,"Arkansas","05"
2024-10-19,48,"Arizona","04"
2024-10-19,131,"California","06"
2024-10-19,14,"Colorado","08"
2024-10-19,6,"Connecticut","09"
2024-10-19,0,"District of Columbia","11"
2024-10-19,0,"Delaware","10"
2024-10-19,114,"Florida","12"
2024-10-19,8,"Georgia","13"
2024-10-19,2,"Hawaii","15"
2024-10-19,4,"Iowa","19"
2024-10-19,1,"Idaho","16"
2024-10-19,12,"Illinois","17"
2024-10-19,3,"Indiana","18"
2024-10-19,3,"Kansas","20"
2024-10-19,4,"Kentucky","21"
2024-10-19,23,"Louisiana","22"
2024-10-19,0,"Massachusetts","25"
2024-10-19,0,"Maryland","24"
2024-10-19,0,"Maine","23"
2024-10-19,4,"Michigan","26"
2024-10-19,0,"Minnesota","27"
2024-10-19,8,"Missouri","29"
2024-10-19,0,"Mississippi","28"
2024-10-19,0,"Montana","30"
2024-10-19,47,"North Carolina","37"
2024-10-19,0,"North Dakota","38"
2024-10-19,1,"Nebraska","31"
2024-10-19,0,"New Hampshire","33"
2024-10-19,2,"New Jersey","34"
2024-10-19,15,"New Mexico","35"
2024-10-19,5,"Nevada","32"
2024-10-19,7,"New York","36"
2024-10-19,229,"Ohio","39"
2024-10-19,4,"Oklahoma","40"
2024-10-19,7,"Oregon","41"
2024-10-19,63,"Pennsylvania","42"
2024-10-19,0,"Rhode Island","44"
2024-10-19,8,"South Carolina","45"
2024-10-19,2,"South Dakota","46"
2024-10-19,31,"Tennessee","47"
2024-10-19,64,"Texas","48"
2024-10-19,5,"Utah","49"
2024-10-19,10,"Virginia","51"
2024-10-19,0,"Vermont","50"
2024-10-19,4,"Washington","53"
2024-10-19,7,"Wisconsin","55"
2024-10-19,0,"West Virginia","54"
2024-10-19,7,"Wyoming","56"
2024-10-26,8,"Alaska","02"
2024-10-26,13,"Alabama","01"
2024-10-26,6,"Arkansas","05"
2024-10-26,39,"Arizona","04"
2024-10-26,100,"California","06"
2024-10-26,25,"Colorado","08"
2024-10-26,10,"Connecticut","09"
2024-10-26,1,"District of Columbia","11"
2024-10-26,0,"Delaware","10"
2024-10-26,110,"Florida","12"
2024-10-26,14,"Georgia","13"
2024-10-26,3,"Hawaii","15"
2024-10-26,5,"Iowa","19"
2024-10-26,6,"Idaho","16"
2024-10-26,27,"Illinois","17"
2024-10-26,14,"Indiana","18"
2024-10-26,10,"Kansas","20"
2024-10-26,7,"Kentucky","21"
2024-10-26,27,"Louisiana","22"
2024-10-26,3,"Massachusetts","25"
2024-10-26,4,"Maryland","24"
2024-10-26,0,"Maine","23"
2024-10-26,14,"Michigan","26"
2024-10-26,4,"Minnesota","27"
2024-10-26,13,"Missouri","29"
2024-10-26,15,"Mississippi","28"
2024-10-26,0,"Montana","30"
2024-10-26,14,"North Carolina","37"
2024-10-26,2,"North Dakota","38"
2024-10-26,1,"Nebraska","31"
2024-10-26,1,"New Hampshire","33"
2024-10-26,28,"New Jersey","34"
2024-10-26,2,"New Mexico","35"
2024-10-26,11,"Nevada","32"
2024-10-26,15,"New York","36"
2024-10-26,17,"Ohio","39"
2024-10-26,3,"Oklahoma","40"
2024-10-26,7,"Oregon","41"
2024-10-26,97,"Pennsylvania","42"
2024-10-26,2,"Rhode Island","44"
2024-10-26,11,"South Carolina","45"
2024-10-26,0,"South Dakota","46"
2024-10-26,45,"Tennessee","47"
2024-10-26,102,"Texas","48"
2024-10-26,2,"Utah","49"
2024-10-26,16,"Virginia","51"
2024-10-26,0,"Vermont","50"
2024-10-26,2,"Washington","53"
2024-10-26,5,"Wisconsin","55"
2024-10-26,0,"West Virginia","54"
2024-10-26,0,"Wyoming","56"
2024-11-02,5,"Alaska","02"
2024-11-02,32,"Alabama","01"
2024-11-02,11,"Arkansas","05"
2024-11-02,146,"Arizona","04"
2024-11-02,144,"California","06"
2024-11-02,20,"Colorado","08"
2024-11-02,4,"Connecticut","09"
2024-11-02,3,"District of Columbia","11"
2024-11-02,1,"Delaware","10"
2024-11-02,359,"Florida","12"
2024-11-02,41,"Georgia","13"
2024-11-02,7,"Hawaii","15"
2024-11-02,4,"Iowa","19"
2024-11-02,8,"Idaho","16"
2024-11-02,36,"Illinois","17"
2024-11-02,28,"Indiana","18"
2024-11-02,7,"Kansas","20"
2024-11-02,16,"Kentucky","21"
2024-11-02,85,"Louisiana","22"
2024-11-02,30,"Massachusetts","25"
2024-11-02,9,"Maryland","24"
2024-11-02,1,"Maine","23"
2024-11-02,49,"Michigan","26"
2024-11-02,17,"Minnesota","27"
2024-11-02,30,"Missouri","29"
2024-11-02,23,"Mississippi","28"
2024-11-02,0,"Montana","30"
2024-11-02,27,"North Carolina","37"
2024-11-02,0,"North Dakota","38"
2024-11-02,4,"Nebraska","31"
2024-11-02,4,"New Hampshire","33"
2024-11-02,30,"New Jersey","34"
2024-11-02,16,"New Mexico","35"
2024-11-02,25,"Nevada","32"
2024-11-02,55,"New York","36"
2024-11-02,24,"Ohio","39"
2024-11-02,13,"Oklahoma","40"
2024-11-02,25,"Oregon","41"
2024-11-02,142,"Pennsylvania","42"
2024-11-02,3,"Rhode Island","44"
2024-11-02,21,"South Carolina","45"
2024-11-02,2,"South Dakota","46"
2024-11-02,80,"Tennessee","47"
2024-11-02,182,"Texas","48"
2024-11-02,7,"Utah","49"
2024-11-02,26,"Virginia","51"
2024-11-02,0,"Vermont","50"
2024-11-02,13,"Washington","53"
2024-11-02,12,"Wisconsin","55"
2024-11-02,6,"West Virginia","54"
2024-11-02,5,"Wyoming","56"
2024-11-09,9,"Alaska","02"
2024-11-09,44,"Alabama","01"
2024-11-09,13,"Arkansas","05"
2024-11-09,178,"Arizona","04"
2024-11-09,305,"California","06"
2024-11-09,29,"Colorado","08"
2024-11-09,5,"Connecticut","09"
2024-11-09,1,"District of Columbia","11"
2024-11-09,4,"Delaware","10"
2024-11-09,375,"Florida","12"
2024-11-09,43,"Georgia","13"
2024-11-09,15,"Hawaii","15"
2024-11-09,5,"Iowa","19"
2024-11-09,12,"Idaho","16"
2024-11-09,34,"Illinois","17"
2024-11-09,26,"Indiana","18"
2024-11-09,11,"Kansas","20"
2024-11-09,18,"Kentucky","21"
2024-11-09,84,"Louisiana","22"
2024-11-09,16,"Massachusetts","25"
2024-11-09,11,"Maryland","24"
2024-11-09,0,"Maine","23"
2024-11-09,57,"Michigan","26"
2024-11-09,8,"Minnesota","27"
2024-11-09,29,"Missouri","29"
2024-11-09,24,"Mississippi","28"
2024-11-09,4,"Montana","30"
2024-11-09,38,"North Carolina","37"
2024-11-09,1,"North Dakota","38"
2024-11-09,6,"Nebraska","31"
2024-11-09,4,"New Hampshire","33"
2024-11-09,37,"New Jersey","34"
2024-11-09,21,"New Mexico","35"
2024-11-09,43,"Nevada","32"
2024-11-09,63,"New York","36"
2024-11-09,40,"Ohio","39"
2024-11-09,13,"Oklahoma","40"
2024-11-09,35,"Oregon","41"
2024-11-09,111,"Pennsylvania","42"
2024-11-09,0,"Rhode Island","44"
2024-11-09,13,"South Carolina","45"
2024-11-09,0,"South Dakota","46"
2024-11-09,94,"Tennessee","47"
2024-11-09,223,"Texas","48"
2024-11-09,10,"Utah","49"
2024-11-09,26,"Virginia","51"
2024-11-09,3,"Vermont","50"
2024-11-09,22,"Washington","53"
2024-11-09,6,"Wisconsin","55"
2024-11-09,4,"West Virginia","54"
2024-11-09,4,"Wyoming","56"
2024-11-16,5,"Alaska","02"
2024-11-16,50,"Alabama","01"
2024-11-16,8,"Arkansas","05"
2024-11-16,243,"Arizona","04"
2024-11-16,453,"California","06"
2024-11-16,31,"Colorado","08"
2024-11-16,4,"Connecticut","09"
2024-11-16,8,"District of Columbia","11"
2024-11-16,7,"Delaware","10"
2024-11-16,422,"Florida","12"
2024-11-16,47,"Georgia","13"
2024-11-16,8,"Hawaii","15"
2024-11-16,4,"Iowa","19"
2024-11-16,31,"Idaho","16"
2024-11-16,87,"Illinois","17"
2024-11-16,32,"Indiana","18"
2024-11-16,17,"Kansas","20"
2024-11-16,19,"Kentucky","21"
2024-11-16,78,"Louisiana","22"
2024-11-16,45,"Massachusetts","25"
2024-11-16,16,"Maryland","24"
2024-11-16,0,"Maine","23"
2024-11-16,63,"Michigan","26"
2024-11-16,11,"Minnesota","27"
2024-11-16,40,"Missouri","29"
2024-11-16,35,"Mississippi","28"
2024-11-16,1,"Montana","30"
2024-11-16,31,"North Carolina","37"
2024-11-16,3,"North Dakota","38"
2024-11-16,4,"Nebraska","31"
2024-11-16,11,"New Hampshire","33"
2024-11-16,47,"New Jersey","34"
2024-11-16,28,"New Mexico","35"
2024-11-16,47,"Nevada","32"
2024-11-16,103,"New York","36"
2024-11-16,40,"Ohio","39"
2024-11-16,14,"Oklahoma","40"
2024-11-16,62,"Oregon","41"
2024-11-16,134,"Pennsylvania","42"
2024-11-16,2,"Rhode Island","44"
2024-11-16,12,"South Carolina","45"
2024-11-16,0,"South Dakota","46"
2024-11-16,58,"Tennessee","47"
2024-11-16,270,"Texas","48"
2024-11-16,20,"Utah","49"
2024-11-16,35,"Virginia","51"
2024-11-16,0,"Vermont","50"
2024-11-16,29,"Washington","53"
2024-11-16,18,"Wisconsin","55"
2024-11-16,4,"West Virginia","54"
2024-11-16,8,"Wyoming","56"
2024-11-23,9,"Alaska","02"
2024-11-23,65,"Alabama","01"
2024-11-23,12,"Arkansas","05"
2024-11-23,282,"Arizona","04"
2024-11-23,675,"California","06"
2024-11-23,67,"Colorado","08"
2024-11-23,10,"Connecticut","09"
2024-11-23,6,"District of Columbia","11"
2024-11-23,5,"Delaware","10"
2024-11-23,605,"Florida","12"
2024-11-23,56,"Georgia","13"
2024-11-23,14,"Hawaii","15"
2024-11-23,4,"Iowa","19"
2024-11-23,63,"Idaho","16"
2024-11-23,83,"Illinois","17"
2024-11-23,41,"Indiana","18"
2024-11-23,20,"Kansas","20"
2024-11-23,24,"Kentucky","21"
2024-11-23,141,"Louisiana","22"
2024-11-23,63,"Massachusetts","25"
2024-11-23,20,"Maryland","24"
2024-11-23,2,"Maine","23"
2024-11-23,69,"Michigan","26"
2024-11-23,18,"Minnesota","27"
2024-11-23,41,"Missouri","29"
2024-11-23,28,"Mississippi","28"
2024-11-23,2,"Montana","30"
2024-11-23,43,"North Carolina","37"
2024-11-23,1,"North Dakota","38"
2024-11-23,11,"Nebraska","31"
2024-11-23,14,"New Hampshire","33"
2024-11-23,67,"New Jersey","34"
2024-11-23,55,"New Mexico","35"
2024-11-23,61,"Nevada","32"
2024-11-23,145,"New York","36"
2024-11-23,55,"Ohio","39"
2024-11-23,40,"Oklahoma","40"
2024-11-23,80,"Oregon","41"
2024-11-23,115,"Pennsylvania","42"
2024-11-23,6,"Rhode Island","44"
2024-11-23,18,"South Carolina","45"
2024-11-23,5,"South Dakota","46"
2024-11-23,60,"Tennessee","47"
2024-11-23,403,"Texas","48"
2024-11-23,20,"Utah","49"
2024-11-23,46,"Virginia","51"
2024-11-23,3,"Vermont","50"
2024-11-23,46,"Washington","53"
2024-11-23,12,"Wisconsin","55"
2024-11-23,3,"West Virginia","54"
2024-11-23,4,"Wyoming","56"
2024-11-30,17,"Alaska","02"
2024-11-30,102,"Alabama","01"
2024-11-30,20,"Arkansas","05"
2024-11-30,369,"Arizona","04"
2024-11-30,1025,"California","06"
2024-11-30,90,"Colorado","08"
2024-11-30,13,"Connecticut","09"
2024-11-30,2,"District of Columbia","11"
2024-11-30,15,"Delaware","10"
2024-11-30,698,"Florida","12"
2024-11-30,88,"Georgia","13"
2024-11-30,20,"Hawaii","15"
2024-11-30,13,"Iowa","19"
2024-11-30,77,"Idaho","16"
2024-11-30,105,"Illinois","17"
2024-11-30,65,"Indiana","18"
2024-11-30,35,"Kansas","20"
2024-11-30,52,"Kentucky","21"
2024-11-30,160,"Louisiana","22"
2024-11-30,83,"Massachusetts","25"
2024-11-30,37,"Maryland","24"
2024-11-30,3,"Maine","23"
2024-11-30,99,"Michigan","26"
2024-11-30,40,"Minnesota","27"
2024-11-30,54,"Missouri","29"
2024-11-30,39,"Mississippi","28"
2024-11-30,2,"Montana","30"
2024-11-30,65,"North Carolina","37"
2024-11-30,2,"North Dakota","38"
2024-11-30,10,"Nebraska","31"
2024-11-30,14,"New Hampshire","33"
2024-11-30,109,"New Jersey","34"
2024-11-30,103,"New Mexico","35"
2024-11-30,81,"Nevada","32"
2024-11-30,274,"New York","36"
2024-11-30,91,"Ohio","39"
2024-11-30,40,"Oklahoma","40"
2024-11-30,118,"Oregon","41"
2024-11-30,175,"Pennsylvania","42"
2024-11-30,10,"Rhode Island","44"
2024-11-30,40,"South Carolina","45"
2024-11-30,1,"South Dakota","46"
2024-11-30,115,"Tennessee","47"
2024-11-30,531,"Texas","48"
2024-11-30,64,"Utah","49"
2024-11-30,68,"Virginia","51"
2024-11-30,0,"Vermont","50"
2024-11-30,78,"Washington","53"
2024-11-30,27,"Wisconsin","55"
2024-11-30,13,"West Virginia","54"
2024-11-30,5,"Wyoming","56"
2024-12-07,25,"Alaska","02"
2024-12-07,193,"Alabama","01"
2024-12-07,41,"Arkansas","05"
2024-12-07,460,"Arizona","04"
2024-12-07,1347,"California","06"
2024-12-07,127,"Colorado","08"
2024-12-07,24,"Connecticut","09"
2024-12-07,6,"District of Columbia","11"
2024-12-07,15,"Delaware","10"
2024-12-07,865,"Florida","12"
2024-12-07,214,"Georgia","13"
2024-12-07,34,"Hawaii","15"
2024-12-07,23,"Iowa","19"
2024-12-07,107,"Idaho","16"
2024-12-07,239,"Illinois","17"
2024-12-07,140,"Indiana","18"
2024-12-07,88,"Kansas","20"
2024-12-07,79,"Kentucky","21"
2024-12-07,252,"Louisiana","22"
2024-12-07,126,"Massachusetts","25"
2024-12-07,73,"Maryland","24"
2024-12-07,2,"Maine","23"
2024-12-07,170,"Michigan","26"
2024-12-07,92,"Minnesota","27"
2024-12-07,84,"Missouri","29"
2024-12-07,61,"Mississippi","28"
2024-12-07,6,"Montana","30"
2024-12-07,173,"North Carolina","37"
2024-12-07,0,"North Dakota","38"
2024-12-07,19,"Nebraska","31"
2024-12-07,21,"New Hampshire","33"
2024-12-07,174,"New Jersey","34"
2024-12-07,108,"New Mexico","35"
2024-12-07,113,"Nevada","32"
2024-12-07,426,"New York","36"
2024-12-07,151,"Ohio","39"
2024-12-07,57,"Oklahoma","40"
2024-12-07,197,"Oregon","41"
2024-12-07,267,"Pennsylvania","42"
2024-12-07,28,"Rhode Island","44"
2024-12-07,77,"South Carolina","45"
2024-12-07,8,"South Dakota","46"
2024-12-07,215,"Tennessee","47"
2024-12-07,708,"Texas","48"
2024-12-07,87,"Utah","49"
2024-12-07,140,"Virginia","51"
2024-12-07,8,"Vermont","50"
2024-12-07,181,"Washington","53"
2024-12-07,66,"Wisconsin","55"
2024-12-07,21,"West Virginia","54"
2024-12-07,31,"Wyoming","56"
2024-12-14,18,"Alaska","02"
2024-12-14,437,"Alabama","01"
2024-12-14,58,"Arkansas","05"
2024-12-14,687,"Arizona","04"
2024-12-14,2360,"California","06"
2024-12-14,179,"Colorado","08"
2024-12-14,41,"Connecticut","09"
2024-12-14,19,"District of Columbia","11"
2024-12-14,43,"Delaware","10"
2024-12-14,1234,"Florida","12"
2024-12-14,388,"Georgia","13"
2024-12-14,42,"Hawaii","15"
2024-12-14,42,"Iowa","19"
2024-12-14,185,"Idaho","16"
2024-12-14,488,"Illinois","17"
2024-12-14,275,"Indiana","18"
2024-12-14,120,"Kansas","20"
2024-12-14,193,"Kentucky","21"
2024-12-14,417,"Louisiana","22"
2024-12-14,137,"Massachusetts","25"
2024-12-14,131,"Maryland","24"
2024-12-14,10,"Maine","23"
2024-12-14,187,"Michigan","26"
2024-12-14,227,"Minnesota","27"
2024-12-14,245,"Missouri","29"
2024-12-14,94,"Mississippi","28"
2024-12-14,27,"Montana","30"
2024-12-14,292,"North Carolina","37"
2024-12-14,8,"North Dakota","38"
2024-12-14,78,"Nebraska","31"
2024-12-14,16,"New Hampshire","33"
2024-12-14,335,"New Jersey","34"
2024-12-14,207,"New Mexico","35"
2024-12-14,208,"Nevada","32"
2024-12-14,740,"New York","36"
2024-12-14,298,"Ohio","39"
2024-12-14,104,"Oklahoma","40"
2024-12-14,386,"Oregon","41"
2024-12-14,365,"Pennsylvania","42"
2024-12-14,23,"Rhode Island","44"
2024-12-14,160,"South Carolina","45"
2024-12-14,13,"South Dakota","46"
2024-12-14,372,"Tennessee","47"
2024-12-14,1167,"Texas","48"
2024-12-14,163,"Utah","49"
2024-12-14,187,"Virginia","51"
2024-12-14,8,"Vermont","50"
2024-12-14,412,"Washington","53"
2024-12-14,113,"Wisconsin","55"
2024-12-14,37,"West Virginia","54"
2024-12-14,14,"Wyoming","56"
2024-12-21,19,"Alaska","02"
2024-12-21,667,"Alabama","01"
2024-12-21,125,"Arkansas","05"
2024-12-21,1137,"Arizona","04"
2024-12-21,3397,"California","06"
2024-12-21,475,"Colorado","08"
2024-12-21,148,"Connecticut","09"
2024-12-21,33,"District of Columbia","11"
2024-12-21,96,"Delaware","10"
2024-12-21,2026,"Florida","12"
2024-12-21,772,"Georgia","13"
2024-12-21,57,"Hawaii","15"
2024-12-21,116,"Iowa","19"
2024-12-21,333,"Idaho","16"
2024-12-21,1136,"Illinois","17"
2024-12-21,586,"Indiana","18"
2024-12-21,224,"Kansas","20"
2024-12-21,475,"Kentucky","21"
2024-12-21,591,"Louisiana","22"
2024-12-21,256,"Massachusetts","25"
2024-12-21,178,"Maryland","24"
2024-12-21,30,"Maine","23"
2024-12-21,441,"Michigan","26"
2024-12-21,543,"Minnesota","27"
2024-12-21,606,"Missouri","29"
2024-12-21,212,"Mississippi","28"
2024-12-21,60,"Montana","30"
2024-12-21,608,"North Carolina","37"
2024-12-21,22,"North Dakota","38"
2024-12-21,129,"Nebraska","31"
2024-12-21,42,"New Hampshire","33"
2024-12-21,723,"New Jersey","34"
2024-12-21,232,"New Mexico","35"
2024-12-21,255,"Nevada","32"
2024-12-21,1539,"New York","36"
2024-12-21,698,"Ohio","39"
2024-12-21,283,"Oklahoma","40"
2024-12-21,549,"Oregon","41"
2024-12-21,1005,"Pennsylvania","42"
2024-12-21,45,"Rhode Island","44"
2024-12-21,327,"South Carolina","45"
2024-12-21,33,"South Dakota","46"
2024-12-21,747,"Tennessee","47"
2024-12-21,2037,"Texas","48"
2024-12-21,287,"Utah","49"
2024-12-21,349,"Virginia","51"
2024-12-21,19,"Vermont","50"
2024-12-21,525,"Washington","53"
2024-12-21,253,"Wisconsin","55"
2024-12-21,102,"West Virginia","54"
2024-12-21,90,"Wyoming","56"
2024-12-28,62,"Alaska","02"
2024-12-28,690,"Alabama","01"
2024-12-28,208,"Arkansas","05"
2024-12-28,1268,"Arizona","04"
2024-12-28,3513,"California","06"
2024-12-28,760,"Colorado","08"
2024-12-28,290,"Connecticut","09"
2024-12-28,96,"District of Columbia","11"
2024-12-28,185,"Delaware","10"
2024-12-28,2500,"Florida","12"
2024-12-28,1103,"Georgia","13"
2024-12-28,124,"Hawaii","15"
2024-12-28,166,"Iowa","19"
2024-12-28,238,"Idaho","16"
2024-12-28,1553,"Illinois","17"
2024-12-28,806,"Indiana","18"
2024-12-28,350,"Kansas","20"
2024-12-28,643,"Kentucky","21"
2024-12-28,604,"Louisiana","22"
2024-12-28,520,"Massachusetts","25"
2024-12-28,407,"Maryland","24"
2024-12-28,88,"Maine","23"
2024-12-28,564,"Michigan","26"
2024-12-28,948,"Minnesota","27"
2024-12-28,824,"Missouri","29"
2024-12-28,269,"Mississippi","28"
2024-12-28,69,"Montana","30"
2024-12-28,910,"North Carolina","37"
2024-12-28,56,"North Dakota","38"
2024-12-28,182,"Nebraska","31"
2024-12-28,97,"New Hampshire","33"
2024-12-28,1350,"New Jersey","34"
2024-12-28,304,"New Mexico","35"
2024-12-28,387,"Nevada","32"
2024-12-28,2500,"New York","36"
2024-12-28,1301,"Ohio","39"
2024-12-28,404,"Oklahoma","40"
2024-12-28,536,"Oregon","41"
2024-12-28,1675,"Pennsylvania","42"
2024-12-28,88,"Rhode Island","44"
2024-12-28,509,"South Carolina","45"
2024-12-28,45,"South Dakota","46"
2024-12-28,1058,"Tennessee","47"
2024-12-28,2512,"Texas","48"
2024-12-28,387,"Utah","49"
2024-12-28,624,"Virginia","51"
2024-12-28,33,"Vermont","50"
2024-12-28,491,"Washington","53"
2024-12-28,389,"Wisconsin","55"
2024-12-28,198,"West Virginia","54"
2024-12-28,121,"Wyoming","56"
2025-01-04,36,"Alaska","02"
2025-01-04,477,"Alabama","01"
2025-01-04,155,"Arkansas","05"
2025-01-04,841,"Arizona","04"
2025-01-04,3117,"California","06"
2025-01-04,499,"Colorado","08"
2025-01-04,277,"Connecticut","09"
2025-01-04,44,"District of Columbia","11"
2025-01-04,74,"Delaware","10"
2025-01-04,2296,"Florida","12"
2025-01-04,815,"Georgia","13"
2025-01-04,98,"Hawaii","15"
2025-01-04,259,"Iowa","19"
2025-01-04,143,"Idaho","16"
2025-01-04,1370,"Illinois","17"
2025-01-04,500,"Indiana","18"
2025-01-04,230,"Kansas","20"
2025-01-04,423,"Kentucky","21"
2025-01-04,460,"Louisiana","22"
2025-01-04,585,"Massachusetts","25"
2025-01-04,366,"Maryland","24"
2025-01-04,92,"Maine","23"
2025-01-04,449,"Michigan","26"
2025-01-04,888,"Minnesota","27"
2025-01-04,636,"Missouri","29"
2025-01-04,216,"Mississippi","28"
2025-01-04,65,"Montana","30"
2025-01-04,810,"North Carolina","37"
2025-01-04,38,"North Dakota","38"
2025-01-04,170,"Nebraska","31"
2025-01-04,69,"New Hampshire","33"
2025-01-04,1074,"New Jersey","34"
2025-01-04,239,"New Mexico","35"
2025-01-04,260,"Nevada","32"
2025-01-04,2172,"New York","36"
2025-01-04,970,"Ohio","39"
2025-01-04,205,"Oklahoma","40"
2025-01-04,319,"Oregon","41"
2025-01-04,1587,"Pennsylvania","42"
2025-01-04,69,"Rhode Island","44"
2025-01-04,430,"South Carolina","45"
2025-01-04,47,"South Dakota","46"
2025-01-04,678,"Tennessee","47"
2025-01-04,1985,"Texas","48"
2025-01-04,256,"Utah","49"
2025-01-04,425,"Virginia","51"
2025-01-04,35,"Vermont","50"
2025-01-04,529,"Washington","53"
2025-01-04,384,"Wisconsin","55"
2025-01-04,144,"West Virginia","54"
2025-01-04,62,"Wyoming","56"
2022-02-05,1164,"US","US"
2022-02-12,1493,"US","US"
2022-02-19,1603,"US","US"
2022-02-26,1791,"US","US"
2022-03-05,2097,"US","US"
2022-03-12,2626,"US","US"
2022-03-19,2919,"US","US"
2022-03-26,3008,"US","US"
2022-04-02,3149,"US","US"
2022-04-09,3308,"US","US"
2022-04-16,3474,"US","US"
2022-04-23,3182,"US","US"
2022-04-30,3175,"US","US"
2022-05-07,3119,"US","US"
2022-05-14,3134,"US","US"
2022-05-21,2738,"US","US"
2022-05-28,2678,"US","US"
2022-06-04,2210,"US","US"
2022-06-11,1776,"US","US"
2022-06-18,1366,"US","US"
2022-06-25,1073,"US","US"
2022-07-02,776,"US","US"
2022-07-09,766,"US","US"
2022-07-16,628,"US","US"
2022-07-23,522,"US","US"
2022-07-30,486,"US","US"
2022-08-06,490,"US","US"
2022-08-13,483,"US","US"
2022-08-20,483,"US","US"
2022-08-27,545,"US","US"
2022-09-03,576,"US","US"
2022-09-10,665,"US","US"
2022-09-17,796,"US","US"
2022-09-24,921,"US","US"
2022-10-01,1316,"US","US"
2022-10-08,1674,"US","US"
2022-10-15,2292,"US","US"
2022-10-22,4184,"US","US"
2022-10-29,6408,"US","US"
2022-11-05,8595,"US","US"
2022-11-12,10974,"US","US"
2022-11-19,18183,"US","US"
2022-11-26,26852,"US","US"
2022-12-03,24039,"US","US"
2022-12-10,21615,"US","US"
2022-12-17,19634,"US","US"
2022-12-24,19481,"US","US"
2022-12-31,14078,"US","US"
2023-01-07,7191,"US","US"
2023-01-14,4492,"US","US"
2023-01-21,3092,"US","US"
2023-01-28,2597,"US","US"
2023-02-04,2177,"US","US"
2023-02-11,1908,"US","US"
2023-02-18,1647,"US","US"
2023-02-25,1503,"US","US"
2023-03-04,1372,"US","US"
2023-03-11,1415,"US","US"
2023-03-18,1331,"US","US"
2023-03-25,1295,"US","US"
2023-04-01,1199,"US","US"
2023-04-08,1077,"US","US"
2023-04-15,982,"US","US"
2023-04-22,903,"US","US"
2023-04-29,994,"US","US"
2023-05-06,980,"US","US"
2023-05-13,1116,"US","US"
2023-05-20,974,"US","US"
2023-05-27,939,"US","US"
2023-06-03,935,"US","US"
2023-06-10,873,"US","US"
2023-06-17,813,"US","US"
2023-06-24,836,"US","US"
2023-07-01,699,"US","US"
2023-07-08,736,"US","US"
2023-07-15,645,"US","US"
2023-07-22,771,"US","US"
2023-07-29,690,"US","US"
2023-08-05,706,"US","US"
2023-08-12,738,"US","US"
2023-08-19,793,"US","US"
2023-08-26,875,"US","US"
2023-09-02,804,"US","US"
2023-09-09,821,"US","US"
2023-09-16,881,"US","US"
2023-09-23,1026,"US","US"
2023-09-30,1110,"US","US"
2023-10-07,1215,"US","US"
2023-10-14,1470,"US","US"
2023-10-21,1614,"US","US"
2023-10-28,2014,"US","US"
2023-11-04,2775,"US","US"
2023-11-11,3491,"US","US"
2023-11-18,4386,"US","US"
2023-11-25,5961,"US","US"
2023-12-02,7510,"US","US"
2023-12-09,10285,"US","US"
2023-12-16,15726,"US","US"
2023-12-23,21685,"US","US"
2023-12-30,19549,"US","US"
2024-01-06,15908,"US","US"
2024-01-13,13305,"US","US"
2024-01-20,13027,"US","US"
2024-01-27,11967,"US","US"
2024-02-03,11635,"US","US"
2024-02-10,11127,"US","US"
2024-02-17,10873,"US","US"
2024-02-24,10815,"US","US"
2024-03-02,9417,"US","US"
2024-03-09,7327,"US","US"
2024-03-16,6049,"US","US"
2024-03-23,5576,"US","US"
2024-03-30,5073,"US","US"
2024-04-06,4073,"US","US"
2024-04-13,2943,"US","US"
2024-04-20,2420,"US","US"
2024-04-27,1485,"US","US"
2024-05-04,852,"US","US"
2024-05-11,682,"US","US"
2024-05-18,611,"US","US"
2024-05-25,591,"US","US"
2024-06-01,511,"US","US"
2024-06-08,519,"US","US"
2024-06-15,441,"US","US"
2024-06-22,356,"US","US"
2024-06-29,342,"US","US"
2024-07-06,367,"US","US"
2024-07-13,325,"US","US"
2024-07-20,273,"US","US"
2024-07-27,276,"US","US"
2024-08-03,275,"US","US"
2024-08-10,275,"US","US"
2024-08-17,274,"US","US"
2024-08-24,262,"US","US"
2024-08-31,223,"US","US"
2024-09-07,319,"US","US"
2024-09-14,293,"US","US"
2024-09-21,223,"US","US"
2024-09-28,287,"US","US"
2024-10-05,270,"US","US"
2024-10-12,549,"US","US"
2024-10-19,937,"US","US"
2024-10-26,876,"US","US"
2024-11-02,1868,"US","US"
2024-11-09,2231,"US","US"
2024-11-16,2770,"US","US"
2024-11-23,3982,"US","US"
2024-11-30,5752,"US","US"
2024-12-07,8512,"US","US"
2024-12-14,14275,"US","US"
2024-12-21,25664,"US","US"
2024-12-28,35972,"US","US"
2025-01-04,29643,"US","US"
